time,open,high,low,close
1725148800000,58974.00000000,59076.59000000,58276.01000000,58524.21000000
1725163200000,58524.21000000,58599.98000000,57777.00000000,58478.64000000
1725177600000,58478.64000000,58504.81000000,57840.00000000,58240.52000000
1725192000000,58240.51000000,58360.38000000,57201.00000000,58217.00000000
1725206400000,58217.00000000,58788.93000000,57864.30000000,58514.00000000
1725220800000,58514.01000000,58656.77000000,57205.00000000,57301.86000000
1725235200000,57301.77000000,57767.14000000,57128.00000000,57742.01000000
1725249600000,57742.00000000,57987.99000000,57362.06000000,57547.99000000
1725264000000,57548.00000000,58680.76000000,57520.12000000,58422.01000000
1725278400000,58422.01000000,58808.00000000,58104.00000000,58537.99000000
1725292800000,58537.99000000,58666.64000000,58293.12000000,58439.99000000
1725307200000,58440.03000000,59425.69000000,58384.61000000,59132.13000000
1725321600000,59132.12000000,59809.65000000,59021.62000000,59110.99000000
1725336000000,59111.00000000,59259.00000000,58872.00000000,59112.00000000
1725350400000,59112.01000000,59195.63000000,58717.00000000,59072.00000000
1725364800000,59072.01000000,59350.00000000,57568.00000000,57725.00000000
1725379200000,57725.01000000,58251.09000000,57589.01000000,58046.00000000
1725393600000,58045.99000000,58247.00000000,57415.00000000,57487.73000000
1725408000000,57487.74000000,57943.53000000,55606.00000000,56653.98000000
1725422400000,56653.99000000,56881.00000000,56201.00000000,56746.00000000
1725436800000,56746.00000000,56909.94000000,56453.00000000,56573.00000000
1725451200000,56573.00000000,58181.43000000,56187.61000000,58134.00000000
1725465600000,58134.00000000,58519.00000000,57646.00000000,58058.01000000
1725480000000,58058.00000000,58390.00000000,57792.46000000,57970.90000000
1725494400000,57970.90000000,58327.07000000,56891.07000000,57135.42000000
1725508800000,57135.42000000,57291.10000000,56541.68000000,57155.10000000
1725523200000,57155.10000000,57232.00000000,56623.00000000,56698.01000000
1725537600000,56698.01000000,57350.00000000,55817.51000000,55976.01000000
1725552000000,55976.01000000,56710.00000000,55800.00000000,56060.01000000
1725566400000,56060.00000000,56259.97000000,55643.65000000,56180.00000000
1725580800000,56180.00000000,56858.88000000,55989.00000000,56588.00000000
1725595200000,56588.01000000,56747.91000000,55280.00000000,55804.29000000
1725609600000,55804.28000000,56262.11000000,55639.00000000,55999.09000000
1725624000000,55999.09000000,57008.00000000,53808.00000000,54045.01000000
1725638400000,54045.00000000,54435.00000000,53267.54000000,53534.28000000
1725652800000,53534.27000000,53969.99000000,52550.00000000,53962.97000000
1725667200000,53962.97000000,54095.65000000,53745.54000000,53818.91000000
1725681600000,53818.92000000,54405.37000000,53814.00000000,54286.00000000
1725696000000,54286.00000000,54492.98000000,54168.23000000,54326.00000000
1725710400000,54326.01000000,54829.00000000,54326.00000000,54780.00000000
1725724800000,54780.00000000,54850.00000000,54000.00000000,54404.01000000
1725739200000,54404.01000000,54437.97000000,53814.01000000,54160.86000000
1725753600000,54160.86000000,54509.00000000,53964.00000000,54402.99000000
1725768000000,54402.98000000,54575.00000000,54261.10000000,54436.25000000
1725782400000,54436.25000000,54722.85000000,54356.00000000,54556.08000000
1725796800000,54556.08000000,54567.00000000,53640.00000000,53687.00000000
1725811200000,53686.99000000,54531.10000000,53629.01000000,54337.01000000
1725825600000,54337.02000000,55318.00000000,54184.00000000,54869.95000000
1725840000000,54869.95000000,55370.23000000,54688.69000000,55115.00000000
1725854400000,55115.00000000,55150.00000000,54591.96000000,54974.01000000
1725868800000,54974.01000000,55555.00000000,54960.00000000,55264.87000000
1725883200000,55264.87000000,55799.00000000,54804.00000000,55386.00000000
1725897600000,55385.99000000,57177.00000000,55348.54000000,57089.54000000
1725912000000,57089.53000000,58088.00000000,56810.00000000,57042.00000000
1725926400000,57042.01000000,57065.34000000,56522.86000000,56524.74000000
1725940800000,56524.74000000,57290.00000000,56386.40000000,57218.57000000
1725955200000,57218.56000000,57378.00000000,56878.65000000,57228.00000000
1725969600000,57228.01000000,57468.98000000,56502.31000000,56596.00000000
1725984000000,56596.01000000,58044.36000000,56566.00000000,57952.01000000
1725998400000,57952.01000000,57975.99000000,57453.00000000,57635.99000000
1726012800000,57635.99000000,57750.00000000,56681.32000000,56819.55000000
1726027200000,56819.56000000,56819.56000000,56100.00000000,56712.00000000
1726041600000,56712.01000000,56895.82000000,56325.70000000,56797.99000000
1726056000000,56798.00000000,57166.66000000,55545.19000000,56701.23000000
1726070400000,56701.22000000,57981.71000000,56646.00000000,57585.50000000
1726084800000,57585.50000000,57676.83000000,57211.10000000,57338.00000000
1726099200000,57338.00000000,58470.01000000,57324.00000000,58232.72000000
1726113600000,58232.73000000,58430.56000000,57836.28000000,58138.16000000
1726128000000,58138.15000000,58350.00000000,57894.00000000,58057.99000000
1726142400000,58058.00000000,58588.00000000,57345.23000000,57512.03000000
1726156800000,57512.03000000,58450.99000000,57494.01000000,58388.00000000
1726171200000,58388.00000000,58388.00000000,57781.10000000,58132.32000000
1726185600000,58132.31000000,58290.40000000,57798.49000000,57845.97000000
1726200000000,57845.97000000,58137.68000000,57742.00000000,58109.31000000
1726214400000,58109.31000000,58350.00000000,57815.00000000,57871.10000000
1726228800000,57871.10000000,59723.97000000,57632.62000000,59667.38000000
1726243200000,59666.01000000,59999.00000000,59312.01000000,59743.99000000
1726257600000,59743.99000000,60625.00000000,59633.40000000,60498.00000000
1726272000000,60497.99000000,60610.45000000,60285.55000000,60329.37000000
1726286400000,60329.38000000,60348.24000000,59900.00000000,60138.14000000
1726300800000,60138.14000000,60156.00000000,59605.98000000,59706.39000000
1726315200000,59706.40000000,60010.00000000,59626.01000000,59876.00000000
1726329600000,59875.99000000,59983.39000000,59400.00000000,59810.00000000
1726344000000,59810.01000000,60134.13000000,59774.00000000,59993.03000000
1726358400000,59993.02000000,60280.06000000,59986.01000000,60155.93000000
1726372800000,60155.93000000,60216.00000000,60032.90000000,60196.00000000
1726387200000,60195.99000000,60204.00000000,59880.00000000,60000.51000000
1726401600000,60000.51000000,60395.80000000,59871.00000000,60335.41000000
1726416000000,60335.41000000,60352.65000000,59707.08000000,59878.22000000
1726430400000,59878.23000000,59939.10000000,58691.05000000,59132.00000000
1726444800000,59132.00000000,59210.70000000,58112.00000000,58575.09000000
1726459200000,58575.09000000,58970.00000000,58312.54000000,58911.10000000
1726473600000,58911.10000000,59179.35000000,58506.00000000,58663.99000000
1726488000000,58664.00000000,58789.93000000,57553.38000000,57881.69000000
1726502400000,57881.70000000,58263.84000000,57493.30000000,57943.99000000
1726516800000,57943.99000000,58410.00000000,57608.00000000,58213.99000000
1726531200000,58213.99000000,58343.99000000,57610.01000000,58060.00000000
1726545600000,58060.00000000,58779.08000000,58028.00000000,58695.39000000
1726560000000,58695.39000000,59300.00000000,58636.36000000,59080.99000000
1726574400000,59080.99000000,61320.00000000,58872.02000000,61135.50000000
1726588800000,61135.49000000,61261.00000000,59618.26000000,59967.99000000
1726603200000,59967.98000000,60424.25000000,59715.42000000,60313.99000000
1726617600000,60313.99000000,60769.00000000,59854.60000000,60509.99000000
1726632000000,60510.00000000,60689.62000000,60199.68000000,60428.01000000
1726646400000,60428.01000000,60428.01000000,59348.88000000,59846.00000000
1726660800000,59846.00000000,60160.00000000,59308.61000000,59429.18000000
1726675200000,59429.19000000,61318.60000000,59174.80000000,60057.99000000
1726689600000,60057.99000000,61786.24000000,59473.68000000,61759.99000000
1726704000000,61759.98000000,62589.52000000,61555.00000000,62117.99000000
1726718400000,62117.98000000,62179.99000000,61814.00000000,62093.99000000
1726732800000,62094.00000000,62727.52000000,61888.18000000,62645.44000000
1726747200000,62645.44000000,63500.84000000,62582.14000000,63154.04000000
1726761600000,63154.03000000,63850.00000000,62940.00000000,63251.99000000
1726776000000,63251.99000000,63254.14000000,62650.00000000,62947.99000000
1726790400000,62948.00000000,63750.00000000,62606.00000000,63742.16000000
1726804800000,63742.15000000,64133.32000000,63390.32000000,63524.80000000
1726819200000,63524.81000000,63700.00000000,63090.43000000,63440.00000000
1726833600000,63440.01000000,63544.37000000,62553.90000000,63153.99000000
1726848000000,63153.99000000,63282.00000000,62350.00000000,62809.13000000
1726862400000,62809.13000000,63300.00000000,62709.30000000,63201.05000000
1726876800000,63201.05000000,63310.37000000,62816.47000000,62889.57000000
1726891200000,62889.58000000,63134.00000000,62758.00000000,63091.02000000
1726905600000,63091.02000000,63136.00000000,62966.01000000,63089.77000000
1726920000000,63089.76000000,63306.00000000,63036.92000000,63167.98000000
1726934400000,63167.98000000,63400.00000000,63086.00000000,63203.59000000
1726948800000,63203.59000000,63559.90000000,63058.00000000,63348.96000000
1726963200000,63348.97000000,63450.00000000,62830.01000000,63106.00000000
1726977600000,63106.00000000,63200.00000000,62838.00000000,62936.00000000
1726992000000,62936.00000000,63034.99000000,62544.94000000,62784.00000000
1727006400000,62784.00000000,62930.00000000,62429.16000000,62652.12000000
1727020800000,62652.12000000,63229.50000000,62468.01000000,63160.00000000
1727035200000,63160.00000000,64000.00000000,62357.93000000,63578.76000000
1727049600000,63578.76000000,64745.88000000,62538.75000000,64354.00000000
1727064000000,64354.00000000,64455.13000000,63400.00000000,63548.82000000
1727078400000,63548.83000000,63710.00000000,63300.00000000,63435.04000000
1727092800000,63435.03000000,63806.00000000,63059.93000000,63618.00000000
1727107200000,63617.99000000,63825.96000000,63098.97000000,63298.56000000
1727121600000,63300.01000000,63489.00000000,63088.69000000,63339.99000000
1727136000000,63339.99000000,63401.21000000,62700.00000000,63124.00000000
1727150400000,63124.01000000,63569.99000000,62900.00000000,63559.92000000
1727164800000,63559.93000000,63948.00000000,63380.00000000,63478.34000000
1727179200000,63478.35000000,63768.00000000,62731.10000000,63159.99000000
1727193600000,63159.99000000,64375.00000000,63088.02000000,64292.34000000
1727208000000,64292.35000000,64688.00000000,63966.66000000,64262.70000000
1727222400000,64262.70000000,64817.99000000,63990.41000000,64460.00000000
1727236800000,64460.01000000,64460.23000000,63645.49000000,63843.33000000
1727251200000,63843.34000000,63915.07000000,63407.70000000,63838.01000000
1727265600000,63838.01000000,63999.00000000,63283.37000000,63495.66000000
1727280000000,63495.66000000,63670.00000000,63000.00000000,63181.50000000
1727294400000,63181.51000000,63551.81000000,62947.08000000,63152.01000000
1727308800000,63152.01000000,63544.00000000,62670.00000000,63514.34000000
1727323200000,63514.35000000,63874.41000000,63340.00000000,63852.07000000
1727337600000,63852.07000000,64500.00000000,63595.67000000,64393.99000000
1727352000000,64393.98000000,65550.00000000,64150.00000000,65229.03000000
1727366400000,65229.03000000,65839.00000000,64693.26000000,64711.06000000
1727380800000,64711.07000000,65244.00000000,64633.52000000,65173.99000000
1727395200000,65173.99000000,65425.00000000,64819.90000000,65366.01000000
1727409600000,65366.01000000,65550.00000000,65099.99000000,65460.02000000
1727424000000,65460.02000000,65986.00000000,65342.78000000,65437.35000000
1727438400000,65437.36000000,66498.00000000,65314.31000000,66006.01000000
1727452800000,66006.01000000,66360.00000000,65524.00000000,65657.99000000
1727467200000,65657.99000000,65962.00000000,65625.00000000,65769.95000000
1727481600000,65769.95000000,66260.00000000,65720.00000000,66063.76000000
1727496000000,66063.76000000,66087.00000000,65738.00000000,65824.01000000
1727510400000,65824.01000000,65824.01000000,65453.00000000,65798.01000000
1727524800000,65798.01000000,65816.00000000,65422.23000000,65619.13000000
1727539200000,65619.14000000,65823.08000000,65492.59000000,65724.00000000
1727553600000,65724.00000000,65982.16000000,65432.00000000,65858.00000000
1727568000000,65858.00000000,65984.00000000,65647.28000000,65815.92000000
1727582400000,65815.93000000,65815.93000000,65432.00000000,65477.01000000
1727596800000,65477.01000000,65720.00000000,65433.00000000,65691.92000000
1727611200000,65691.92000000,65850.00000000,65576.21000000,65751.34000000
1727625600000,65751.34000000,65972.17000000,65654.01000000,65958.82000000
1727640000000,65958.81000000,66076.12000000,65528.00000000,65602.01000000
1727654400000,65602.01000000,65618.80000000,64190.00000000,64553.68000000
1727668800000,64553.68000000,64750.01000000,64310.00000000,64562.01000000
1727683200000,64562.01000000,64576.01000000,63249.68000000,63819.44000000
1727697600000,63819.45000000,64161.08000000,63508.00000000,63561.41000000
1727712000000,63561.42000000,63738.25000000,63056.00000000,63488.00000000
1727726400000,63488.00000000,63860.00000000,62856.30000000,63327.59000000
1727740800000,63327.60000000,63744.00000000,63006.70000000,63723.48000000
1727755200000,63723.47000000,64130.63000000,63652.06000000,64045.92000000
1727769600000,64045.92000000,64118.00000000,63707.89000000,63734.00000000
1727784000000,63734.01000000,63809.97000000,61814.01000000,62628.85000000
1727798400000,62628.85000000,62778.73000000,61092.00000000,61755.99000000
1727812800000,61755.99000000,61760.74000000,60164.00000000,60805.78000000
1727827200000,60804.92000000,61883.00000000,60733.81000000,61750.47000000
1727841600000,61750.46000000,61940.00000000,61350.00000000,61727.40000000
1727856000000,61727.39000000,61914.34000000,60888.88000000,61164.01000000
1727870400000,61164.01000000,61926.90000000,60524.21000000,61874.01000000
1727884800000,61874.01000000,62390.31000000,60000.00000000,60190.01000000
1727899200000,60190.01000000,60999.24000000,60128.00000000,60649.28000000
1727913600000,60649.27000000,61464.00000000,60536.00000000,61463.99000000
1727928000000,61464.00000000,61477.19000000,60814.12000000,60926.00000000
1727942400000,60926.00000000,61070.47000000,60126.56000000,60764.74000000
1727956800000,60764.73000000,60900.00000000,59828.11000000,60641.50000000
1727971200000,60641.50000000,61058.00000000,59917.02000000,61036.00000000
1727985600000,61036.00000000,61100.00000000,60596.40000000,60752.71000000
1728000000000,60752.72000000,61272.73000000,60459.90000000,60951.99000000
1728014400000,60951.99000000,61544.98000000,60936.66000000,61443.64000000
1728028800000,61443.64000000,61646.27000000,61266.42000000,61449.84000000
1728043200000,61449.84000000,62004.48000000,60753.97000000,61873.04000000
1728057600000,61873.05000000,62468.00000000,61644.01000000,62368.00000000
1728072000000,62368.00000000,62484.85000000,61965.14000000,62086.00000000
1728086400000,62086.00000000,62214.00000000,61689.26000000,61861.99000000
1728100800000,61861.99000000,62268.28000000,61824.01000000,62076.19000000
1728115200000,62076.20000000,62326.48000000,62076.19000000,62180.00000000
1728129600000,62179.99000000,62370.56000000,62100.00000000,62167.66000000
1728144000000,62167.65000000,62180.00000000,61790.00000000,61848.48000000
1728158400000,61848.48000000,62100.00000000,61700.00000000,62058.00000000
1728172800000,62058.01000000,62150.00000000,61876.00000000,61878.66000000
1728187200000,61878.66000000,62010.00000000,61798.97000000,61949.01000000
1728201600000,61949.01000000,62176.75000000,61922.00000000,62101.92000000
1728216000000,62101.92000000,62777.00000000,62065.31000000,62720.01000000
1728230400000,62720.01000000,62975.00000000,62550.00000000,62631.38000000
1728244800000,62631.38000000,62912.33000000,62302.00000000,62819.91000000
1728259200000,62819.91000000,63970.19000000,62657.44000000,63530.51000000
1728273600000,63530.51000000,63753.91000000,63300.48000000,63531.99000000
1728288000000,63532.00000000,63706.00000000,62649.95000000,63135.44000000
1728302400000,63135.45000000,64478.19000000,62825.37000000,63651.60000000
1728316800000,63651.59000000,63906.57000000,62735.90000000,63382.00000000
1728331200000,63381.99000000,63410.00000000,62128.00000000,62224.00000000
1728345600000,62224.01000000,62820.00000000,62156.02000000,62629.80000000
1728360000000,62629.80000000,62778.04000000,62005.00000000,62319.99000000
1728374400000,62319.99000000,62670.16000000,62193.63000000,62624.01000000
1728388800000,62624.02000000,63200.00000000,61864.89000000,62288.01000000
1728403200000,62288.01000000,62598.00000000,61860.31000000,62245.53000000
1728417600000,62245.99000000,62565.95000000,62026.13000000,62160.49000000
1728432000000,62160.50000000,62494.00000000,62002.50000000,62394.07000000
1728446400000,62394.07000000,62543.75000000,62200.00000000,62276.78000000
1728460800000,62276.79000000,62287.07000000,62046.69000000,62200.00000000
1728475200000,62199.99000000,62412.09000000,61634.61000000,62316.00000000
1728489600000,62316.00000000,62350.00000000,60835.00000000,61031.98000000
1728504000000,61031.99000000,61122.53000000,60301.00000000,60636.02000000
1728518400000,60636.01000000,60956.00000000,60355.00000000,60865.29000000
1728532800000,60865.29000000,61149.58000000,60814.90000000,60900.00000000
1728547200000,60900.01000000,61321.68000000,60630.71000000,61262.00000000
1728561600000,61262.01000000,61320.00000000,60444.99000000,60789.36000000
1728576000000,60789.36000000,61030.31000000,58946.00000000,59727.28000000
1728590400000,59727.27000000,60329.27000000,59586.29000000,60326.39000000
1728604800000,60326.40000000,60768.64000000,60087.64000000,60614.00000000
1728619200000,60614.01000000,60925.16000000,60578.00000000,60674.69000000
1728633600000,60674.68000000,61263.40000000,60650.44000000,61174.87000000
1728648000000,61174.88000000,62450.00000000,61129.72000000,62259.05000000
1728662400000,62259.04000000,63417.56000000,62123.00000000,63086.01000000
1728676800000,63086.00000000,63160.00000000,62357.70000000,62540.00000000
1728691200000,62539.99000000,63073.78000000,62487.23000000,62568.00000000
1728705600000,62568.00000000,62800.00000000,62565.51000000,62767.57000000
1728720000000,62767.57000000,63260.53000000,62672.34000000,62936.91000000
1728734400000,62936.91000000,63480.00000000,62824.03000000,63157.49000000
1728748800000,63157.50000000,63400.00000000,62911.00000000,63000.01000000
1728763200000,63000.01000000,63388.00000000,63000.00000000,63206.22000000
1728777600000,63206.23000000,63285.72000000,62654.91000000,62712.31000000
1728792000000,62712.31000000,62990.00000000,62707.21000000,62843.48000000
1728806400000,62843.48000000,62962.00000000,62520.18000000,62561.33000000
1728820800000,62561.34000000,62818.00000000,62050.00000000,62229.31000000
1728835200000,62229.32000000,62887.78000000,62177.67000000,62734.32000000
1728849600000,62734.31000000,63125.00000000,62610.67000000,62870.02000000
1728864000000,62870.02000000,64392.49000000,62457.81000000,64299.99000000
1728878400000,64300.00000000,64686.00000000,63778.62000000,64620.87000000
1728892800000,64620.87000000,65188.57000000,64340.98000000,64920.06000000
1728907200000,64920.05000000,66299.93000000,64660.56000000,65870.00000000
1728921600000,65870.00000000,66072.30000000,65459.00000000,65939.40000000
1728936000000,65939.41000000,66500.00000000,65730.00000000,66083.99000000
1728950400000,66084.00000000,66330.00000000,65324.40000000,65400.00000000
1728964800000,65399.99000000,65846.00000000,65201.00000000,65638.74000000
1728979200000,65638.74000000,65850.00000000,65280.00000000,65399.69000000
1728993600000,65399.68000000,67950.00000000,64800.01000000,66022.00000000
1729008000000,66022.01000000,67390.89000000,65982.55000000,66970.18000000
1729022400000,66970.18000000,67156.47000000,66130.64000000,67074.14000000
1729036800000,67074.14000000,67561.04000000,66750.49000000,67095.98000000
1729051200000,67095.99000000,67361.41000000,66775.67000000,66972.53000000
1729065600000,66972.53000000,68424.00000000,66917.52000000,67894.72000000
1729080000000,67894.73000000,68308.91000000,67117.18000000,67749.99000000
1729094400000,67750.00000000,68100.00000000,67482.00000000,67728.00000000
1729108800000,67728.01000000,67954.03000000,67500.00000000,67620.01000000
1729123200000,67620.00000000,67939.40000000,67406.99000000,67601.40000000
1729137600000,67601.40000000,67601.40000000,67087.35000000,67303.18000000
1729152000000,67303.18000000,67530.01000000,66741.09000000,66872.43000000
1729166400000,66872.44000000,67680.00000000,66666.00000000,67590.66000000
1729180800000,67590.67000000,67590.67000000,66720.00000000,66840.00000000
1729195200000,66840.00000000,67480.00000000,66827.68000000,67421.78000000
1729209600000,67421.78000000,68260.92000000,67192.36000000,67555.40000000
1729224000000,67555.41000000,68378.95000000,67544.00000000,67969.70000000
1729238400000,67969.69000000,68050.00000000,67674.98000000,67702.00000000
1729252800000,67702.00000000,68870.68000000,67642.71000000,68735.35000000
1729267200000,68735.34000000,69000.00000000,68360.00000000,68608.01000000
1729281600000,68608.01000000,68690.00000000,68204.10000000,68428.00000000
1729296000000,68427.99000000,68693.26000000,68303.03000000,68450.01000000
1729310400000,68450.00000000,68560.00000000,68302.31000000,68346.54000000
1729324800000,68346.54000000,68475.70000000,68090.30000000,68090.30000000
1729339200000,68090.30000000,68350.00000000,68088.00000000,68226.93000000
1729353600000,68226.94000000,68242.43000000,68010.00000000,68181.98000000
1729368000000,68181.98000000,68413.96000000,68168.45000000,68378.00000000
1729382400000,68377.99000000,68446.00000000,68100.00000000,68188.00000000
1729396800000,68188.01000000,68433.50000000,68176.26000000,68378.00000000
1729411200000,68378.01000000,68500.00000000,68355.00000000,68420.01000000
1729425600000,68420.01000000,68772.70000000,68198.22000000,68625.99000000
1729440000000,68625.99000000,68660.00000000,68422.00000000,68508.29000000
1729454400000,68508.30000000,69400.00000000,68461.93000000,69031.99000000
1729468800000,69032.00000000,69519.52000000,68588.51000000,68939.99000000
1729483200000,68940.00000000,69185.18000000,68488.33000000,68514.00000000
1729497600000,68513.99000000,68661.00000000,68119.01000000,68238.01000000
1729512000000,68238.00000000,68328.68000000,66840.67000000,67341.02000000
1729526400000,67341.02000000,67941.17000000,66894.00000000,67763.00000000
1729540800000,67763.99000000,67933.79000000,67366.66000000,67377.50000000
1729555200000,67377.50000000,67694.92000000,66571.42000000,67390.02000000
1729569600000,67390.01000000,67800.00000000,67278.02000000,67402.00000000
1729584000000,67402.00000000,67526.67000000,66740.00000000,67299.15000000
1729598400000,67299.15000000,67693.34000000,66644.18000000,67282.27000000
1729612800000,67282.27000000,67635.72000000,66920.00000000,67482.98000000
1729627200000,67482.99000000,67836.01000000,67292.00000000,67426.00000000
1729641600000,67426.01000000,67472.83000000,66890.00000000,67082.10000000
1729656000000,67082.10000000,67302.83000000,66800.00000000,66852.34000000
1729670400000,66852.33000000,67048.00000000,66200.00000000,66414.00000000
1729684800000,66414.00000000,66910.15000000,65923.01000000,66223.44000000
1729699200000,66223.45000000,66573.58000000,65260.00000000,66472.00000000
1729713600000,66472.00000000,66807.37000000,66338.99000000,66668.65000000
1729728000000,66668.65000000,67612.12000000,66510.00000000,67213.16000000
1729742400000,67213.16000000,67479.55000000,67068.75000000,67123.08000000
1729756800000,67123.09000000,67322.26000000,66700.00000000,67285.99000000
1729771200000,67286.00000000,67998.00000000,67262.00000000,67701.22000000
1729785600000,67701.21000000,68323.00000000,67350.01000000,68309.79000000
1729800000000,68309.79000000,68850.00000000,67978.04000000,68198.28000000
1729814400000,68198.27000000,68286.56000000,67836.00000000,68008.00000000
1729828800000,68007.99000000,68045.36000000,67250.00000000,67531.97000000
1729843200000,67531.96000000,68183.78000000,67286.28000000,68105.79000000
1729857600000,68105.79000000,68771.49000000,67429.87000000,67690.01000000
1729872000000,67690.01000000,67890.52000000,66006.60000000,66850.00000000
1729886400000,66849.99000000,67392.52000000,65596.29000000,66698.33000000
1729900800000,66698.32000000,67050.20000000,66439.90000000,66914.00000000
1729915200000,66914.00000000,67240.02000000,66784.26000000,67007.99000000
1729929600000,67007.99000000,67264.34000000,66953.02000000,67138.00000000
1729944000000,67138.00000000,67180.00000000,66744.00000000,66886.49000000
1729958400000,66886.49000000,67181.82000000,66788.00000000,67177.99000000
1729972800000,67178.00000000,67454.55000000,67084.00000000,67092.76000000
1729987200000,67092.76000000,67325.46000000,66913.73000000,67289.57000000
1730001600000,67289.57000000,67317.78000000,67120.00000000,67204.01000000
1730016000000,67204.00000000,67266.49000000,67036.85000000,67128.04000000
1730030400000,67128.03000000,67858.00000000,67121.45000000,67791.99000000
1730044800000,67792.00000000,68000.00000000,67540.88000000,67850.00000000
1730059200000,67850.00000000,68332.05000000,67688.09000000,68021.70000000
1730073600000,68021.69000000,68116.78000000,67677.77000000,67727.59000000
1730088000000,67727.59000000,68680.00000000,67618.00000000,68415.52000000
1730102400000,68415.52000000,68833.57000000,68238.81000000,68753.78000000
1730116800000,68753.78000000,69280.00000000,68426.67000000,68494.20000000
1730131200000,68494.20000000,69900.00000000,68452.54000000,69629.98000000
1730145600000,69629.99000000,70270.00000000,69427.79000000,69962.21000000
1730160000000,69962.21000000,71587.88000000,69760.00000000,70938.14000000
1730174400000,70938.15000000,71370.00000000,70837.83000000,71017.97000000
1730188800000,71017.96000000,71578.95000000,70974.00000000,71452.01000000
1730203200000,71452.02000000,72429.99000000,70929.00000000,72402.01000000
1730217600000,72402.00000000,73620.12000000,72350.70000000,72536.16000000
1730232000000,72536.38000000,72978.90000000,71864.65000000,72736.42000000
1730246400000,72736.41000000,72785.72000000,72000.01000000,72234.00000000
1730260800000,72234.00000000,72610.00000000,72100.00000000,72227.99000000
1730275200000,72227.99000000,72604.97000000,71926.82000000,71983.99000000
1730289600000,71984.00000000,72470.00000000,71436.00000000,72061.34000000
1730304000000,72061.34000000,72197.50000000,71641.77000000,71822.01000000
1730318400000,71822.01000000,72961.00000000,71644.19000000,72344.74000000
1730332800000,72344.75000000,72599.99000000,72030.08000000,72353.74000000
1730347200000,72353.75000000,72478.00000000,72150.00000000,72417.19000000
1730361600000,72417.19000000,72700.00000000,72149.79000000,72226.00000000
1730376000000,72226.00000000,72276.00000000,70431.77000000,70620.00000000
1730390400000,70620.01000000,70949.51000000,70036.00000000,70092.07000000
1730404800000,70092.07000000,70654.76000000,69685.76000000,70292.01000000
1730419200000,70292.01000000,70470.00000000,68830.00000000,69369.99000000
1730433600000,69369.99000000,69699.14000000,69080.00000000,69273.70000000
1730448000000,69273.70000000,70228.00000000,69237.26000000,70002.01000000
1730462400000,70002.01000000,71632.95000000,69044.00000000,69387.77000000
1730476800000,69387.78000000,70515.16000000,68820.14000000,69268.00000000
1730491200000,69268.00000000,69627.00000000,68854.50000000,69496.01000000
1730505600000,69496.00000000,69914.37000000,69479.91000000,69599.99000000
1730520000000,69599.99000000,69823.94000000,69446.00000000,69813.91000000
1730534400000,69813.91000000,69838.62000000,69417.88000000,69608.00000000
1730548800000,69608.00000000,69711.59000000,69000.14000000,69393.17000000
1730563200000,69393.18000000,69616.00000000,69215.00000000,69510.00000000
1730577600000,69510.00000000,69571.99000000,69149.00000000,69374.74000000
1730592000000,69374.74000000,69391.00000000,67864.16000000,68379.89000000
1730606400000,68379.90000000,68771.58000000,68303.99000000,68397.42000000
1730620800000,68397.42000000,68603.58000000,68200.01000000,68358.86000000
1730635200000,68358.86000000,68560.00000000,67478.73000000,68090.90000000
1730649600000,68090.91000000,68693.81000000,67667.21000000,68679.00000000
1730664000000,68679.00000000,69358.00000000,68492.82000000,68775.99000000
1730678400000,68775.99000000,69500.00000000,68240.61000000,69047.86000000
1730692800000,69047.86000000,69401.55000000,68618.00000000,68618.00000000
1730707200000,68618.00000000,69036.00000000,68470.00000000,68792.71000000
1730721600000,68792.72000000,69264.52000000,68202.99000000,68646.01000000
1730736000000,68646.01000000,68814.32000000,67251.50000000,67856.00000000
1730750400000,67856.01000000,68106.07000000,66835.00000000,67850.01000000
1730764800000,67850.01000000,68255.00000000,67476.63000000,68243.00000000
1730779200000,68243.01000000,68976.00000000,68218.51000000,68893.99000000
1730793600000,68894.00000000,69100.00000000,68615.11000000,68810.03000000
1730808000000,68810.03000000,70325.06000000,68666.00000000,69639.99000000
1730822400000,69640.00000000,70577.91000000,68732.77000000,68995.99000000
1730836800000,68995.99000000,69898.02000000,68786.91000000,69372.01000000
1730851200000,69372.01000000,75000.00000000,69298.00000000,74348.53000000
1730865600000,74348.53000000,75407.10000000,72727.00000000,73370.89000000
1730880000000,73370.89000000,74475.47000000,72656.31000000,74272.01000000
1730894400000,74272.00000000,74757.58000000,73488.00000000,74298.00000000
1730908800000,74297.99000000,75850.00000000,74150.00000000,75823.55000000
1730923200000,75823.55000000,76400.00000000,75507.10000000,75571.99000000
1730937600000,75571.99000000,76022.79000000,75003.83000000,75048.01000000
1730952000000,75048.01000000,75048.01000000,74416.00000000,74757.58000000
1730966400000,74757.58000000,75150.11000000,74649.54000000,74746.00000000
1730980800000,74745.99000000,76059.69000000,74512.19000000,76059.69000000
1730995200000,76059.68000000,76718.99000000,75555.17000000,76530.39000000
1731009600000,76530.40000000,76849.99000000,75494.00000000,75857.89000000
1731024000000,75857.89000000,76358.00000000,75555.00000000,75890.79000000
1731038400000,75890.79000000,76220.00000000,75686.00000000,76148.49000000
1731052800000,76148.49000000,76320.00000000,75760.00000000,75934.46000000
1731067200000,75934.47000000,76584.60000000,75630.76000000,76427.72000000
1731081600000,76427.72000000,77199.99000000,75822.07000000,76912.58000000
1731096000000,76912.58000000,77097.00000000,76300.23000000,76509.78000000
1731110400000,76509.78000000,76639.84000000,76136.00000000,76341.47000000
1731124800000,76341.47000000,76795.69000000,76294.00000000,76529.08000000
1731139200000,76529.07000000,76735.59000000,76358.91000000,76487.11000000
1731153600000,76487.11000000,76541.53000000,76272.72000000,76319.90000000
1731168000000,76319.91000000,76700.00000000,75714.66000000,76204.92000000
1731182400000,76204.91000000,76900.00000000,76179.00000000,76677.46000000
1731196800000,76677.46000000,77498.00000000,76492.00000000,77205.96000000
1731211200000,77205.97000000,79788.96000000,77138.00000000,78832.37000000
1731225600000,78832.36000000,80040.00000000,78832.36000000,79844.01000000
1731240000000,79844.00000000,80080.00000000,79200.00000000,79694.03000000
1731254400000,79694.03000000,81069.99000000,79324.59000000,79748.99000000
1731268800000,79748.99000000,81500.00000000,78473.13000000,80370.01000000
1731283200000,80370.01000000,81846.71000000,80216.01000000,81612.23000000
1731297600000,81612.23000000,81727.47000000,80432.00000000,81109.10000000
1731312000000,81109.11000000,82380.94000000,81023.29000000,82134.00000000
1731326400000,82133.99000000,84263.51000000,81460.19000000,84059.54000000
1731340800000,84059.53000000,86650.00000000,83831.84000000,86102.21000000
1731355200000,86102.21000000,89530.54000000,86052.00000000,88647.99000000
1731369600000,88648.00000000,89470.00000000,86561.35000000,88047.46000000
1731384000000,88047.45000000,89940.00000000,87700.00000000,88983.35000000
1731398400000,88983.35000000,89372.00000000,85229.00000000,87155.55000000
1731412800000,87155.55000000,87860.00000000,85072.00000000,86632.00000000
1731427200000,86632.00000000,89764.38000000,85730.35000000,88704.28000000
1731441600000,88704.28000000,89876.94000000,87379.59000000,87952.01000000
1731456000000,87952.00000000,88562.94000000,87004.00000000,87136.00000000
1731470400000,87136.00000000,87692.69000000,86127.99000000,87356.00000000
1731484800000,87356.01000000,88083.00000000,87082.42000000,87669.39000000
1731499200000,87669.40000000,92690.00000000,87502.49000000,92540.01000000
1731513600000,92540.00000000,93265.64000000,89969.87000000,90193.51000000
1731528000000,90193.50000000,91184.02000000,87970.98000000,90375.20000000
1731542400000,90375.21000000,90566.00000000,89458.13000000,89937.02000000
1731556800000,89937.03000000,90850.00000000,89104.54000000,90769.42000000
1731571200000,90769.42000000,91657.77000000,90329.80000000,91491.86000000
1731585600000,91491.85000000,91790.00000000,87829.57000000,87947.99000000
1731600000000,87947.99000000,89775.24000000,87526.74000000,89463.99000000
1731614400000,89463.99000000,89464.00000000,86668.21000000,87325.59000000
1731628800000,87325.59000000,88473.70000000,87252.00000000,88218.21000000
1731643200000,88218.22000000,88391.99000000,87073.38000000,87612.00000000
1731657600000,87612.01000000,89771.99000000,87368.00000000,89741.25000000
1731672000000,89741.24000000,90709.74000000,87754.45000000,88445.41000000
1731686400000,88445.40000000,90844.90000000,88386.99000000,90377.89000000
1731700800000,90377.89000000,91850.00000000,90324.85000000,91032.07000000
1731715200000,91032.08000000,91709.06000000,90850.00000000,91252.03000000
1731729600000,91252.04000000,91779.66000000,91064.24000000,91117.53000000
1731744000000,91117.52000000,91598.13000000,90993.15000000,91169.69000000
1731758400000,91169.69000000,91320.00000000,90056.17000000,90521.20000000
1731772800000,90521.20000000,91396.03000000,90186.64000000,91100.24000000
1731787200000,91100.23000000,91181.82000000,90300.00000000,90586.92000000
1731801600000,90587.98000000,90888.00000000,89364.00000000,90247.86000000
1731816000000,90247.86000000,90888.00000000,90158.56000000,90550.80000000
1731830400000,90550.80000000,91449.99000000,90478.99000000,90684.19000000
1731844800000,90684.19000000,91189.88000000,89925.91000000,90260.01000000
1731859200000,90260.01000000,90640.18000000,89664.34000000,90044.00000000
1731873600000,90044.00000000,90212.13000000,88722.00000000,89855.99000000
1731888000000,89855.98000000,90935.44000000,89617.96000000,90668.58000000
1731902400000,90668.58000000,92300.00000000,90438.85000000,91719.90000000
1731916800000,91719.90000000,92211.99000000,90051.10000000,90275.13000000
1731931200000,90275.13000000,92594.00000000,89376.90000000,92309.51000000
1731945600000,92309.51000000,92584.95000000,89667.66000000,90608.26000000
1731960000000,90608.26000000,91980.00000000,90224.02000000,90464.08000000
1731974400000,90464.07000000,91529.00000000,90357.00000000,91428.00000000
1731988800000,91428.00000000,92000.00000000,91238.09000000,91620.01000000
1732003200000,91620.00000000,91950.00000000,91200.00000000,91652.02000000
1732017600000,91652.01000000,92788.00000000,90975.80000000,92391.99000000
1732032000000,92391.99000000,93905.51000000,92147.12000000,93227.87000000
1732046400000,93227.87000000,93571.08000000,91320.00000000,92310.79000000
1732060800000,92310.80000000,92418.68000000,91500.00000000,92039.99000000
1732075200000,92039.99000000,92851.09000000,91850.00000000,92850.38000000
1732089600000,92850.38000000,93669.98000000,92720.00000000,93454.65000000
1732104000000,93454.65000000,94807.62000000,93314.49000000,94739.97000000
1732118400000,94739.98000000,94831.97000000,93138.00000000,94000.00000000
1732132800000,94000.00000000,94599.98000000,93770.07000000,94286.56000000
1732147200000,94286.56000000,95904.00000000,94040.00000000,95798.12000000
1732161600000,95798.12000000,97852.00000000,95798.11000000,96912.01000000
1732176000000,96912.01000000,98384.86000000,96723.96000000,97974.99000000
1732190400000,97975.00000000,98250.00000000,95600.00000000,96672.00000000
1732204800000,96672.00000000,98988.00000000,96276.69000000,97829.83000000
1732219200000,97829.84000000,98723.65000000,97533.18000000,98317.12000000
1732233600000,98317.12000000,99299.99000000,97840.00000000,98836.50000000
1732248000000,98836.49000000,99419.99000000,98517.21000000,99173.70000000
1732262400000,99173.70000000,99267.19000000,98219.84000000,98870.38000000
1732276800000,98870.39000000,98949.00000000,97122.11000000,98664.00000000
1732291200000,98663.99000000,99588.01000000,98220.00000000,99079.74000000
1732305600000,99079.74000000,99449.00000000,98535.00000000,98892.00000000
1732320000000,98892.00000000,98908.85000000,98300.00000000,98666.67000000
1732334400000,98666.66000000,98800.00000000,98284.61000000,98560.85000000
1732348800000,98560.84000000,98623.76000000,98300.00000000,98429.99000000
1732363200000,98430.00000000,98847.68000000,98400.00000000,98400.00000000
1732377600000,98400.01000000,98459.56000000,97336.06000000,97504.00000000
1732392000000,97504.00000000,98015.82000000,97136.00000000,97672.40000000
1732406400000,97672.40000000,98564.00000000,97620.74000000,98200.10000000
1732420800000,98200.10000000,98431.06000000,97872.20000000,98431.05000000
1732435200000,98431.05000000,98472.98000000,97239.29000000,97280.03000000
1732449600000,97280.04000000,97606.52000000,95900.01000000,95901.51000000
1732464000000,95901.52000000,96747.98000000,95734.77000000,96320.02000000
1732478400000,96320.01000000,98369.46000000,96195.47000000,97900.04000000
1732492800000,97900.05000000,98050.00000000,96888.00000000,97898.80000000
1732507200000,97898.81000000,98376.99000000,97491.66000000,98047.34000000
1732521600000,98047.34000000,98871.80000000,97850.00000000,98188.09000000
1732536000000,98188.09000000,98313.08000000,94525.00000000,96000.56000000
1732550400000,96000.57000000,96500.00000000,94400.00000000,94669.48000000
1732564800000,94669.49000000,95300.00000000,92600.19000000,93010.01000000
1732579200000,93010.01000000,94923.69000000,92727.90000000,94464.00000000
1732593600000,94464.00000000,94973.37000000,93500.08000000,93785.71000000
1732608000000,93785.72000000,93785.72000000,91466.52000000,92356.85000000
1732622400000,92356.84000000,93559.00000000,91739.70000000,92813.00000000
1732636800000,92812.99000000,94685.60000000,91554.11000000,91683.89000000
1732651200000,91683.90000000,92364.00000000,90791.10000000,91965.16000000
1732665600000,91965.16000000,93037.38000000,91792.14000000,92588.00000000
1732680000000,92588.00000000,93648.00000000,92361.66000000,93597.16000000
1732694400000,93597.16000000,93885.60000000,93109.12000000,93367.99000000
1732708800000,93367.99000000,95850.00000000,92847.84000000,95556.01000000
1732723200000,95556.00000000,96631.68000000,95184.79000000,96627.99000000
1732737600000,96627.99000000,97208.21000000,95731.72000000,95863.11000000
1732752000000,95863.11000000,96564.00000000,94822.54000000,95471.43000000
1732766400000,95471.44000000,95922.39000000,95063.15000000,95299.66000000
1732780800000,95299.66000000,95780.00000000,94640.00000000,95452.01000000
1732795200000,95452.00000000,96221.80000000,94900.00000000,95007.14000000
1732809600000,95007.15000000,95435.68000000,94817.00000000,95119.48000000
1732824000000,95119.48000000,96023.48000000,94698.00000000,95643.98000000
1732838400000,95643.99000000,96859.00000000,95364.99000000,96590.36000000
1732852800000,96590.35000000,96630.09000000,95600.03000000,95625.05000000
1732867200000,95625.05000000,97358.21000000,95616.00000000,97237.91000000
1732881600000,97237.91000000,98619.99000000,96768.00000000,98019.47000000
1732896000000,98019.46000000,98440.00000000,96853.82000000,97329.73000000
1732910400000,97329.73000000,97624.62000000,96981.01000000,97460.00000000
1732924800000,97460.00000000,97463.95000000,96309.85000000,96640.02000000
1732939200000,96640.02000000,97234.02000000,96532.70000000,96783.38000000
1732953600000,96783.38000000,96968.78000000,96092.01000000,96267.99000000
1732968000000,96267.99000000,96732.15000000,96242.14000000,96645.41000000
1732982400000,96645.42000000,97062.50000000,96531.35000000,97019.68000000
1732996800000,97019.69000000,97040.00000000,96320.99000000,96407.99000000
1733011200000,96407.99000000,96672.49000000,95693.88000000,96336.75000000
1733025600000,96336.76000000,96515.52000000,96195.99000000,96472.97000000
1733040000000,96472.97000000,97179.04000000,96424.99000000,97108.89000000
1733054400000,97108.89000000,97388.78000000,96660.88000000,97028.02000000
1733068800000,97028.02000000,97523.41000000,96958.48000000,97178.73000000
1733083200000,97178.73000000,97836.00000000,96800.01000000,97185.18000000
1733097600000,97185.17000000,98130.00000000,96350.00000000,96483.75000000
1733112000000,96483.75000000,96924.00000000,95749.97000000,95999.99000000
1733126400000,95999.99000000,96112.00000000,94820.41000000,95128.68000000
1733140800000,95128.67000000,97214.77000000,94766.00000000,97048.00000000
1733155200000,97048.01000000,97356.69000000,94395.00000000,95816.00000000
1733169600000,95816.01000000,96327.87000000,95112.01000000,95840.62000000
1733184000000,95840.61000000,96305.52000000,95400.00000000,96079.36000000
1733198400000,96079.36000000,96238.10000000,95277.35000000,95550.00000000
1733212800000,95550.00000000,95662.94000000,94595.38000000,94988.01000000
1733227200000,94988.00000000,96250.00000000,93578.17000000,95682.54000000
1733241600000,95682.54000000,96169.99000000,94860.00000000,95428.60000000
1733256000000,95428.61000000,96140.01000000,95272.50000000,95849.69000000
1733270400000,95849.69000000,96614.16000000,95224.17000000,95770.32000000
1733284800000,95770.32000000,96714.41000000,95717.54000000,96588.81000000
1733299200000,96588.81000000,96950.00000000,96172.00000000,96190.41000000
1733313600000,96190.41000000,96560.00000000,95352.41000000,95742.81000000
1733328000000,95742.80000000,97232.01000000,94587.83000000,97209.64000000
1733342400000,97209.64000000,99000.00000000,97128.52000000,98587.32000000
1733356800000,98587.32000000,104088.00000000,97888.89000000,102964.00000000
1733371200000,102964.00000000,103544.71000000,101324.16000000,102236.10000000
1733385600000,102236.10000000,103159.76000000,102236.10000000,102566.91000000
1733400000000,102566.91000000,103550.00000000,100925.97000000,101292.01000000
1733414400000,101292.00000000,101999.00000000,98599.36000000,99028.00000000
1733428800000,99028.01000000,99479.72000000,90500.00000000,96945.63000000
1733443200000,96945.63000000,98828.70000000,95981.72000000,97735.29000000
1733457600000,97735.29000000,98288.00000000,97370.19000000,98138.54000000
1733472000000,98138.53000000,98705.23000000,97622.86000000,98069.62000000
1733486400000,98069.61000000,99483.81000000,97512.26000000,99309.99000000
1733500800000,99310.00000000,101799.00000000,98762.60000000,101439.99000000
1733515200000,101439.99000000,101898.99000000,99053.03000000,99740.84000000
1733529600000,99740.84000000,100428.00000000,99285.71000000,99299.63000000
1733544000000,99299.64000000,99666.31000000,98844.00000000,99405.20000000
1733558400000,99405.20000000,99821.83000000,99260.00000000,99620.00000000
1733572800000,99620.00000000,99800.00000000,99036.01000000,99756.01000000
1733587200000,99756.00000000,100263.64000000,99460.37000000,100077.45000000
1733601600000,100077.45000000,100439.18000000,99595.11000000,99831.99000000
1733616000000,99831.99000000,100328.88000000,99632.28000000,99934.82000000
1733630400000,99934.83000000,100030.00000000,99336.00000000,99675.11000000
1733644800000,99675.11000000,99844.28000000,98657.70000000,99701.16000000
1733659200000,99701.17000000,100500.00000000,99357.16000000,99912.01000000
1733673600000,99912.01000000,100198.00000000,99480.00000000,100100.98000000
1733688000000,100100.99000000,101351.00000000,99736.06000000,101109.59000000
1733702400000,101109.60000000,101215.93000000,98432.18000000,99090.84000000
1733716800000,99090.84000000,99729.88000000,98328.00000000,99576.51000000
1733731200000,99576.51000000,99679.71000000,98035.57000000,98088.47000000
1733745600000,98088.47000000,100421.80000000,97508.58000000,97812.00000000
1733760000000,97812.00000000,98398.00000000,97000.00000000,97070.32000000
1733774400000,97070.33000000,97572.52000000,94150.05000000,97276.47000000
1733788800000,97276.48000000,98138.00000000,95565.41000000,96931.99000000
1733803200000,96931.99000000,97519.20000000,95900.00000000,97196.44000000
1733817600000,97196.44000000,97937.50000000,96938.19000000,97722.52000000
1733832000000,97722.53000000,98270.00000000,95555.00000000,95658.79000000
1733846400000,95658.79000000,96500.00000000,94256.54000000,95856.50000000
1733860800000,95856.50000000,97200.70000000,95616.00000000,96593.00000000
1733875200000,96593.00000000,97625.76000000,95658.24000000,97398.43000000
1733889600000,97398.42000000,97790.36000000,97181.70000000,97334.60000000
1733904000000,97334.59000000,98472.57000000,97316.78000000,98292.61000000
1733918400000,98292.61000000,100800.00000000,98072.33000000,100361.64000000
1733932800000,100361.64000000,101141.01000000,99608.23000000,101122.71000000
1733947200000,101122.71000000,101888.00000000,100866.42000000,101125.00000000
1733961600000,101125.00000000,101829.00000000,100331.61000000,101025.87000000
1733976000000,101025.88000000,101191.85000000,100402.82000000,100499.99000000
1733990400000,100499.99000000,101126.54000000,100178.32000000,100358.42000000
1734004800000,100358.42000000,101861.60000000,100348.35000000,101797.14000000
1734019200000,101797.14000000,102540.00000000,99311.64000000,99481.32000000
1734033600000,99481.33000000,100476.19000000,99465.33000000,100004.29000000
1734048000000,100004.29000000,100356.85000000,99205.00000000,99729.09000000
1734062400000,99729.09000000,100225.52000000,99500.00000000,100130.00000000
1734076800000,100130.01000000,100789.00000000,99896.00000000,100353.37000000
1734091200000,100353.37000000,101375.26000000,99700.00000000,99873.16000000
1734105600000,99873.16000000,101895.26000000,99800.00000000,101462.34000000
1734120000000,101462.34000000,101879.98000000,101090.90000000,101424.25000000
1734134400000,101424.24000000,102650.00000000,101148.35000000,102088.00000000
1734148800000,102088.00000000,102138.00000000,101590.90000000,101824.00000000
1734163200000,101824.00000000,101863.64000000,101321.00000000,101583.99000000
1734177600000,101584.00000000,101742.43000000,100826.38000000,101625.12000000
1734192000000,101625.12000000,101737.70000000,100831.63000000,101313.54000000
1734206400000,101313.54000000,101499.08000000,100609.41000000,101420.00000000
1734220800000,101420.00000000,102196.97000000,101237.14000000,101733.82000000
1734235200000,101733.83000000,102850.00000000,101534.01000000,101732.09000000
1734249600000,101732.09000000,102691.01000000,101581.07000000,102671.44000000
1734264000000,102671.44000000,103359.97000000,102473.01000000,102704.01000000
1734278400000,102704.00000000,103490.00000000,102583.65000000,103252.95000000
1734292800000,103252.96000000,105250.00000000,102621.50000000,104463.99000000
1734307200000,104463.99000000,106648.00000000,104259.48000000,104582.28000000
1734321600000,104582.28000000,105420.76000000,104469.89000000,104992.79000000
1734336000000,104992.79000000,105016.85000000,103625.78000000,103757.99000000
1734350400000,103758.00000000,106499.99000000,103333.00000000,106332.01000000
1734364800000,106332.00000000,107793.07000000,105797.41000000,106583.12000000
1734379200000,106583.13000000,106648.48000000,105480.02000000,106058.66000000
1734393600000,106058.65000000,107000.00000000,105657.34000000,106866.49000000
1734408000000,106866.50000000,107143.29000000,106368.45000000,106805.75000000
1734422400000,106805.75000000,107550.02000000,106708.86000000,106808.31000000
1734436800000,106808.31000000,108353.00000000,105725.99000000,106478.47000000
1734451200000,106478.48000000,107633.00000000,106148.00000000,106475.89000000
1734465600000,106475.89000000,106903.99000000,105321.49000000,106133.74000000
1734480000000,106133.74000000,106524.98000000,104581.58000000,104763.98000000
1734494400000,104763.99000000,104763.99000000,103137.82000000,104250.75000000
1734508800000,104250.75000000,105033.33000000,103729.18000000,105028.33000000
1734523200000,105028.33000000,105350.00000000,103650.00000000,104428.54000000
1734537600000,104428.54000000,104999.98000000,102817.82000000,102817.82000000
1734552000000,102817.82000000,102997.77000000,100000.00000000,100204.01000000
1734566400000,100204.01000000,101310.25000000,98802.00000000,101193.15000000
1734580800000,101193.15000000,101727.28000000,100629.99000000,101656.57000000
1734595200000,101656.57000000,102609.72000000,101380.10000000,102449.99000000
1734609600000,102450.00000000,102800.11000000,99500.00000000,100679.86000000
1734624000000,100679.86000000,101200.00000000,96251.32000000,97199.72000000
1734638400000,97199.72000000,98500.00000000,95700.00000000,97461.86000000
1734652800000,97461.86000000,97814.09000000,96000.00000000,97106.02000000
1734667200000,97106.02000000,98233.00000000,96374.03000000,97832.53000000
1734681600000,97832.52000000,97864.91000000,92612.10000000,92723.98000000
1734696000000,92723.99000000,97572.00000000,92232.54000000,96991.62000000
1734710400000,96991.63000000,97748.00000000,96300.00000000,97116.00000000
1734724800000,97116.00000000,97816.44000000,95393.84000000,97805.44000000
1734739200000,97805.44000000,97813.59000000,97188.09000000,97487.46000000
1734753600000,97487.47000000,99540.61000000,97378.50000000,99040.00000000
1734768000000,99040.00000000,99187.95000000,97800.00000000,98262.08000000
1734782400000,98262.08000000,98283.95000000,96398.39000000,97527.97000000
1734796800000,97527.96000000,97723.18000000,96819.36000000,97269.03000000
1734811200000,97269.03000000,98057.51000000,96539.91000000,97291.99000000
1734825600000,97292.00000000,97448.08000000,96549.37000000,96994.37000000
1734840000000,96994.37000000,97071.97000000,95890.28000000,96210.24000000
1734854400000,96210.25000000,97351.57000000,96196.85000000,97101.28000000
1734868800000,97101.29000000,97300.00000000,95109.13000000,95377.72000000
1734883200000,95377.71000000,96444.45000000,94700.00000000,94836.55000000
1734897600000,94836.55000000,95824.00000000,94250.35000000,95186.27000000
1734912000000,95186.28000000,96043.99000000,93700.42000000,96025.15000000
1734926400000,96025.15000000,96509.98000000,94705.07000000,95404.01000000
1734940800000,95404.01000000,96538.92000000,95036.77000000,95932.42000000
1734955200000,95932.41000000,96423.00000000,93107.52000000,93250.37000000
1734969600000,93250.38000000,94260.00000000,92690.00000000,93044.79000000
1734984000000,93044.79000000,95509.09000000,92520.00000000,94881.47000000
1734998400000,94881.47000000,94881.47000000,93569.02000000,94348.75000000
1735012800000,94348.75000000,94653.45000000,93810.45000000,94233.19000000
1735027200000,94233.20000000,94635.70000000,93840.00000000,94398.60000000
1735041600000,94398.60000000,98300.00000000,94075.10000000,98300.00000000
1735056000000,98299.99000000,99487.99000000,97546.57000000,97581.09000000
1735070400000,97581.10000000,99068.90000000,97250.00000000,98663.58000000
1735084800000,98663.58000000,98878.44000000,97725.27000000,98029.48000000
1735099200000,98029.49000000,98581.90000000,97844.18000000,98084.33000000
1735113600000,98084.33000000,99349.31000000,97773.83000000,97907.61000000
1735128000000,97907.61000000,98832.89000000,97632.02000000,98519.98000000
1735142400000,98519.99000000,99299.99000000,98134.40000000,99018.52000000
1735156800000,99018.52000000,99569.15000000,98384.61000000,99429.60000000
1735171200000,99429.61000000,99963.70000000,98468.26000000,98995.17000000
1735185600000,98995.18000000,98995.18000000,97711.17000000,97719.99000000
1735200000000,97719.99000000,97772.13000000,95199.14000000,95695.81000000
1735214400000,95695.81000000,96280.25000000,95234.93000000,96042.88000000
1735228800000,96042.89000000,96621.95000000,95444.44000000,96102.25000000
1735243200000,96102.24000000,96114.46000000,95302.00000000,95791.60000000
1735257600000,95791.60000000,96443.68000000,95401.03000000,96417.84000000
1735272000000,96417.84000000,96604.24000000,94646.03000000,95104.76000000
1735286400000,95104.76000000,97544.58000000,95104.76000000,96952.38000000
1735300800000,96952.38000000,97035.80000000,94011.11000000,94573.75000000
1735315200000,94573.75000000,94996.16000000,93500.01000000,94750.00000000
1735329600000,94750.11000000,94823.09000000,94100.60000000,94299.03000000
1735344000000,94299.03000000,94720.00000000,94135.66000000,94594.91000000
1735358400000,94594.91000000,94800.00000000,94307.00000000,94381.99000000
1735372800000,94381.98000000,94883.00000000,94312.67000000,94754.83000000
1735387200000,94754.83000000,95340.36000000,94375.80000000,94447.29000000
1735401600000,94447.28000000,95245.24000000,94389.45000000,95027.76000000
1735416000000,95027.75000000,95733.99000000,94878.26000000,95300.00000000
1735430400000,95300.00000000,95340.00000000,94808.00000000,95172.40000000
1735444800000,95172.41000000,95283.99000000,94971.44000000,95272.04000000
1735459200000,95272.05000000,95315.50000000,95010.00000000,95032.57000000
1735473600000,95032.58000000,95231.58000000,94010.00000000,94511.12000000
1735488000000,94511.11000000,94578.89000000,93367.52000000,93612.89000000
1735502400000,93612.89000000,93949.52000000,93009.52000000,93738.20000000
1735516800000,93738.19000000,94274.29000000,93368.93000000,93722.71000000
1735531200000,93722.72000000,94060.35000000,93240.03000000,93731.65000000
1735545600000,93731.66000000,94068.56000000,93469.56000000,93923.14000000
1735560000000,93923.14000000,94277.23000000,91530.45000000,92130.21000000
1735574400000,92130.21000000,94684.09000000,91800.00000000,94417.04000000
1735588800000,94417.04000000,95024.50000000,91901.57000000,92792.05000000
1735603200000,92792.05000000,92907.03000000,92033.73000000,92509.59000000
1735617600000,92509.60000000,93040.10000000,92344.07000000,92860.75000000
1735632000000,92860.75000000,94741.68000000,92842.88000000,94232.68000000
1735646400000,94232.68000000,96250.00000000,94232.67000000,95412.00000000
1735660800000,95412.00000000,95590.52000000,93189.59000000,94166.88000000
1735675200000,94166.88000000,94222.50000000,93375.38000000,93576.00000000
1735689600000000,93576.00000000,94509.42000000,93489.03000000,93838.04000000
1735704000000000,93838.04000000,93937.19000000,93500.00000000,93684.10000000
1735718400000000,93684.11000000,93756.02000000,92888.00000000,93444.64000000
1735732800000000,93444.65000000,94500.00000000,93407.07000000,94432.94000000
1735747200000000,94432.94000000,94823.75000000,93760.93000000,94627.07000000
1735761600000000,94627.08000000,95151.15000000,94542.00000000,94591.79000000
1735776000000000,94591.78000000,95516.00000000,94392.00000000,95010.33000000
1735790400000000,95010.34000000,96000.00000000,94984.84000000,95822.00000000
1735804800000000,95822.01000000,96876.38000000,95640.05000000,96732.99000000
1735819200000000,96733.00000000,97440.91000000,95924.60000000,96455.01000000
1735833600000000,96455.01000000,97777.00000000,96040.04000000,97317.74000000
1735848000000000,97317.74000000,97839.50000000,96666.66000000,96984.79000000
1735862400000000,96984.79000000,97342.44000000,96650.00000000,97062.30000000
1735876800000000,97062.30000000,97066.18000000,96280.65000000,96304.00000000
1735891200000000,96304.00000000,96830.00000000,96100.01000000,96757.58000000
1735905600000000,96757.57000000,97660.00000000,96472.43000000,97521.35000000
1735920000000000,97521.36000000,98976.91000000,97406.54000000,98592.01000000
1735934400000000,98592.02000000,98748.00000000,98067.99000000,98174.18000000
1735948800000000,98174.17000000,98314.15000000,97800.00000000,98200.00000000
1735963200000000,98200.01000000,98350.04000000,97862.87000000,98271.88000000
1735977600000000,98271.87000000,98306.22000000,97532.58000000,97889.39000000
1735992000000000,97889.40000000,98152.02000000,97514.79000000,97657.94000000
1736006400000000,97657.95000000,98350.00000000,97549.99000000,98166.26000000
1736020800000000,98166.26000000,98778.43000000,98143.20000000,98220.50000000
1736035200000000,98220.51000000,98391.59000000,98050.00000000,98187.96000000
1736049600000000,98187.97000000,98522.76000000,98187.96000000,98268.77000000
1736064000000000,98268.77000000,98268.78000000,97600.00000000,97641.63000000
1736078400000000,97641.62000000,98281.89000000,97276.79000000,98028.98000000
1736092800000000,98028.98000000,98332.54000000,97577.46000000,98079.63000000
1736107200000000,98079.64000000,98836.85000000,98024.00000000,98363.61000000
1736121600000000,98363.61000000,99333.00000000,97920.00000000,99037.57000000
1736136000000000,99037.57000000,99892.00000000,99037.57000000,99318.70000000
1736150400000000,99318.70000000,99625.69000000,98709.28000000,99259.99000000
1736164800000000,99259.99000000,102468.92000000,98711.94000000,102147.95000000
1736179200000000,102147.95000000,102480.00000000,101250.00000000,101817.22000000
1736193600000000,101817.22000000,102329.98000000,101600.05000000,102235.60000000
1736208000000000,102235.60000000,102724.38000000,101512.91000000,101708.08000000
1736222400000000,101708.09000000,102015.01000000,101582.79000000,101664.81000000
1736236800000000,101664.81000000,101995.64000000,100472.45000000,100830.86000000
1736251200000000,100830.86000000,100960.06000000,97153.50000000,97952.26000000
1736265600000000,97952.26000000,98347.81000000,96323.67000000,96451.98000000
1736280000000000,96451.99000000,97220.76000000,96181.81000000,96954.61000000
1736294400000000,96954.60000000,97268.65000000,96216.83000000,96525.20000000
1736308800000000,96525.20000000,96654.61000000,95250.76000000,95657.09000000
1736323200000000,95657.09000000,96132.47000000,94543.86000000,95134.92000000
1736337600000000,95134.92000000,96079.32000000,94624.43000000,95493.77000000
1736352000000000,95493.77000000,95555.25000000,92500.90000000,94243.89000000
1736366400000000,94243.89000000,95310.94000000,93600.00000000,95060.61000000
1736380800000000,95060.61000000,95382.32000000,93422.89000000,94027.90000000
1736395200000000,94027.91000000,94618.63000000,93186.38000000,93221.59000000
1736409600000000,93221.59000000,93877.46000000,92750.00000000,93465.23000000
1736424000000000,93465.23000000,94588.23000000,91800.00000000,94244.02000000
1736438400000000,94244.02000000,94685.25000000,91900.01000000,91909.59000000
1736452800000000,91909.59000000,92720.67000000,91203.67000000,92552.49000000
1736467200000000,92552.49000000,93727.83000000,92431.73000000,93696.13000000
1736481600000000,93696.13000000,95000.00000000,93500.00000000,94492.63000000
1736496000000000,94492.62000000,95293.40000000,94388.50000000,95073.95000000
1736510400000000,95073.95000000,95117.26000000,92206.02000000,93730.92000000
1736524800000000,93730.93000000,95836.00000000,93177.40000000,95327.06000000
1736539200000000,95327.07000000,95442.15000000,94586.02000000,94726.11000000
1736553600000000,94726.10000000,94746.37000000,94106.49000000,94206.95000000
1736568000000000,94206.96000000,94441.87000000,93831.73000000,94246.36000000
1736582400000000,94246.36000000,94791.67000000,94031.22000000,94625.65000000
1736596800000000,94625.66000000,94655.20000000,94307.25000000,94410.26000000
1736611200000000,94410.26000000,94708.12000000,93984.55000000,94249.26000000
1736625600000000,94249.27000000,95050.94000000,94200.89000000,94599.99000000
1736640000000000,94599.99000000,94699.00000000,94296.99000000,94622.40000000
1736654400000000,94622.40000000,94650.00000000,94274.01000000,94323.85000000
1736668800000000,94323.85000000,94393.57000000,93711.19000000,94255.10000000
1736683200000000,94255.10000000,95450.10000000,94173.48000000,95071.90000000
1736697600000000,95071.91000000,95314.12000000,94578.54000000,94650.26000000
1736712000000000,94650.26000000,94800.00000000,93800.00000000,94545.06000000
1736726400000000,94545.07000000,95940.00000000,93899.99000000,94269.23000000
1736740800000000,94269.23000000,94913.03000000,93281.00000000,93590.24000000
1736755200000000,93590.24000000,93661.55000000,90833.12000000,90851.22000000
1736769600000000,90851.23000000,93100.00000000,89256.69000000,92123.75000000
1736784000000000,92123.75000000,92534.10000000,91250.00000000,92312.18000000
1736798400000000,92312.18000000,94727.15000000,91908.20000000,94536.10000000
1736812800000000,94536.11000000,95280.80000000,94346.22000000,94861.40000000
1736827200000000,94861.39000000,95464.71000000,94753.42000000,94864.00000000
1736841600000000,94863.99000000,97371.00000000,94860.11000000,96548.04000000
1736856000000000,96548.04000000,97265.48000000,95748.93000000,96471.65000000
1736870400000000,96471.65000000,97088.57000000,95351.76000000,96537.80000000
1736884800000000,96537.23000000,96921.13000000,96152.31000000,96560.86000000
1736899200000000,96560.85000000,97554.63000000,96500.00000000,97317.12000000
1736913600000000,97317.12000000,97724.96000000,96750.00000000,97301.35000000
1736928000000000,97301.35000000,97524.00000000,96521.00000000,96762.18000000
1736942400000000,96762.19000000,99799.98000000,96539.77000000,98992.42000000
1736956800000000,98992.42000000,99990.00000000,98602.05000000,99844.90000000
1736971200000000,99844.91000000,100681.94000000,99460.80000000,100497.35000000
1736985600000000,100497.35000000,100866.66000000,99170.00000000,99478.03000000
1737000000000000,99478.04000000,99921.86000000,99322.19000000,99799.99000000
1737014400000000,99800.00000000,99820.00000000,98617.55000000,99158.71000000
1737028800000000,99158.70000000,99517.93000000,97335.13000000,99296.17000000
1737043200000000,99296.17000000,100448.72000000,99079.05000000,100417.20000000
1737057600000000,100417.20000000,100641.99000000,99377.00000000,99987.30000000
1737072000000000,99987.30000000,102148.13000000,99950.77000000,101051.73000000
1737086400000000,101051.73000000,101899.49000000,100952.10000000,101440.50000000
1737100800000000,101440.51000000,102581.45000000,101439.77000000,102237.60000000
1737115200000000,102237.60000000,104254.19000000,102195.90000000,104000.00000000
1737129600000000,104000.00000000,105865.22000000,103841.18000000,105834.93000000
1737144000000000,105834.93000000,105847.02000000,104065.25000000,104077.48000000
1737158400000000,104077.47000000,104656.87000000,103000.25000000,103559.82000000
1737172800000000,103559.82000000,103771.21000000,102602.48000000,102821.75000000
1737187200000000,102821.75000000,103883.01000000,102277.55000000,103589.29000000
1737201600000000,103589.29000000,104988.88000000,103107.65000000,104568.96000000
1737216000000000,104568.96000000,104719.29000000,103156.02000000,104382.01000000
1737230400000000,104382.00000000,104750.00000000,103765.44000000,104556.23000000
1737244800000000,104556.23000000,105458.55000000,104013.51000000,104984.01000000
1737259200000000,104984.01000000,105634.78000000,104191.19000000,105167.12000000
1737273600000000,105167.11000000,105496.03000000,103450.69000000,104363.23000000
1737288000000000,104363.24000000,105706.48000000,104300.75000000,104936.35000000
1737302400000000,104936.35000000,106200.74000000,104520.01000000,106200.00000000
1737316800000000,106200.00000000,106422.43000000,99651.60000000,101331.57000000
1737331200000000,101331.57000000,102321.42000000,99550.00000000,101891.93000000
1737345600000000,101891.94000000,109588.00000000,101535.28000000,107120.65000000
1737360000000000,107120.65000000,109193.23000000,107093.33000000,108239.19000000
1737374400000000,108239.19000000,108700.01000000,104480.00000000,104957.99000000
1737388800000000,104957.99000000,107050.00000000,100333.00000000,103691.63000000
1737403200000000,103691.64000000,104331.00000000,101701.01000000,102260.01000000
1737417600000000,102260.00000000,103260.10000000,100119.04000000,102936.01000000
1737432000000000,102936.01000000,102974.14000000,101111.68000000,101989.05000000
1737446400000000,101989.06000000,103973.02000000,101740.82000000,103758.25000000
1737460800000000,103758.25000000,105320.00000000,102803.43000000,103943.00000000
1737475200000000,103942.99000000,107240.81000000,103822.02000000,107031.34000000
1737489600000000,107031.34000000,107199.99000000,105420.00000000,106143.82000000
1737504000000000,106143.82000000,106394.46000000,105448.99000000,105600.01000000
1737518400000000,105600.01000000,105952.00000000,105043.88000000,105084.77000000
1737532800000000,105084.77000000,105464.83000000,104647.75000000,105100.39000000
1737547200000000,105100.38000000,105584.23000000,103662.58000000,104180.01000000
1737561600000000,104180.01000000,104754.64000000,103339.12000000,104630.00000000
1737576000000000,104630.00000000,104830.12000000,103611.66000000,103706.66000000
1737590400000000,103706.66000000,103819.99000000,102100.00000000,102461.25000000
1737604800000000,102461.24000000,102968.31000000,101575.50000000,102710.27000000
1737619200000000,102710.28000000,102724.94000000,101262.28000000,101944.49000000
1737633600000000,101944.50000000,106050.86000000,101281.62000000,105263.52000000
1737648000000000,105263.52000000,106850.00000000,103399.98000000,103770.04000000
1737662400000000,103770.05000000,106421.03000000,102195.70000000,103910.34000000
1737676800000000,103910.35000000,104298.00000000,102750.00000000,103891.75000000
1737691200000000,103891.75000000,105355.00000000,103804.77000000,105046.80000000
1737705600000000,105046.79000000,105759.00000000,104922.41000000,105420.10000000
1737720000000000,105420.11000000,106321.66000000,104669.17000000,105859.98000000
1737734400000000,105859.99000000,107120.00000000,105589.00000000,105760.94000000
1737748800000000,105760.93000000,105781.00000000,104456.89000000,104870.50000000
1737763200000000,104870.51000000,105280.82000000,104361.89000000,105202.40000000
1737777600000000,105202.40000000,105202.40000000,104216.81000000,104385.98000000
1737792000000000,104385.99000000,104700.01000000,104106.09000000,104670.99000000
1737806400000000,104670.99000000,105111.11000000,104456.00000000,104897.79000000
1737820800000000,104897.79000000,105286.52000000,104449.75000000,105055.16000000
1737835200000000,105055.16000000,105250.00000000,104696.00000000,104746.85000000
1737849600000000,104746.86000000,105273.24000000,104503.70000000,105062.42000000
1737864000000000,105062.41000000,105500.00000000,104950.00000000,104998.35000000
1737878400000000,104998.36000000,105221.36000000,104444.01000000,104818.69000000
1737892800000000,104818.68000000,105126.11000000,104703.58000000,104967.01000000
1737907200000000,104967.02000000,105260.36000000,104896.00000000,105081.63000000
1737921600000000,105081.64000000,105200.00000000,102520.44000000,102620.00000000
1737936000000000,102620.01000000,103260.00000000,100720.53000000,101395.64000000
1737950400000000,101395.64000000,101399.99000000,97777.77000000,99048.02000000
1737964800000000,99048.01000000,99533.33000000,98263.49000000,98761.13000000
1737979200000000,98761.12000000,102317.94000000,98714.28000000,101112.03000000
1737993600000000,101112.03000000,101250.56000000,98864.00000000,99700.02000000
1738008000000000,99700.01000000,102405.00000000,99606.46000000,102082.83000000
1738022400000000,102082.83000000,102892.00000000,101334.55000000,102636.32000000
1738036800000000,102636.32000000,103371.24000000,102527.39000000,102789.72000000
1738051200000000,102789.72000000,103181.82000000,102393.94000000,102762.01000000
1738065600000000,102762.02000000,103800.00000000,101815.26000000,102777.99000000
1738080000000000,102777.99000000,103108.00000000,101820.15000000,102424.24000000
1738094400000000,102424.24000000,102538.00000000,100272.68000000,101335.52000000
1738108800000000,101335.52000000,102319.69000000,101328.01000000,102038.20000000
1738123200000000,102038.21000000,102853.53000000,101955.51000000,102755.82000000
1738137600000000,102755.81000000,103000.00000000,102180.65000000,102646.00000000
1738152000000000,102646.00000000,102842.04000000,101582.37000000,101980.78000000
1738166400000000,101980.78000000,103999.00000000,101400.01000000,103583.99000000
1738180800000000,103584.00000000,104782.68000000,102868.00000000,103733.24000000
1738195200000000,103733.25000000,105300.00000000,103278.54000000,105196.00000000
1738209600000000,105196.00000000,105595.81000000,104799.66000000,105132.07000000
1738224000000000,105132.07000000,105534.00000000,104925.26000000,105300.63000000
1738238400000000,105300.63000000,106457.44000000,104660.00000000,105564.00000000
1738252800000000,105563.99000000,106013.01000000,104762.59000000,105711.27000000
1738267200000000,105711.28000000,105821.62000000,104693.82000000,104722.94000000
1738281600000000,104722.94000000,105029.72000000,103930.09000000,104344.46000000
1738296000000000,104344.46000000,104814.46000000,103972.13000000,104188.56000000
1738310400000000,104188.57000000,104848.65000000,103936.54000000,104736.00000000
1738324800000000,104736.01000000,106012.00000000,104106.00000000,105464.01000000
1738339200000000,105464.00000000,105574.40000000,102122.00000000,102312.32000000
1738353600000000,102312.31000000,102482.94000000,101560.00000000,102429.56000000
1738368000000000,102429.56000000,102783.71000000,102198.52000000,102249.19000000
1738382400000000,102249.19000000,102588.57000000,102118.56000000,102166.49000000
1738396800000000,102166.49000000,102276.99000000,101412.00000000,102028.81000000
1738411200000000,102028.82000000,102329.01000000,101730.79000000,102073.89000000
1738425600000000,102073.89000000,102297.99000000,101448.00000000,101669.60000000
1738440000000000,101669.60000000,101669.60000000,100279.51000000,100635.65000000
1738454400000000,100635.66000000,101456.60000000,99148.91000000,99206.86000000
1738468800000000,99206.85000000,100515.99000000,99031.19000000,99643.30000000
1738483200000000,99643.30000000,100100.00000000,98645.00000000,98864.60000000
1738497600000000,98864.60000000,99439.05000000,98157.00000000,99346.87000000
1738512000000000,99346.87000000,99361.97000000,96821.54000000,98273.16000000
1738526400000000,98273.17000000,98628.74000000,96150.00000000,97700.59000000
1738540800000000,97700.59000000,97782.79000000,91231.00000000,94038.74000000
1738555200000000,94038.75000000,95426.63000000,92646.36000000,95333.01000000
1738569600000000,95333.01000000,95950.68000000,94799.29000000,95107.89000000
1738584000000000,95107.89000000,99500.00000000,94131.14000000,98842.00000000
1738598400000000,98842.00000000,101880.00000000,98038.58000000,101880.00000000
1738612800000000,101879.99000000,102500.01000000,100918.00000000,101328.52000000
1738627200000000,101328.51000000,101732.31000000,100534.03000000,100629.70000000
1738641600000000,100629.70000000,100764.11000000,98229.82000000,98448.02000000
1738656000000000,98448.01000000,99445.17000000,97860.00000000,98967.70000000
1738670400000000,98967.70000000,100415.00000000,98275.98000000,99347.19000000
1738684800000000,99347.18000000,100777.93000000,98778.58000000,98859.77000000
1738699200000000,98859.78000000,99444.02000000,96150.00000000,97763.13000000
1738713600000000,97763.14000000,98930.44000000,97131.43000000,98040.00000000
1738728000000000,98040.01000000,98332.41000000,97352.77000000,97864.43000000
1738742400000000,97864.43000000,98256.00000000,97257.05000000,98198.00000000
1738756800000000,98198.00000000,99149.00000000,97734.69000000,98116.24000000
1738771200000000,98116.24000000,98277.02000000,96500.00000000,97370.00000000
1738785600000000,97370.00000000,97706.37000000,96155.00000000,96612.43000000
1738800000000000,96612.44000000,97493.07000000,96430.78000000,97355.67000000
1738814400000000,97355.66000000,98436.61000000,97273.71000000,98195.61000000
1738828800000000,98195.60000000,99120.00000000,97910.01000000,98877.99000000
1738843200000000,98877.99000000,99040.09000000,96930.17000000,97333.09000000
1738857600000000,97333.09000000,97547.71000000,95676.64000000,95983.00000000
1738872000000000,95982.99000000,97093.50000000,95800.00000000,96554.35000000
1738886400000000,96554.35000000,97805.60000000,96409.65000000,97444.04000000
1738900800000000,97444.04000000,97883.12000000,96566.00000000,96757.05000000
1738915200000000,96757.04000000,97750.00000000,96613.24000000,97750.00000000
1738929600000000,97749.99000000,100137.99000000,97165.51000000,98283.98000000
1738944000000000,98283.98000000,98563.55000000,96856.78000000,96898.56000000
1738958400000000,96898.56000000,96944.10000000,95620.34000000,96506.80000000
1738972800000000,96506.80000000,96880.00000000,96335.42000000,96699.23000000
1738987200000000,96699.24000000,96699.24000000,95785.09000000,96209.92000000
1739001600000000,96209.92000000,96293.48000000,95865.71000000,96120.00000000
1739016000000000,96120.00000000,96517.52000000,95688.00000000,95843.74000000
1739030400000000,95843.74000000,96750.00000000,95749.88000000,96579.99000000
1739044800000000,96579.99000000,96712.00000000,96358.50000000,96444.74000000
1739059200000000,96444.75000000,97300.00000000,96360.14000000,97300.00000000
1739073600000000,97299.99000000,97323.09000000,96777.77000000,97057.83000000
1739088000000000,97057.83000000,97294.46000000,96509.96000000,96554.01000000
1739102400000000,96554.01000000,96703.99000000,95700.00000000,96488.15000000
1739116800000000,96488.14000000,96567.80000000,95888.88000000,96064.74000000
1739131200000000,96064.73000000,96760.00000000,94713.00000000,96462.75000000
1739145600000000,96462.75000000,97131.47000000,95256.00000000,96814.98000000
1739160000000000,96814.97000000,97640.02000000,96632.81000000,97429.83000000
1739174400000000,97429.83000000,97954.69000000,97358.79000000,97661.16000000
1739188800000000,97661.15000000,98345.00000000,96866.66000000,97218.69000000
1739203200000000,97218.68000000,97643.29000000,96866.39000000,97376.00000000
1739217600000000,97376.00000000,97490.71000000,97128.79000000,97430.82000000
1739232000000000,97430.82000000,98149.92000000,97416.62000000,97607.30000000
1739246400000000,97607.31000000,98478.42000000,97558.99000000,98268.97000000
1739260800000000,98268.98000000,98330.00000000,97885.62000000,98151.52000000
1739275200000000,98151.51000000,98158.89000000,96595.33000000,97007.53000000
1739289600000000,97007.54000000,97045.53000000,94876.88000000,95040.82000000
1739304000000000,95040.81000000,96512.70000000,94928.47000000,95778.20000000
1739318400000000,95778.21000000,96263.99000000,95100.00000000,95299.27000000
1739332800000000,95299.28000000,96188.68000000,95267.71000000,96069.58000000
1739347200000000,96069.58000000,96469.78000000,95913.49000000,96094.65000000
1739361600000000,96094.65000000,96631.66000000,94088.23000000,95816.18000000
1739376000000000,95816.18000000,97700.00000000,95120.30000000,97205.06000000
1739390400000000,97205.06000000,98119.99000000,96854.97000000,97869.99000000
1739404800000000,97870.00000000,98083.91000000,97367.45000000,97498.42000000
1739419200000000,97498.43000000,97564.83000000,95800.00000000,96070.23000000
1739433600000000,96070.23000000,96336.00000000,95599.57000000,95925.11000000
1739448000000000,95925.12000000,96480.06000000,95336.00000000,95998.00000000
1739462400000000,95998.00000000,96361.58000000,95217.36000000,95627.76000000
1739476800000000,95627.75000000,96774.71000000,95600.00000000,96608.14000000
1739491200000000,96608.13000000,97190.00000000,96356.41000000,97129.98000000
1739505600000000,97129.98000000,97248.60000000,96561.36000000,96944.09000000
1739520000000000,96944.09000000,97196.00000000,96799.99000000,96887.56000000
1739534400000000,96887.55000000,97568.28000000,96252.82000000,96924.39000000
1739548800000000,96924.57000000,98826.00000000,96494.17000000,97940.45000000
1739563200000000,97940.44000000,98264.85000000,96697.56000000,97500.48000000
1739577600000000,97500.47000000,97972.26000000,97223.58000000,97653.19000000
1739592000000000,97653.19000000,97780.73000000,97345.50000000,97346.26000000
1739606400000000,97346.27000000,97731.09000000,97301.77000000,97615.59000000
1739620800000000,97615.59000000,97962.51000000,97426.57000000,97633.22000000
1739635200000000,97633.21000000,97714.39000000,97304.38000000,97531.90000000
1739649600000000,97531.91000000,97741.35000000,97414.05000000,97569.66000000
1739664000000000,97569.67000000,97704.47000000,97411.11000000,97547.17000000
1739678400000000,97547.17000000,97682.04000000,97212.00000000,97248.98000000
1739692800000000,97248.98000000,97388.89000000,97061.58000000,97336.00000000
1739707200000000,97335.99000000,97336.00000000,96645.35000000,96911.01000000
1739721600000000,96911.01000000,97169.15000000,96609.05000000,97058.47000000
1739736000000000,97058.47000000,97282.38000000,96046.18000000,96118.12000000
1739750400000000,96118.12000000,96638.05000000,96023.17000000,96215.33000000
1739764800000000,96215.32000000,96463.20000000,95800.00000000,96068.22000000
1739779200000000,96068.21000000,96395.68000000,95937.05000000,96063.18000000
1739793600000000,96063.17000000,97046.59000000,95564.00000000,95659.46000000
1739808000000000,95659.45000000,95945.49000000,95205.00000000,95531.36000000
1739822400000000,95531.36000000,96413.43000000,95488.90000000,95780.00000000
1739836800000000,95780.01000000,96322.97000000,95538.01000000,96200.00000000
1739851200000000,96200.00000000,96300.73000000,95254.12000000,95456.93000000
1739865600000000,95456.92000000,95872.17000000,95050.00000000,95640.34000000
1739880000000000,95640.35000000,96753.91000000,95200.00000000,95546.48000000
1739894400000000,95546.49000000,95633.15000000,93388.09000000,94104.14000000
1739908800000000,94104.15000000,95685.00000000,93730.72000000,95671.74000000
1739923200000000,95671.74000000,95961.54000000,95055.00000000,95710.26000000
1739937600000000,95710.25000000,95846.15000000,95029.99000000,95687.71000000
1739952000000000,95687.71000000,96468.99000000,95616.60000000,96422.60000000
1739966400000000,96422.60000000,96700.00000000,95536.36000000,95943.74000000
1739980800000000,95943.74000000,96480.00000000,95407.41000000,96206.54000000
1739995200000000,96206.54000000,96899.99000000,96058.38000000,96644.37000000
1740009600000000,96644.37000000,97362.83000000,96415.09000000,97055.25000000
1740024000000000,97055.24000000,97339.11000000,96781.57000000,96867.92000000
1740038400000000,96867.92000000,97384.03000000,96801.61000000,97207.92000000
1740052800000000,97207.93000000,98062.15000000,96799.42000000,96903.77000000
1740067200000000,96903.76000000,98518.00000000,96888.00000000,98422.80000000
1740081600000000,98422.80000000,98711.36000000,98000.00000000,98305.00000000
1740096000000000,98305.01000000,98505.00000000,98084.06000000,98141.99000000
1740110400000000,98141.99000000,98610.17000000,98117.73000000,98179.76000000
1740124800000000,98179.77000000,98896.81000000,98111.11000000,98629.30000000
1740139200000000,98629.31000000,99475.00000000,97177.31000000,98104.04000000
1740153600000000,98104.04000000,98757.00000000,95247.15000000,95285.11000000
1740168000000000,95285.11000000,96202.68000000,94871.95000000,96181.98000000
1740182400000000,96181.99000000,96455.97000000,95770.49000000,96299.07000000
1740196800000000,96299.08000000,96578.99000000,96273.85000000,96288.09000000
1740211200000000,96288.09000000,96611.53000000,96151.00000000,96580.00000000
1740225600000000,96580.00000000,96980.00000000,96485.37000000,96592.00000000
1740240000000000,96592.01000000,96823.53000000,96345.49000000,96639.99000000
1740254400000000,96640.00000000,96700.00000000,96472.22000000,96551.01000000
1740268800000000,96551.01000000,96650.00000000,96355.17000000,96414.00000000
1740283200000000,96414.00000000,96558.01000000,96143.99000000,96508.85000000
1740297600000000,96508.85000000,96508.86000000,96083.33000000,96115.99000000
1740312000000000,96115.99000000,96158.50000000,95414.25000000,95436.18000000
1740326400000000,95436.19000000,95876.00000000,95227.94000000,95755.99000000
1740340800000000,95756.00000000,96332.44000000,95522.78000000,96258.00000000
1740355200000000,96258.00000000,96500.00000000,95311.00000000,95433.21000000
1740369600000000,95433.21000000,95945.00000000,95078.01000000,95872.02000000
1740384000000000,95872.02000000,96177.18000000,95355.00000000,95821.45000000
1740398400000000,95821.45000000,96095.32000000,93817.06000000,94323.95000000
1740412800000000,94323.95000000,95194.59000000,93666.22000000,93943.51000000
1740427200000000,93943.52000000,94571.43000000,91349.26000000,91552.88000000
1740441600000000,91552.88000000,92540.69000000,90912.01000000,92153.93000000
1740456000000000,92153.93000000,92327.88000000,88200.00000000,89320.01000000
1740470400000000,89320.01000000,90000.00000000,86888.10000000,89239.39000000
1740484800000000,89239.39000000,89544.40000000,86050.99000000,87231.26000000
1740499200000000,87231.63000000,88065.45000000,86157.69000000,87947.25000000
1740513600000000,87947.24000000,89460.17000000,87622.64000000,88680.40000000
1740528000000000,88680.39000000,89414.15000000,88148.48000000,88900.00000000
1740542400000000,88900.01000000,89245.29000000,88392.45000000,88720.02000000
1740556800000000,88720.01000000,89314.45000000,88138.00000000,88616.80000000
1740571200000000,88616.80000000,88674.00000000,85418.72000000,87567.53000000
1740585600000000,87567.53000000,87806.62000000,83418.00000000,83856.99000000
1740600000000000,83856.98000000,85400.00000000,82256.01000000,84250.09000000
1740614400000000,84250.09000000,85466.55000000,84026.96000000,85226.32000000
1740628800000000,85226.32000000,86737.00000000,84694.29000000,86272.01000000
1740643200000000,86272.01000000,87078.46000000,85846.87000000,86698.60000000
1740657600000000,86698.60000000,86795.90000000,84640.75000000,85500.84000000
1740672000000000,85500.84000000,85691.51000000,83614.75000000,84113.98000000
1740686400000000,84113.98000000,84927.84000000,82716.49000000,84708.58000000
1740700800000000,84708.57000000,84892.85000000,79532.00000000,80452.44000000
1740715200000000,80452.89000000,80969.69000000,78820.06000000,79204.59000000
1740729600000000,79204.60000000,80854.46000000,78258.52000000,80513.38000000
1740744000000000,80512.97000000,84425.89000000,80075.47000000,84005.05000000
1740758400000000,84005.05000000,85120.00000000,83196.71000000,84449.99000000
1740772800000000,84450.00000000,84795.03000000,83600.00000000,84349.94000000
1740787200000000,84349.95000000,85678.11000000,83824.78000000,85330.84000000
1740801600000000,85330.83000000,86558.00000000,84740.15000000,84740.15000000
1740816000000000,84740.16000000,85508.79000000,84382.62000000,84632.79000000
1740830400000000,84632.79000000,84943.08000000,84334.39000000,84800.00000000
1740844800000000,84800.01000000,85591.84000000,84700.00000000,85485.41000000
1740859200000000,85485.41000000,86262.74000000,85285.88000000,86064.53000000
1740873600000000,86064.54000000,86498.00000000,85611.79000000,85873.07000000
1740888000000000,85873.06000000,86589.97000000,85531.87000000,86232.42000000
1740902400000000,86232.42000000,86263.23000000,85633.13000000,86105.89000000
1740916800000000,86105.88000000,88673.09000000,85050.60000000,87427.99000000
1740931200000000,87428.00000000,95000.00000000,87278.51000000,93522.00000000
1740945600000000,93522.01000000,94883.51000000,93502.00000000,94270.00000000
1740960000000000,94269.99000000,94416.46000000,92433.50000000,92709.98000000
1740974400000000,92709.98000000,93361.46000000,91181.00000000,92363.58000000
1740988800000000,92363.58000000,92917.99000000,91142.00000000,92739.99000000
1741003200000000,92740.00000000,93721.37000000,89117.00000000,90035.37000000
1741017600000000,90035.38000000,91000.00000000,85555.45000000,85606.00000000
1741032000000000,85606.01000000,87038.46000000,85117.11000000,86220.61000000
1741046400000000,86221.16000000,86807.98000000,82464.84000000,83983.72000000
1741060800000000,83983.73000000,84581.60000000,83140.00000000,83186.40000000
1741075200000000,83186.40000000,84373.84000000,83040.29000000,83937.94000000
1741089600000000,83937.93000000,84977.65000000,81500.00000000,82985.06000000
1741104000000000,82985.05000000,88487.91000000,82013.11000000,88206.19000000
1741118400000000,88206.19000000,88967.52000000,86582.27000000,87281.98000000
1741132800000000,87281.98000000,87888.88000000,86334.53000000,86843.40000000
1741147200000000,86843.40000000,87727.27000000,86722.81000000,87619.49000000
1741161600000000,87619.49000000,90660.00000000,87600.00000000,89814.26000000
1741176000000000,89814.26000000,90933.82000000,87926.06000000,88344.25000000
1741190400000000,88344.25000000,90475.30000000,87600.00000000,89750.00000000
1741204800000000,89750.00000000,91000.00000000,89677.80000000,90606.01000000
1741219200000000,90606.00000000,92025.00000000,89986.73000000,91605.01000000
1741233600000000,91605.02000000,92810.64000000,91265.96000000,91346.48000000
1741248000000000,91346.49000000,91667.50000000,90613.17000000,91350.00000000
1741262400000000,91350.00000000,91457.03000000,89117.68000000,90820.69000000
1741276800000000,90820.69000000,91066.44000000,87836.00000000,88526.18000000
1741291200000000,88526.23000000,90781.20000000,88461.22000000,89931.89000000
1741305600000000,89931.88000000,91283.02000000,84667.03000000,86991.25000000
1741320000000000,86991.26000000,88612.96000000,86857.14000000,88365.18000000
1741334400000000,88365.19000000,89704.00000000,87985.30000000,88966.96000000
1741348800000000,88966.96000000,91100.00000000,88022.47000000,88457.99000000
1741363200000000,88457.99000000,89023.41000000,86554.77000000,87820.10000000
1741377600000000,87820.09000000,88511.00000000,85573.07000000,86801.75000000
1741392000000000,86801.74000000,86897.25000000,85218.47000000,85919.12000000
1741406400000000,85919.12000000,86662.00000000,85653.66000000,86197.14000000
1741420800000000,86197.14000000,86450.01000000,85762.72000000,85955.88000000
1741435200000000,85955.89000000,86627.51000000,85808.82000000,86400.00000000
1741449600000000,86400.00000000,86500.00000000,85661.76000000,86233.52000000
1741464000000000,86233.52000000,86500.00000000,85852.12000000,86222.45000000
1741478400000000,86222.46000000,86500.00000000,85939.85000000,86115.71000000
1741492800000000,86115.71000000,86158.83000000,85809.48000000,86004.61000000
1741507200000000,86004.61000000,86098.00000000,84625.01000000,85024.01000000
1741521600000000,85024.00000000,85058.34000000,82711.50000000,83080.41000000
1741536000000000,83080.40000000,83758.22000000,82223.00000000,82640.86000000
1741550400000000,82640.86000000,83539.66000000,80000.00000000,80734.37000000
1741564800000000,80734.48000000,82744.00000000,80037.62000000,82047.49000000
1741579200000000,82047.49000000,82797.95000000,81977.27000000,82318.77000000
1741593600000000,82318.78000000,84123.46000000,81151.00000000,83582.00000000
1741608000000000,83582.00000000,83771.94000000,79177.03000000,80043.85000000
1741622400000000,80043.84000000,80250.00000000,77459.91000000,79060.84000000
1741636800000000,79060.84000000,79886.03000000,78409.40000000,78595.86000000
1741651200000000,78595.86000000,79938.27000000,76606.00000000,79522.29000000
1741665600000000,79522.29000000,80614.89000000,79439.90000000,80424.95000000
1741680000000000,80424.94000000,82092.34000000,80325.22000000,81720.34000000
1741694400000000,81720.33000000,82225.21000000,79058.00000000,81232.24000000
1741708800000000,81232.23000000,83617.40000000,80609.96000000,83104.01000000
1741723200000000,83104.01000000,83306.87000000,82550.52000000,82932.99000000
1741737600000000,82932.99000000,83783.26000000,82100.61000000,82127.72000000
1741752000000000,82127.73000000,82541.47000000,81296.00000000,82447.79000000
1741766400000000,82447.78000000,83076.79000000,82000.29000000,83004.45000000
1741780800000000,83004.45000000,84539.85000000,80607.65000000,81738.97000000
1741795200000000,81738.97000000,83165.46000000,81626.64000000,82915.93000000
1741809600000000,82915.94000000,83887.26000000,82709.36000000,83680.12000000
1741824000000000,83680.12000000,84336.33000000,83312.92000000,83577.14000000
1741838400000000,83577.14000000,83709.03000000,82851.00000000,83151.99000000
1741852800000000,83152.00000000,83522.61000000,82400.04000000,82975.86000000
1741867200000000,82975.86000000,83900.00000000,80954.29000000,81044.72000000
1741881600000000,81044.72000000,81264.73000000,79939.90000000,80211.40000000
1741896000000000,80210.40000000,81484.23000000,80189.89000000,81115.78000000
1741910400000000,81115.78000000,82270.51000000,80818.84000000,81888.77000000
1741924800000000,81888.77000000,82454.50000000,81780.08000000,82170.85000000
1741939200000000,82170.84000000,83348.46000000,82170.84000000,83253.15000000
1741953600000000,83253.15000000,85309.71000000,82640.59000000,84724.58000000
1741968000000000,84724.58000000,84950.00000000,83949.19000000,84554.00000000
1741982400000000,84554.00000000,84554.01000000,83717.69000000,83983.20000000
1741996800000000,83983.19000000,84676.28000000,83964.57000000,84491.99000000
1742011200000000,84492.00000000,84559.00000000,83791.09000000,83827.31000000
1742025600000000,83827.32000000,84184.58000000,83618.00000000,84103.74000000
1742040000000000,84103.74000000,84499.74000000,84010.58000000,84346.02000000
1742054400000000,84346.03000000,84498.72000000,84076.92000000,84299.98000000
1742068800000000,84299.99000000,84467.70000000,84237.58000000,84338.44000000
1742083200000000,84338.44000000,84393.72000000,83733.86000000,84332.34000000
1742097600000000,84332.35000000,84418.00000000,83972.57000000,84273.96000000
1742112000000000,84273.95000000,84335.43000000,82381.46000000,82410.02000000
1742126400000000,82410.01000000,83508.95000000,82400.00000000,83320.83000000
1742140800000000,83320.83000000,85117.04000000,82562.36000000,83098.47000000
1742155200000000,83098.47000000,83453.01000000,81981.12000000,82574.53000000
1742169600000000,82574.52000000,83725.39000000,82523.00000000,83675.65000000
1742184000000000,83675.64000000,83869.77000000,82682.62000000,83567.87000000
1742198400000000,83567.88000000,83783.02000000,83220.11000000,83514.73000000
1742212800000000,83514.73000000,84000.00000000,82456.00000000,83531.06000000
1742227200000000,83531.07000000,84756.83000000,83103.60000000,84482.55000000
1742241600000000,84482.55000000,84506.80000000,83746.12000000,84010.03000000
1742256000000000,84010.02000000,84021.74000000,82960.00000000,83147.60000000
1742270400000000,83147.60000000,83280.00000000,82244.68000000,83163.81000000
1742284800000000,83163.81000000,83452.30000000,82500.00000000,82581.10000000
1742299200000000,82581.09000000,82821.60000000,81134.66000000,81610.21000000
1742313600000000,81610.22000000,82476.26000000,81245.65000000,82317.21000000
1742328000000000,82317.20000000,82810.95000000,81870.23000000,82715.03000000
1742342400000000,82715.03000000,83280.00000000,82547.16000000,83037.17000000
1742356800000000,83037.17000000,83364.16000000,82792.91000000,83190.00000000
1742371200000000,83190.00000000,84119.09000000,83178.74000000,83881.40000000
1742385600000000,83881.40000000,84888.00000000,83510.21000000,84733.05000000
1742400000000000,84733.05000000,85950.00000000,83578.32000000,85433.38000000
1742414400000000,85433.38000000,87000.00000000,85200.10000000,86845.94000000
1742428800000000,86845.93000000,87453.67000000,85619.56000000,85891.02000000
1742443200000000,85891.01000000,86013.05000000,85430.38000000,85816.39000000
1742457600000000,85816.39000000,86300.00000000,84755.14000000,85502.17000000
1742472000000000,85502.16000000,86532.04000000,84565.16000000,84691.76000000
1742486400000000,84691.27000000,84908.00000000,83655.23000000,84174.79000000
1742500800000000,84176.87000000,84609.21000000,83922.01000000,84223.39000000
1742515200000000,84223.38000000,84850.33000000,84180.09000000,84451.96000000
1742529600000000,84451.97000000,84798.93000000,83700.47000000,83937.98000000
1742544000000000,83937.99000000,84337.66000000,83732.09000000,84046.52000000
1742558400000000,84046.52000000,84358.51000000,83175.25000000,83565.48000000
1742572800000000,83565.47000000,84435.87000000,83379.00000000,83956.36000000
1742587200000000,83956.35000000,84584.00000000,83813.21000000,84088.79000000
1742601600000000,84088.79000000,84338.98000000,83989.58000000,84256.74000000
1742616000000000,84256.73000000,84429.09000000,84153.21000000,84274.72000000
1742630400000000,84274.71000000,84539.17000000,84109.00000000,84239.25000000
1742644800000000,84239.24000000,84296.39000000,83975.42000000,84109.09000000
1742659200000000,84109.08000000,84320.00000000,84063.53000000,84171.59000000
1742673600000000,84171.59000000,84204.19000000,83625.10000000,83840.59000000
1742688000000000,83840.59000000,84277.07000000,83809.75000000,84224.39000000
1742702400000000,84224.39000000,84328.24000000,84070.22000000,84279.82000000
1742716800000000,84279.82000000,85027.32000000,84263.05000000,84679.99000000
1742731200000000,84680.00000000,85254.17000000,84573.40000000,85189.41000000
1742745600000000,85189.41000000,85413.05000000,84800.00000000,85011.19000000
1742760000000000,85011.20000000,86129.64000000,84923.91000000,86082.50000000
1742774400000000,86082.50000000,86641.13000000,85519.09000000,86532.07000000
1742788800000000,86532.07000000,87300.00000000,86532.06000000,86874.52000000
1742803200000000,86874.52000000,87909.99000000,86838.76000000,87689.52000000
1742817600000000,87689.52000000,88765.43000000,87138.60000000,88350.01000000
1742832000000000,88350.01000000,88536.00000000,87690.59000000,88222.00000000
1742846400000000,88222.01000000,88481.14000000,87050.60000000,87498.16000000
1742860800000000,87498.16000000,87679.25000000,86330.66000000,86520.88000000
1742875200000000,86520.89000000,86879.77000000,86310.00000000,86436.82000000
1742889600000000,86436.82000000,87500.00000000,86406.49000000,87370.43000000
1742904000000000,87370.44000000,88258.80000000,86929.46000000,87774.37000000
1742918400000000,87774.37000000,88321.27000000,87588.59000000,88116.23000000
1742932800000000,88116.23000000,88539.63000000,87132.65000000,87392.87000000
1742947200000000,87392.88000000,87892.14000000,87030.56000000,87153.51000000
1742961600000000,87153.50000000,88275.00000000,87052.00000000,88140.45000000
1742976000000000,88140.45000000,88259.81000000,87837.49000000,87954.96000000
1742990400000000,87954.97000000,88000.00000000,86434.36000000,86752.52000000
1743004800000000,86752.52000000,87058.40000000,85860.00000000,86567.19000000
1743019200000000,86567.18000000,87404.34000000,86520.10000000,86909.17000000
1743033600000000,86909.17000000,87756.39000000,86796.26000000,87670.18000000
1743048000000000,87670.17000000,87691.34000000,87249.68000000,87399.99000000
1743062400000000,87399.99000000,87597.60000000,86787.00000000,86943.52000000
1743076800000000,86943.51000000,87575.00000000,85800.00000000,86974.07000000
1743091200000000,86974.07000000,87429.21000000,86796.00000000,87060.41000000
1743105600000000,87060.40000000,87728.27000000,86943.04000000,87232.01000000
1743120000000000,87232.01000000,87515.67000000,86750.00000000,86787.16000000
1743134400000000,86787.17000000,86832.64000000,85162.48000000,85212.99000000
1743148800000000,85212.98000000,85441.25000000,84800.00000000,85255.26000000
1743163200000000,85255.25000000,85609.74000000,83953.86000000,84051.16000000
1743177600000000,84051.15000000,84217.61000000,83585.00000000,83790.73000000
1743192000000000,83790.74000000,84538.69000000,83697.83000000,84424.38000000
1743206400000000,84424.38000000,84624.73000000,83709.67000000,84166.30000000
1743220800000000,84166.30000000,84258.45000000,83662.86000000,83731.82000000
1743235200000000,83731.83000000,83947.42000000,82007.00000000,82293.56000000
1743249600000000,82293.56000000,82882.01000000,82145.22000000,82414.23000000
1743264000000000,82414.22000000,82758.41000000,81644.81000000,82758.40000000
1743278400000000,82758.40000000,82787.29000000,82258.86000000,82648.54000000
1743292800000000,82648.53000000,83503.53000000,82500.00000000,83088.81000000
1743307200000000,83088.82000000,83321.16000000,82868.96000000,83076.59000000
1743321600000000,83076.58000000,83534.64000000,82975.36000000,83111.76000000
1743336000000000,83111.76000000,83268.05000000,82543.83000000,82729.57000000
1743350400000000,82729.57000000,82908.11000000,82050.40000000,82548.81000000
1743364800000000,82548.80000000,82757.70000000,81565.00000000,82389.99000000
1743379200000000,82390.00000000,82444.89000000,81278.52000000,81530.00000000
1743393600000000,81530.00000000,82305.57000000,81400.00000000,81933.51000000
1743408000000000,81933.51000000,82272.00000000,81290.88000000,82205.51000000
1743422400000000,82205.50000000,83943.08000000,81656.00000000,83418.78000000
1743436800000000,83418.78000000,83694.29000000,82400.00000000,82462.27000000
1743451200000000,82462.26000000,82886.80000000,82265.10000000,82550.01000000
1743465600000000,82550.00000000,83256.80000000,82432.74000000,82962.84000000
1743480000000000,82962.84000000,83597.07000000,82886.87000000,83445.50000000
1743494400000000,83445.50000000,84504.74000000,83410.00000000,83930.30000000
1743508800000000,83930.31000000,85499.55000000,82544.00000000,85280.87000000
1743523200000000,85280.88000000,85493.00000000,84720.00000000,84972.01000000
1743537600000000,84972.00000000,85579.46000000,84773.58000000,85158.34000000
1743552000000000,85158.35000000,85255.95000000,84504.21000000,84550.00000000
1743566400000000,84550.00000000,84726.42000000,83904.72000000,84426.33000000
1743580800000000,84426.32000000,85450.00000000,84262.73000000,84566.91000000
1743595200000000,84566.91000000,87333.00000000,84462.69000000,86757.67000000
1743609600000000,86757.67000000,87333.00000000,86186.19000000,86900.02000000
1743624000000000,86900.01000000,88500.00000000,82320.00000000,82516.29000000
1743638400000000,82516.28000000,83998.02000000,82175.98000000,83483.97000000
1743652800000000,83483.97000000,83735.85000000,83000.00000000,83456.75000000
1743667200000000,83456.76000000,83788.23000000,83047.00000000,83096.01000000
1743681600000000,83096.01000000,83147.95000000,81211.24000000,82039.31000000
1743696000000000,82039.32000000,82448.21000000,81540.00000000,82008.70000000
1743710400000000,82009.76000000,83332.20000000,81800.00000000,83213.09000000
1743724800000000,83213.09000000,83413.46000000,82577.63000000,82818.52000000
1743739200000000,82818.53000000,84000.00000000,82615.36000000,83992.85000000
1743753600000000,83992.85000000,84720.00000000,81659.00000000,82680.45000000
1743768000000000,82680.44000000,83716.00000000,81849.05000000,82860.00000000
1743782400000000,82860.00000000,84620.01000000,82736.00000000,84009.99000000
1743796800000000,84010.00000000,84450.00000000,83492.95000000,83889.87000000
1743811200000000,83889.87000000,84266.00000000,83395.46000000,83624.01000000
1743825600000000,83624.01000000,83868.00000000,83297.66000000,83525.34000000
1743840000000000,83525.33000000,83894.70000000,83359.64000000,83452.69000000
1743854400000000,83452.69000000,83550.68000000,82379.95000000,82618.26000000
1743868800000000,82618.25000000,83146.00000000,82607.05000000,82860.00000000
1743883200000000,82859.99000000,83688.00000000,82833.00000000,83537.99000000
1743897600000000,83537.99000000,83817.63000000,83163.45000000,83344.14000000
1743912000000000,83344.14000000,83533.01000000,83024.96000000,83024.96000000
1743926400000000,83024.97000000,83172.00000000,82666.00000000,82855.99000000
1743940800000000,82855.99000000,82981.14000000,82217.83000000,82548.36000000
1743955200000000,82548.36000000,82554.15000000,78694.99000000,79614.35000000
1743969600000000,79614.34000000,79890.16000000,77153.83000000,78430.00000000
1743984000000000,78430.00000000,79347.46000000,77354.00000000,77707.77000000
1743998400000000,77707.78000000,77984.00000000,74508.00000000,75126.01000000
1744012800000000,75126.01000000,77577.88000000,75085.74000000,76685.62000000
1744027200000000,76685.62000000,81243.58000000,75789.01000000,78479.90000000
1744041600000000,78479.91000000,79365.46000000,77313.20000000,78130.44000000
1744056000000000,78130.43000000,80218.88000000,78102.91000000,79163.24000000
1744070400000000,79163.24000000,80867.99000000,78772.14000000,79904.00000000
1744084800000000,79904.00000000,80413.49000000,79219.90000000,79496.00000000
1744099200000000,79496.01000000,80077.65000000,78819.65000000,79982.00000000
1744113600000000,79982.00000000,80375.00000000,78175.14000000,78497.99000000
1744128000000000,78498.00000000,78522.72000000,76334.65000000,76854.05000000
1744142400000000,76854.05000000,77285.50000000,76239.90000000,76322.42000000
1744156800000000,76322.42000000,76868.28000000,74620.00000000,75073.33000000
1744171200000000,75073.34000000,77979.30000000,75000.00000000,77694.12000000
1744185600000000,77694.12000000,77880.00000000,75756.86000000,76230.01000000
1744200000000000,76230.01000000,78318.46000000,76010.21000000,77258.00000000
1744214400000000,77258.01000000,82990.00000000,77136.00000000,82332.08000000
1744228800000000,82332.08000000,83588.00000000,81987.89000000,82615.22000000
1744243200000000,82615.22000000,82753.21000000,81472.84000000,81775.20000000
1744257600000000,81775.20000000,82344.30000000,81292.99000000,81595.81000000
1744272000000000,81595.81000000,82130.43000000,81349.00000000,81882.01000000
1744286400000000,81882.00000000,82466.35000000,78606.06000000,78757.00000000
1744300800000000,78757.24000000,80058.96000000,78464.36000000,79649.34000000
1744315200000000,79647.37000000,80035.54000000,79377.04000000,79607.30000000
1744329600000000,79607.30000000,80906.63000000,78969.58000000,80842.99000000
1744344000000000,80843.00000000,81440.73000000,80512.22000000,81266.76000000
1744358400000000,81266.76000000,82985.71000000,80782.43000000,82129.67000000
1744372800000000,82129.67000000,83333.00000000,81341.22000000,82521.74000000
1744387200000000,82521.74000000,84220.00000000,82015.08000000,83858.28000000
1744401600000000,83858.28000000,84300.00000000,83162.00000000,83423.84000000
1744416000000000,83423.83000000,83572.00000000,82792.95000000,82973.13000000
1744430400000000,82973.14000000,83830.62000000,82856.86000000,83724.92000000
1744444800000000,83724.92000000,84031.87000000,83305.91000000,83528.30000000
1744459200000000,83528.30000000,85402.90000000,83474.94000000,85008.40000000
1744473600000000,85008.40000000,85258.29000000,84421.95000000,84943.40000000
1744488000000000,84943.39000000,85905.00000000,84877.61000000,85276.90000000
1744502400000000,85276.91000000,86100.00000000,84724.91000000,85432.31000000
1744516800000000,85432.31000000,85436.68000000,84399.42000000,84413.10000000
1744531200000000,84413.10000000,84949.86000000,84216.15000000,84528.66000000
1744545600000000,84528.66000000,84700.00000000,83480.67000000,83849.66000000
1744560000000000,83849.66000000,84990.22000000,83050.00000000,83981.31000000
1744574400000000,83981.32000000,84446.31000000,83034.23000000,83760.00000000
1744588800000000,83760.00000000,85544.30000000,83678.00000000,84566.03000000
1744603200000000,84566.04000000,85110.00000000,84211.06000000,84580.76000000
1744617600000000,84580.77000000,84965.34000000,84250.00000000,84927.55000000
1744632000000000,84927.56000000,85799.99000000,83709.25000000,84101.16000000
1744646400000000,84101.16000000,85208.10000000,83863.63000000,84923.07000000
1744660800000000,84923.07000000,84971.70000000,84424.52000000,84591.58000000
1744675200000000,84591.58000000,85415.10000000,84347.97000000,85379.96000000
1744689600000000,85379.97000000,85879.10000000,85157.60000000,85716.77000000
1744704000000000,85716.77000000,86000.00000000,85351.00000000,85589.23000000
1744718400000000,85589.23000000,86496.42000000,84623.73000000,84918.14000000
1744732800000000,84918.15000000,85146.55000000,83921.19000000,83998.52000000
1744747200000000,83998.51000000,84235.85000000,83600.00000000,83643.99000000
1744761600000000,83643.99000000,83960.00000000,83111.64000000,83695.66000000
1744776000000000,83695.66000000,83814.00000000,83212.64000000,83363.17000000
1744790400000000,83363.17000000,84127.05000000,83140.89000000,84048.11000000
1744804800000000,84048.36000000,85270.27000000,83512.20000000,84846.58000000
1744819200000000,84846.58000000,85500.00000000,83275.00000000,84334.01000000
1744833600000000,84334.00000000,84679.53000000,84024.00000000,84030.38000000
1744848000000000,84030.38000000,84496.00000000,83814.48000000,83994.23000000
1744862400000000,83994.23000000,85053.38000000,83900.00000000,84669.98000000
1744876800000000,84669.98000000,84764.44000000,84191.17000000,84562.00000000
1744891200000000,84562.00000000,84862.93000000,83736.26000000,84531.71000000
1744905600000000,84531.72000000,85470.01000000,84393.59000000,84849.06000000
1744920000000000,84849.05000000,85140.00000000,84720.21000000,84947.91000000
1744934400000000,84947.92000000,85132.08000000,84724.60000000,84828.00000000
1744948800000000,84827.99000000,84838.52000000,84413.23000000,84654.68000000
1744963200000000,84654.68000000,84764.00000000,84472.25000000,84669.11000000
1744977600000000,84669.11000000,84769.95000000,84338.00000000,84374.59000000
1744992000000000,84374.60000000,84649.99000000,84303.96000000,84562.83000000
1745006400000000,84562.83000000,84684.49000000,84342.15000000,84474.69000000
1745020800000000,84474.70000000,84986.76000000,84364.45000000,84883.71000000
1745035200000000,84883.72000000,85300.00000000,84883.71000000,85217.39000000
1745049600000000,85217.38000000,85436.72000000,85115.45000000,85217.40000000
1745064000000000,85217.40000000,85677.99000000,85070.00000000,85191.19000000
1745078400000000,85191.18000000,85330.06000000,84694.49000000,85085.55000000
1745092800000000,85085.56000000,85367.93000000,85015.63000000,85077.01000000
1745107200000000,85077.00000000,85320.76000000,85050.27000000,85168.81000000
1745121600000000,85168.82000000,85248.00000000,84678.18000000,84784.01000000
1745136000000000,84784.01000000,84785.00000000,83949.52000000,84129.83000000
1745150400000000,84129.82000000,84664.00000000,84099.30000000,84344.66000000
1745164800000000,84344.65000000,84664.09000000,84272.74000000,84651.61000000
1745179200000000,84651.61000000,85298.00000000,84616.73000000,85179.24000000
1745193600000000,85179.24000000,87640.00000000,85144.76000000,87205.56000000
1745208000000000,87205.56000000,87738.00000000,87038.00000000,87434.78000000
1745222400000000,87434.79000000,87795.26000000,86644.29000000,86971.92000000
1745236800000000,86971.92000000,88465.99000000,86779.97000000,88044.80000000
1745251200000000,88044.81000000,88270.88000000,86389.78000000,87415.10000000
1745265600000000,87415.09000000,87625.68000000,86887.15000000,87516.23000000
1745280000000000,87516.22000000,88877.00000000,87076.03000000,88157.55000000
1745294400000000,88157.55000000,88486.00000000,87953.86000000,88476.83000000
1745308800000000,88476.82000000,88701.93000000,88241.33000000,88614.10000000
1745323200000000,88614.09000000,91439.46000000,88482.00000000,90934.61000000
1745337600000000,90934.61000000,91695.00000000,90624.03000000,91414.79000000
1745352000000000,91414.78000000,93888.00000000,91060.00000000,93442.99000000
1745366400000000,93442.99000000,93909.05000000,92580.18000000,93168.91000000
1745380800000000,93168.91000000,94264.00000000,93017.46000000,94133.82000000
1745395200000000,94133.82000000,94521.79000000,93324.45000000,93466.01000000
1745409600000000,93466.01000000,94696.05000000,91935.41000000,93195.28000000
1745424000000000,93195.28000000,94219.93000000,92913.04000000,93497.88000000
1745438400000000,93497.88000000,93917.53000000,93238.10000000,93691.08000000
1745452800000000,93691.07000000,93787.65000000,92650.00000000,92673.95000000
1745467200000000,92673.95000000,92903.94000000,92101.63000000,92203.55000000
1745481600000000,92203.54000000,92657.69000000,91660.01000000,92619.94000000
1745496000000000,92619.94000000,93450.00000000,92434.78000000,93202.51000000
1745510400000000,93202.52000000,93649.56000000,92666.62000000,93556.12000000
1745524800000000,93556.12000000,94005.00000000,93024.00000000,93980.47000000
1745539200000000,93980.47000000,94444.00000000,92855.96000000,93311.83000000
1745553600000000,93311.83000000,93860.00000000,93013.56000000,93772.26000000
1745568000000000,93772.27000000,94660.00000000,93539.82000000,94635.67000000
1745582400000000,94635.67000000,95758.04000000,93929.41000000,95061.22000000
1745596800000000,95061.21000000,95554.99000000,94370.35000000,95291.00000000
1745611200000000,95291.00000000,95345.45000000,94441.61000000,94638.68000000
1745625600000000,94638.68000000,95199.00000000,94527.84000000,94739.99000000
1745640000000000,94739.99000000,94830.93000000,94380.72000000,94570.31000000
1745654400000000,94570.31000000,94733.54000000,93990.60000000,94144.06000000
1745668800000000,94144.07000000,94394.00000000,93870.69000000,94373.24000000
1745683200000000,94373.24000000,94378.87000000,94041.00000000,94307.50000000
1745697600000000,94307.51000000,94888.00000000,94087.00000000,94628.00000000
1745712000000000,94628.00000000,95369.00000000,94041.60000000,94156.21000000
1745726400000000,94156.22000000,94288.65000000,93655.00000000,94065.98000000
1745740800000000,94065.99000000,94331.85000000,93883.81000000,93920.01000000
1745755200000000,93920.00000000,94173.91000000,93602.58000000,93901.08000000
1745769600000000,93901.09000000,94434.79000000,93727.08000000,94433.50000000
1745784000000000,94433.49000000,94545.45000000,93641.70000000,93749.30000000
1745798400000000,93749.29000000,93987.30000000,92800.01000000,93849.93000000
1745812800000000,93849.93000000,94800.00000000,93849.93000000,94692.49000000
1745827200000000,94692.49000000,95550.00000000,94339.48000000,95319.99000000
1745841600000000,95319.99000000,95630.00000000,93583.90000000,93833.51000000
1745856000000000,93833.50000000,94920.00000000,93444.00000000,94787.20000000
1745870400000000,94786.73000000,95180.00000000,94305.95000000,95011.18000000
1745884800000000,95011.18000000,95461.53000000,94443.70000000,94658.76000000
1745899200000000,94658.75000000,94960.00000000,94200.00000000,94917.61000000
1745913600000000,94917.61000000,95285.71000000,94743.01000000,95129.74000000
1745928000000000,95129.74000000,95300.00000000,94531.85000000,94843.10000000
1745942400000000,94843.10000000,95459.99000000,94658.99000000,95300.79000000
1745956800000000,95300.79000000,95408.00000000,93742.54000000,94256.82000000
1745971200000000,94256.82000000,95111.01000000,94136.48000000,95032.84000000
1745985600000000,95032.84000000,95180.00000000,94500.00000000,94620.99000000
1746000000000000,94620.99000000,95228.45000000,94527.58000000,95176.66000000
1746014400000000,95176.66000000,95214.90000000,92910.00000000,94004.63000000
1746028800000000,94004.63000000,94500.00000000,93528.71000000,94152.01000000
1746043200000000,94152.01000000,94784.10000000,94005.00000000,94172.00000000
1746057600000000,94172.00000000,95040.30000000,94130.43000000,94782.60000000
1746072000000000,94782.60000000,95180.00000000,94714.38000000,95025.84000000
1746086400000000,95025.84000000,96396.31000000,94913.04000000,96180.01000000
1746100800000000,96180.01000000,97424.02000000,95769.66000000,96854.30000000
1746115200000000,96854.31000000,97367.26000000,96424.44000000,96523.26000000
1746129600000000,96523.26000000,96885.77000000,96184.19000000,96489.91000000
1746144000000000,96489.90000000,97233.10000000,96466.21000000,97102.32000000
1746158400000000,97102.32000000,97309.78000000,96350.00000000,96350.00000000
1746172800000000,96350.01000000,97100.00000000,96350.00000000,96928.97000000
1746187200000000,96928.97000000,97895.68000000,96650.94000000,97330.19000000
1746201600000000,97330.19000000,97783.02000000,96769.84000000,96924.23000000
1746216000000000,96924.23000000,97136.00000000,96561.57000000,96887.14000000
1746230400000000,96887.13000000,96935.67000000,96300.02000000,96337.50000000
1746244800000000,96337.50000000,96593.00000000,96132.67000000,96322.68000000
1746259200000000,96322.68000000,96421.91000000,95852.29000000,95942.02000000
1746273600000000,95942.01000000,96509.44000000,95880.65000000,96418.68000000
1746288000000000,96418.68000000,96428.33000000,95869.68000000,96354.34000000
1746302400000000,96354.34000000,96441.49000000,95753.01000000,95856.42000000
1746316800000000,95856.42000000,96304.48000000,95588.00000000,95722.23000000
1746331200000000,95722.22000000,96142.86000000,95692.70000000,95879.99000000
1746345600000000,95879.99000000,95923.54000000,95286.78000000,95423.20000000
1746360000000000,95423.19000000,95690.48000000,95209.07000000,95467.60000000
1746374400000000,95467.60000000,95640.98000000,95239.33000000,95584.07000000
1746388800000000,95584.07000000,95758.08000000,94151.38000000,94277.62000000
1746403200000000,94277.61000000,94808.40000000,93514.10000000,94031.47000000
1746417600000000,94031.47000000,94825.46000000,94020.66000000,94761.91000000
1746432000000000,94761.91000000,94798.01000000,93888.00000000,94038.18000000
1746446400000000,94038.19000000,94531.74000000,93613.66000000,93770.31000000
1746460800000000,93770.32000000,94900.00000000,93759.63000000,94347.17000000
1746475200000000,94347.16000000,95199.00000000,93876.00000000,94733.68000000
1746489600000000,94733.68000000,94926.99000000,94012.78000000,94454.01000000
1746504000000000,94454.01000000,94638.01000000,94308.63000000,94400.99000000
1746518400000000,94400.98000000,94400.99000000,93720.63000000,93812.54000000
1746532800000000,93812.53000000,94733.38000000,93377.00000000,94558.95000000
1746547200000000,94558.94000000,95157.00000000,94216.00000000,94963.50000000
1746561600000000,94963.50000000,96920.65000000,94452.75000000,96834.02000000
1746576000000000,96834.02000000,97732.00000000,96208.10000000,96506.90000000
1746590400000000,96506.90000000,97013.53000000,96310.89000000,96994.82000000
1746604800000000,96994.82000000,97111.00000000,96833.33000000,97047.43000000
1746619200000000,97047.43000000,97478.27000000,96713.14000000,96923.91000000
1746633600000000,96923.91000000,96961.04000000,95784.61000000,96180.01000000
1746648000000000,96180.00000000,97390.00000000,96076.92000000,97030.50000000
1746662400000000,97030.50000000,99222.22000000,96876.29000000,99152.79000000
1746676800000000,99152.79000000,99419.00000000,98723.25000000,99252.34000000
1746691200000000,99252.34000000,99888.00000000,99209.04000000,99409.14000000
1746705600000000,99409.15000000,101525.03000000,99090.66000000,100758.08000000
1746720000000000,100758.08000000,101707.02000000,100596.00000000,101299.99000000
1746734400000000,101300.00000000,104145.76000000,101285.71000000,103261.60000000
1746748800000000,103261.61000000,103268.44000000,102364.00000000,102451.04000000
1746763200000000,102451.04000000,104361.30000000,102374.03000000,103628.77000000
1746777600000000,103628.76000000,103930.00000000,102421.00000000,102958.31000000
1746792000000000,102958.31000000,103793.66000000,102411.99000000,102895.99000000
1746806400000000,102895.99000000,103370.54000000,102315.14000000,103189.17000000
1746820800000000,103189.17000000,103408.00000000,102727.25000000,102971.99000000
1746835200000000,102971.99000000,103265.82000000,102818.76000000,103226.24000000
1746849600000000,103226.25000000,104100.00000000,103034.50000000,103759.71000000
1746864000000000,103759.71000000,104079.37000000,103366.00000000,103434.94000000
1746878400000000,103434.94000000,103825.40000000,103100.00000000,103138.77000000
1746892800000000,103138.76000000,103619.68000000,103005.33000000,103191.35000000
1746907200000000,103191.35000000,104984.57000000,103068.87000000,104809.53000000
1746921600000000,104809.53000000,104972.00000000,103466.05000000,104007.03000000
1746936000000000,104007.03000000,104400.00000000,103345.06000000,103385.47000000
1746950400000000,103385.46000000,104777.00000000,103380.95000000,104652.01000000
1746964800000000,104652.01000000,104888.00000000,103775.91000000,104150.00000000
1746979200000000,104150.00000000,104832.82000000,103750.00000000,104420.00000000
1746993600000000,104420.00000000,104578.62000000,103569.77000000,104118.00000000
1747008000000000,104118.00000000,105086.42000000,103702.15000000,104100.13000000
1747022400000000,104100.13000000,105819.45000000,103750.00000000,104467.99000000
1747036800000000,104467.99000000,104736.45000000,103625.00000000,103762.90000000
1747051200000000,103762.89000000,104629.96000000,102388.00000000,102527.26000000
1747065600000000,102527.27000000,103088.88000000,100718.37000000,101860.00000000
1747080000000000,101859.99000000,103127.92000000,101770.20000000,102791.32000000
1747094400000000,102791.32000000,102791.32000000,101429.70000000,101719.40000000
1747108800000000,101719.40000000,102943.28000000,101610.56000000,102665.50000000
1747123200000000,102665.50000000,103822.03000000,102540.18000000,103729.20000000
1747137600000000,103729.20000000,103966.00000000,102811.32000000,103682.55000000
1747152000000000,103682.54000000,104976.25000000,103532.18000000,104792.22000000
1747166400000000,104792.21000000,104928.00000000,103869.01000000,104103.72000000
1747180800000000,104103.72000000,104115.86000000,103453.26000000,103587.44000000
1747195200000000,103587.44000000,103971.00000000,103381.02000000,103716.55000000
1747209600000000,103716.55000000,104145.00000000,102875.22000000,103944.93000000
1747224000000000,103944.93000000,104356.95000000,102833.55000000,103514.24000000
1747238400000000,103514.24000000,103720.44000000,102602.05000000,103321.72000000
1747252800000000,103321.73000000,103667.52000000,103304.66000000,103507.82000000
1747267200000000,103507.83000000,103866.51000000,102720.00000000,102753.63000000
1747281600000000,102753.62000000,102962.38000000,101724.17000000,101779.99000000
1747296000000000,101779.99000000,102441.00000000,101500.00000000,102371.61000000
1747310400000000,102371.62000000,103291.99000000,101383.07000000,103251.35000000
1747324800000000,103251.36000000,104192.70000000,102552.35000000,103157.26000000
1747339200000000,103157.26000000,103980.84000000,102708.46000000,103763.71000000
1747353600000000,103763.71000000,104466.01000000,103467.91000000,104023.49000000
1747368000000000,104023.49000000,104190.48000000,103694.18000000,103710.17000000
1747382400000000,103710.17000000,103900.00000000,103100.49000000,103651.71000000
1747396800000000,103651.72000000,104286.00000000,103343.07000000,104183.33000000
1747411200000000,104183.32000000,104550.33000000,103587.00000000,104032.60000000
1747425600000000,104032.60000000,104032.60000000,103397.50000000,103463.90000000
1747440000000000,103463.90000000,103600.00000000,102612.50000000,103508.48000000
1747454400000000,103508.48000000,103709.86000000,103285.71000000,103451.14000000
1747468800000000,103451.13000000,103568.58000000,102753.67000000,102994.17000000
1747483200000000,102994.18000000,103180.00000000,102640.02000000,102939.53000000
1747497600000000,102939.52000000,103350.00000000,102761.90000000,103158.60000000
1747512000000000,103158.60000000,103477.87000000,102900.72000000,103126.65000000
1747526400000000,103126.65000000,103409.98000000,103105.09000000,103295.70000000
1747540800000000,103295.70000000,103988.00000000,103295.69000000,103919.39000000
1747555200000000,103919.39000000,104088.20000000,103800.00000000,103800.54000000
1747569600000000,103800.55000000,105680.00000000,103701.40000000,105518.00000000
1747584000000000,105518.00000000,105980.00000000,103851.01000000,103883.97000000
1747598400000000,103883.98000000,106660.00000000,103285.71000000,106454.26000000
1747612800000000,106454.27000000,107108.62000000,103534.47000000,103605.88000000
1747627200000000,103605.90000000,103779.99000000,102000.00000000,103226.29000000
1747641600000000,103226.29000000,103425.53000000,102782.60000000,102963.41000000
1747656000000000,102963.40000000,104968.75000000,102126.16000000,104786.41000000
1747670400000000,104786.42000000,105561.76000000,104491.53000000,105517.70000000
1747684800000000,105517.64000000,105829.99000000,105016.27000000,105573.74000000
1747699200000000,105573.73000000,106853.27000000,105533.01000000,105761.92000000
1747713600000000,105761.92000000,106399.00000000,104928.44000000,105021.71000000
1747728000000000,105021.70000000,105416.66000000,104847.16000000,105203.76000000
1747742400000000,105203.75000000,105391.27000000,104184.72000000,105333.68000000
1747756800000000,105333.67000000,107238.37000000,105090.90000000,107026.47000000
1747771200000000,107026.47000000,107320.00000000,105935.83000000,106849.99000000
1747785600000000,106850.00000000,107206.94000000,106186.79000000,106843.59000000
1747800000000000,106843.60000000,107985.05000000,106454.54000000,106527.16000000
1747814400000000,106527.17000000,106797.98000000,106100.01000000,106546.44000000
1747828800000000,106546.43000000,109458.00000000,106329.47000000,108973.35000000
1747843200000000,108973.34000000,109845.00000000,106117.67000000,108603.79000000
1747857600000000,108603.79000000,110797.38000000,107725.00000000,109643.99000000
1747872000000000,109643.99000000,111880.00000000,109177.37000000,111780.84000000
1747886400000000,111780.84000000,111795.04000000,110461.87000000,111045.45000000
1747900800000000,111045.45000000,111326.20000000,110272.72000000,110981.97000000
1747915200000000,110981.98000000,111626.43000000,110550.00000000,111290.86000000
1747929600000000,111290.85000000,111980.00000000,110916.40000000,111188.00000000
1747944000000000,111188.00000000,111717.34000000,110763.27000000,111696.21000000
1747958400000000,111696.22000000,111800.00000000,111000.13000000,111100.01000000
1747972800000000,111100.00000000,111181.82000000,110407.89000000,110715.42000000
1747987200000000,110715.41000000,111381.61000000,108888.00000000,109076.35000000
1748001600000000,109076.36000000,109992.75000000,107316.00000000,108940.00000000
1748016000000000,108940.00000000,109809.53000000,108001.00000000,108716.07000000
1748030400000000,108714.01000000,108727.28000000,106800.00000000,107318.30000000
1748044800000000,107318.30000000,108367.54000000,106875.41000000,108366.30000000
1748059200000000,108366.31000000,108582.33000000,107566.37000000,107587.75000000
1748073600000000,107587.75000000,109506.03000000,107587.74000000,109208.56000000
1748088000000000,109208.57000000,109282.81000000,108540.00000000,108929.70000000
1748102400000000,108929.71000000,109200.00000000,108682.36000000,108960.00000000
1748116800000000,108960.00000000,109125.00000000,107500.00000000,107761.91000000
1748131200000000,107761.90000000,108257.14000000,107206.00000000,108095.75000000
1748145600000000,108095.76000000,108288.69000000,107454.54000000,107681.81000000
1748160000000000,107681.82000000,107700.65000000,106708.98000000,107260.00000000
1748174400000000,107259.99000000,107743.34000000,106600.64000000,106967.97000000
1748188800000000,106967.97000000,107940.95000000,106640.52000000,107717.01000000
1748203200000000,107717.02000000,109299.99000000,107176.00000000,109004.19000000
1748217600000000,109004.20000000,109844.91000000,108670.58000000,109623.53000000
1748232000000000,109623.54000000,110228.11000000,109365.29000000,110094.62000000
1748246400000000,110094.62000000,110173.92000000,109556.69000000,109772.72000000
1748260800000000,109772.73000000,110420.74000000,109494.74000000,110009.82000000
1748275200000000,110009.83000000,110422.22000000,108858.28000000,109130.44000000
1748289600000000,109130.44000000,109888.89000000,108940.00000000,109434.79000000
1748304000000000,109434.78000000,109666.00000000,107516.57000000,108892.16000000
1748318400000000,108892.15000000,109636.37000000,108550.00000000,109547.16000000
1748332800000000,109540.00000000,109899.00000000,109428.98000000,109585.49000000
1748347200000000,109585.49000000,110718.00000000,108670.29000000,110140.11000000
1748361600000000,110140.11000000,110499.64000000,109574.46000000,109877.87000000
1748376000000000,109877.87000000,109897.49000000,108600.00000000,108938.17000000
1748390400000000,108938.17000000,109284.70000000,108400.00000000,108863.64000000
1748404800000000,108863.64000000,109089.68000000,108624.43000000,108816.44000000
1748419200000000,108816.44000000,109130.44000000,108258.01000000,108870.38000000
1748433600000000,108870.39000000,109053.39000000,107045.45000000,107107.31000000
1748448000000000,107107.31000000,107842.29000000,106938.24000000,106946.01000000
1748462400000000,106946.00000000,108043.95000000,106769.43000000,107781.78000000
1748476800000000,107781.78000000,108484.61000000,107421.12000000,108044.88000000
1748491200000000,108044.87000000,108106.94000000,106948.01000000,107880.72000000
1748505600000000,107880.73000000,108891.91000000,107681.81000000,108779.84000000
1748520000000000,108779.83000000,108797.25000000,106474.00000000,107019.89000000
1748534400000000,107019.90000000,107168.23000000,105639.30000000,105731.74000000
1748548800000000,105731.74000000,106470.69000000,105322.86000000,105589.75000000
1748563200000000,105589.75000000,106214.93000000,104600.50000000,106024.33000000
1748577600000000,106024.33000000,106313.12000000,104727.72000000,105028.02000000
1748592000000000,105028.03000000,105981.75000000,104606.01000000,105880.51000000
1748606400000000,105880.50000000,106000.00000000,105047.61000000,105543.00000000
1748620800000000,105543.00000000,105560.98000000,103706.71000000,104640.50000000
1748635200000000,104640.49000000,104878.05000000,103621.00000000,103985.48000000
1748649600000000,103985.47000000,104292.69000000,103068.55000000,103684.01000000
1748664000000000,103684.00000000,103911.10000000,103487.99000000,103747.02000000
1748678400000000,103747.03000000,103809.51000000,103285.71000000,103498.18000000
1748692800000000,103498.17000000,104846.15000000,103480.11000000,104556.08000000
1748707200000000,104556.08000000,104780.49000000,104261.39000000,104698.02000000
1748721600000000,104698.03000000,104900.00000000,104473.20000000,104591.88000000
1748736000000000,104591.88000000,104647.11000000,103924.52000000,104381.03000000
1748750400000000,104381.03000000,104729.99000000,104195.12000000,104275.95000000
1748764800000000,104275.95000000,104459.07000000,103752.49000000,104082.68000000
1748779200000000,104082.67000000,104809.53000000,103783.01000000,104715.10000000
1748793600000000,104715.10000000,105299.21000000,104319.79000000,105121.94000000
1748808000000000,105121.95000000,105866.91000000,104893.72000000,105642.93000000
1748822400000000,105642.93000000,105735.42000000,104571.42000000,104829.27000000
1748836800000000,104829.27000000,105438.87000000,104610.13000000,105387.67000000
1748851200000000,105387.67000000,105935.63000000,103941.00000000,104047.64000000
1748865600000000,104047.63000000,104679.25000000,103659.88000000,104438.79000000
1748880000000000,104438.79000000,104731.95000000,104030.01000000,104425.63000000
1748894400000000,104425.64000000,105931.44000000,104425.64000000,105857.99000000
1748908800000000,105858.00000000,106500.00000000,105340.18000000,105482.02000000
1748923200000000,105482.03000000,105513.02000000,105116.20000000,105170.75000000
1748937600000000,105170.76000000,105349.94000000,104872.50000000,105287.24000000
1748952000000000,105287.24000000,106794.67000000,105031.60000000,106610.66000000
1748966400000000,106610.66000000,106666.67000000,105592.17000000,106238.81000000
1748980800000000,106238.81000000,106254.92000000,105266.02000000,105376.89000000
1748995200000000,105376.90000000,105839.63000000,105132.27000000,105519.27000000
1749009600000000,105519.26000000,105611.96000000,105250.00000000,105320.75000000
1749024000000000,105320.75000000,106000.00000000,105080.26000000,105084.36000000
1749038400000000,105084.36000000,105542.00000000,104179.00000000,105298.27000000
1749052800000000,105298.26000000,105483.14000000,104865.25000000,104913.52000000
1749067200000000,104913.52000000,105045.79000000,104407.16000000,104696.86000000
1749081600000000,104696.86000000,105240.84000000,104651.16000000,105047.15000000
1749096000000000,105047.15000000,105226.14000000,104380.00000000,104518.05000000
1749110400000000,104518.05000000,104920.00000000,104424.52000000,104827.80000000
1749124800000000,104827.79000000,105909.71000000,103900.00000000,104531.49000000
1749139200000000,104531.50000000,104598.87000000,101596.62000000,101914.77000000
1749153600000000,101914.76000000,102171.44000000,100372.26000000,101508.68000000
1749168000000000,101508.69000000,102520.00000000,101095.80000000,102493.30000000
1749182400000000,102493.30000000,103468.66000000,102387.38000000,103150.44000000
1749196800000000,103150.44000000,103991.45000000,103150.43000000,103927.99000000
1749211200000000,103927.99000000,105333.00000000,103513.70000000,105092.28000000
1749225600000000,105092.28000000,105284.00000000,104013.21000000,104219.80000000
1749240000000000,104219.80000000,104617.56000000,104167.98000000,104288.44000000
1749254400000000,104288.43000000,104910.77000000,103871.09000000,104871.58000000
1749268800000000,104871.59000000,105319.13000000,104643.62000000,104867.04000000
1749283200000000,104867.03000000,105264.00000000,104689.81000000,105150.01000000
1749297600000000,105150.01000000,105800.00000000,105150.00000000,105558.11000000
1749312000000000,105558.11000000,105884.46000000,105279.06000000,105725.91000000
1749326400000000,105725.91000000,105900.00000000,105534.88000000,105552.15000000
1749340800000000,105552.15000000,105786.33000000,105394.03000000,105471.59000000
1749355200000000,105471.59000000,105653.13000000,105408.38000000,105426.45000000
1749369600000000,105426.46000000,105720.94000000,104964.14000000,105686.71000000
1749384000000000,105686.71000000,106160.19000000,105520.25000000,105984.52000000
1749398400000000,105984.53000000,106360.00000000,105943.91000000,106289.99000000
1749412800000000,106289.99000000,106488.14000000,105545.71000000,105734.00000000
1749427200000000,105734.01000000,105966.33000000,105318.37000000,105659.13000000
1749441600000000,105659.14000000,105717.30000000,105319.00000000,105560.71000000
1749456000000000,105560.71000000,107806.00000000,105473.57000000,107759.21000000
1749470400000000,107759.21000000,108020.00000000,106860.00000000,107635.91000000
1749484800000000,107635.91000000,108767.24000000,107635.91000000,108564.72000000
1749499200000000,108565.86000000,110530.17000000,108456.08000000,110263.02000000
1749513600000000,110263.02000000,110311.82000000,109381.24000000,109568.02000000
1749528000000000,109568.03000000,109737.68000000,109095.67000000,109205.14000000
1749542400000000,109205.14000000,109851.80000000,109056.90000000,109541.28000000
1749556800000000,109541.93000000,109900.81000000,108331.03000000,109015.42000000
1749571200000000,109015.41000000,110400.00000000,108518.86000000,109526.30000000
1749585600000000,109526.30000000,110299.73000000,109239.68000000,110274.39000000
1749600000000000,110274.39000000,110274.40000000,109533.97000000,109722.95000000
1749614400000000,109722.95000000,109745.29000000,109373.67000000,109446.74000000
1749628800000000,109446.74000000,109675.69000000,109193.89000000,109252.09000000
1749643200000000,109252.10000000,110392.01000000,109008.82000000,109735.70000000
1749657600000000,109735.70000000,109815.84000000,108412.01000000,108742.37000000
1749672000000000,108742.37000000,109219.51000000,108064.00000000,108645.12000000
1749686400000000,108645.13000000,108813.55000000,107730.00000000,107860.05000000
1749700800000000,107860.04000000,107993.58000000,107320.00000000,107633.53000000
1749715200000000,107633.53000000,107835.83000000,106874.47000000,106900.95000000
1749729600000000,106900.95000000,107822.50000000,106600.00000000,107020.95000000
1749744000000000,107020.96000000,108450.16000000,106680.00000000,106788.80000000
1749758400000000,106789.80000000,106960.77000000,105671.72000000,105671.73000000
1749772800000000,105671.74000000,105694.00000000,102664.31000000,104277.22000000
1749787200000000,104277.22000000,104970.12000000,103782.75000000,104895.00000000
1749801600000000,104895.01000000,105434.34000000,104425.79000000,105039.48000000
1749816000000000,105039.48000000,105747.47000000,104118.00000000,105436.87000000
1749830400000000,105436.87000000,105981.00000000,104668.73000000,105110.00000000
1749844800000000,105110.01000000,106179.53000000,105020.87000000,106066.59000000
1749859200000000,106066.59000000,106252.00000000,105197.96000000,105228.82000000
1749873600000000,105228.83000000,105397.06000000,104792.98000000,105076.59000000
1749888000000000,105076.59000000,105132.36000000,104836.06000000,105082.01000000
1749902400000000,105082.01000000,105131.25000000,104615.38000000,104841.30000000
1749916800000000,104841.29000000,105045.78000000,104359.08000000,104645.67000000
1749931200000000,104645.66000000,105480.00000000,104300.00000000,105414.64000000
1749945600000000,105414.63000000,105680.00000000,105264.75000000,105473.55000000
1749960000000000,105473.54000000,106128.57000000,105200.00000000,105428.00000000
1749974400000000,105428.00000000,105482.40000000,104867.64000000,104970.51000000
1749988800000000,104970.51000000,105838.24000000,104955.48000000,105564.00000000
1750003200000000,105563.99000000,105777.09000000,105082.97000000,105294.19000000
1750017600000000,105294.19000000,105617.82000000,104494.53000000,105594.01000000
1750032000000000,105594.02000000,105970.59000000,104980.37000000,105921.84000000
1750046400000000,105921.85000000,107262.31000000,105874.48000000,107061.80000000
1750060800000000,107061.80000000,107255.01000000,106582.25000000,106883.99000000
1750075200000000,106884.00000000,107784.26000000,106495.09000000,107424.96000000
1750089600000000,107424.96000000,108888.00000000,107309.15000000,108652.00000000
1750104000000000,108652.01000000,108952.38000000,106700.00000000,106794.53000000
1750118400000000,106794.53000000,107771.34000000,106115.35000000,107590.41000000
1750132800000000,107590.41000000,107711.06000000,106481.60000000,106758.52000000
1750147200000000,106758.52000000,106822.78000000,105508.23000000,105641.47000000
1750161600000000,105641.48000000,105862.03000000,104130.95000000,104241.63000000
1750176000000000,104241.62000000,105336.82000000,103371.02000000,104686.12000000
1750190400000000,104686.12000000,104898.81000000,104203.85000000,104551.17000000
1750204800000000,104551.17000000,105240.00000000,104379.52000000,105184.84000000
1750219200000000,105184.84000000,105550.27000000,104713.24000000,104973.24000000
1750233600000000,104973.24000000,105310.62000000,104175.87000000,104840.59000000
1750248000000000,104840.58000000,105325.83000000,103814.04000000,104801.01000000
1750262400000000,104801.01000000,104836.64000000,103500.00000000,103808.41000000
1750276800000000,103808.41000000,105139.87000000,103652.00000000,104886.78000000
1750291200000000,104886.79000000,105226.17000000,104457.12000000,105100.02000000
1750305600000000,105100.01000000,105220.00000000,104617.69000000,104642.85000000
1750320000000000,104642.85000000,105073.53000000,104631.26000000,104776.23000000
1750334400000000,104776.23000000,104917.05000000,104078.00000000,104096.93000000
1750348800000000,104096.94000000,104814.73000000,103929.27000000,104250.44000000
1750363200000000,104250.45000000,104898.31000000,104150.00000000,104658.59000000
1750377600000000,104658.59000000,104820.00000000,104391.38000000,104596.63000000
1750392000000000,104596.64000000,105825.66000000,104238.02000000,105811.74000000
1750406400000000,105811.74000000,106524.65000000,105757.48000000,105977.82000000
1750420800000000,105977.82000000,106149.17000000,103888.00000000,104217.99000000
1750435200000000,104218.00000000,104269.64000000,102345.00000000,103307.22000000
1750449600000000,103307.21000000,103828.00000000,102963.67000000,103297.99000000
1750464000000000,103297.98000000,103691.67000000,103127.48000000,103495.87000000
1750478400000000,103495.86000000,103599.04000000,103330.00000000,103458.50000000
1750492800000000,103458.50000000,103982.64000000,103458.49000000,103874.64000000
1750507200000000,103874.63000000,103946.47000000,103281.82000000,103560.90000000
1750521600000000,103560.90000000,103640.00000000,102210.43000000,102245.10000000
1750536000000000,102245.11000000,102888.88000000,100837.90000000,102120.01000000
1750550400000000,102120.02000000,103399.62000000,101839.96000000,102375.40000000
1750564800000000,102375.40000000,102946.47000000,102256.01000000,102424.61000000
1750579200000000,102424.61000000,102804.05000000,102080.00000000,102739.48000000
1750593600000000,102739.47000000,102831.00000000,98889.35000000,98906.21000000
1750608000000000,98906.21000000,100380.00000000,98673.66000000,98882.84000000
1750622400000000,98882.85000000,101034.65000000,98200.00000000,100963.87000000
1750636800000000,100963.87000000,101620.00000000,100494.25000000,101154.14000000
1750651200000000,101154.13000000,102137.00000000,100980.00000000,101931.04000000
1750665600000000,101931.04000000,102080.00000000,101102.76000000,101289.01000000
1750680000000000,101289.00000000,102613.09000000,100792.16000000,101420.70000000
1750694400000000,101420.71000000,103300.00000000,99613.33000000,103161.29000000
1750708800000000,103161.30000000,106074.20000000,102880.00000000,105333.93000000
1750723200000000,105333.94000000,105500.00000000,104720.82000000,104919.60000000
1750737600000000,104919.60000000,105811.00000000,104704.91000000,104933.74000000
1750752000000000,104933.74000000,105571.40000000,104622.02000000,105170.00000000
1750766400000000,105169.99000000,105731.92000000,104800.98000000,105244.73000000
1750780800000000,105244.72000000,106290.00000000,105172.64000000,105643.19000000
1750795200000000,105643.20000000,106119.11000000,105435.45000000,106083.00000000
1750809600000000,106083.00000000,106791.18000000,105808.03000000,106232.01000000
1750824000000000,106232.01000000,106702.00000000,106001.00000000,106600.01000000
1750838400000000,106600.00000000,107237.44000000,106343.13000000,107198.02000000
1750852800000000,107198.02000000,108135.30000000,106752.36000000,107028.00000000
1750867200000000,107027.99000000,107905.37000000,106931.00000000,107761.68000000
1750881600000000,107761.67000000,108000.00000000,107079.90000000,107340.58000000
1750896000000000,107340.59000000,108272.45000000,107105.43000000,107853.79000000
1750910400000000,107853.79000000,108085.92000000,107520.00000000,107813.99000000
1750924800000000,107813.99000000,108174.86000000,107117.65000000,107325.41000000
1750939200000000,107325.42000000,107765.55000000,106562.50000000,107313.60000000
1750953600000000,107313.61000000,107669.74000000,107009.28000000,107532.98000000
1750968000000000,107532.97000000,108000.00000000,106850.00000000,106947.06000000
1750982400000000,106947.06000000,107515.28000000,106438.33000000,107477.76000000
1750996800000000,107477.76000000,107735.34000000,106850.00000000,106869.71000000
1751011200000000,106869.72000000,107159.95000000,106679.98000000,106983.60000000
1751025600000000,106983.60000000,107407.14000000,106356.76000000,107308.25000000
1751040000000000,107308.25000000,107709.22000000,106446.45000000,106801.02000000
1751054400000000,106801.02000000,107277.99000000,106794.33000000,107047.59000000
1751068800000000,107047.58000000,107347.10000000,106811.51000000,107300.13000000
1751083200000000,107300.13000000,107496.12000000,107183.29000000,107485.00000000
1751097600000000,107485.01000000,107493.07000000,107252.60000000,107373.39000000
1751112000000000,107373.39000000,107577.75000000,107084.15000000,107449.28000000
1751126400000000,107449.28000000,107542.50000000,107225.74000000,107225.74000000
1751140800000000,107225.74000000,107378.37000000,107154.62000000,107296.79000000
1751155200000000,107296.79000000,107500.00000000,107172.52000000,107210.78000000
1751169600000000,107210.78000000,107402.18000000,107205.82000000,107402.18000000
1751184000000000,107402.17000000,108484.00000000,107402.17000000,108477.11000000
1751198400000000,108477.12000000,108528.50000000,107650.00000000,107750.72000000
1751212800000000,107750.72000000,107792.05000000,107316.46000000,107406.81000000
1751227200000000,107406.80000000,108436.47000000,107250.00000000,108356.93000000
1751241600000000,108356.93000000,108789.99000000,108255.81000000,108503.74000000
1751256000000000,108503.74000000,108538.76000000,107481.31000000,107614.08000000
1751270400000000,107614.07000000,107964.33000000,107400.00000000,107654.20000000
1751284800000000,107654.21000000,107858.79000000,106733.33000000,107580.46000000
1751299200000000,107580.47000000,107807.94000000,107116.40000000,107745.97000000
1751313600000000,107745.97000000,107764.73000000,106900.02000000,107146.50000000
1751328000000000,107146.51000000,107540.00000000,107026.93000000,107192.38000000
1751342400000000,107192.39000000,107203.11000000,106615.97000000,107178.99000000
1751356800000000,107178.99000000,107178.99000000,106301.86000000,106605.80000000
1751371200000000,106605.79000000,107179.99000000,105623.39000000,105955.18000000
1751385600000000,105955.19000000,106287.95000000,105387.68000000,105398.53000000
1751400000000000,105398.52000000,106100.00000000,105250.85000000,105681.14000000
1751414400000000,105681.13000000,106216.08000000,105100.19000000,106194.70000000
1751428800000000,106194.70000000,107186.78000000,106131.55000000,107080.00000000
1751443200000000,107080.00000000,107860.23000000,107080.00000000,107479.99000000
1751457600000000,107479.98000000,108759.20000000,107186.10000000,108737.74000000
1751472000000000,108737.75000000,109730.00000000,108650.97000000,109676.14000000
1751486400000000,109676.14000000,109676.14000000,108720.00000000,108849.60000000
1751500800000000,108849.59000000,109115.03000000,108530.40000000,108628.21000000
1751515200000000,108628.20000000,109548.00000000,108566.14000000,109280.00000000
1751529600000000,109279.99000000,110273.21000000,109279.99000000,109599.19000000
1751544000000000,109599.18000000,110529.18000000,108749.99000000,109127.84000000
1751558400000000,109127.85000000,109910.10000000,109020.80000000,109803.41000000
1751572800000000,109803.41000000,110000.00000000,109510.00000000,109584.78000000
1751587200000000,109584.77000000,109767.59000000,109103.71000000,109235.57000000
1751601600000000,109235.58000000,109329.60000000,108700.00000000,108700.00000000
1751616000000000,108700.00000000,109111.00000000,108518.83000000,108888.00000000
1751630400000000,108888.00000000,108978.64000000,107505.00000000,107573.29000000
1751644800000000,107573.29000000,107922.50000000,107245.00000000,107469.23000000
1751659200000000,107469.22000000,108279.33000000,107440.63000000,107984.24000000
1751673600000000,107984.25000000,108259.99000000,107756.31000000,108154.72000000
1751688000000000,108154.72000000,108420.56000000,108000.00000000,108053.46000000
1751702400000000,108053.46000000,108219.19000000,107870.42000000,108112.21000000
1751716800000000,108112.20000000,108232.29000000,107971.00000000,108058.00000000
1751731200000000,108058.00000000,108167.23000000,107864.75000000,108141.78000000
1751745600000000,108141.78000000,108250.00000000,107993.39000000,108198.12000000
1751760000000000,108198.12000000,108268.35000000,108025.97000000,108050.49000000
1751774400000000,108050.49000000,108218.00000000,107930.45000000,108040.31000000
1751788800000000,108040.31000000,108111.00000000,107800.01000000,108076.01000000
1751803200000000,108076.00000000,109127.03000000,108045.76000000,108905.99000000
1751817600000000,108906.00000000,108966.62000000,108266.67000000,108538.46000000
1751832000000000,108538.45000000,109700.00000000,108536.86000000,109203.84000000
1751846400000000,109203.85000000,109700.00000000,108679.75000000,109389.47000000
1751860800000000,109389.46000000,109447.54000000,108654.94000000,109061.08000000
1751875200000000,109061.07000000,109087.86000000,108572.52000000,108642.01000000
1751889600000000,108642.01000000,108660.00000000,107970.00000000,108292.59000000
1751904000000000,108292.59000000,108493.56000000,107513.20000000,108056.68000000
1751918400000000,108056.67000000,108300.00000000,107800.01000000,108262.94000000
1751932800000000,108262.94000000,108525.00000000,107429.57000000,107901.52000000
1751947200000000,107901.52000000,108499.00000000,107750.00000000,108484.61000000
1751961600000000,108484.61000000,109005.00000000,108229.15000000,108756.37000000
1751976000000000,108756.37000000,109216.56000000,108217.07000000,108268.35000000
1751990400000000,108268.35000000,109147.56000000,108096.55000000,108771.88000000
1752004800000000,108771.87000000,108974.00000000,108624.00000000,108922.98000000
1752019200000000,108922.99000000,109136.00000000,108348.00000000,108376.41000000
1752033600000000,108376.41000000,108942.20000000,108324.53000000,108714.39000000
1752048000000000,108714.39000000,109117.00000000,108553.18000000,109058.27000000
1752062400000000,109058.27000000,109769.39000000,108503.00000000,109071.32000000
1752076800000000,109071.32000000,111999.79000000,109047.49000000,111750.00000000
1752091200000000,111749.99000000,111952.33000000,110559.40000000,111233.99000000
1752105600000000,111234.00000000,111581.00000000,110880.00000000,111074.51000000
1752120000000000,111074.52000000,111432.46000000,110898.00000000,111230.00000000
1752134400000000,111229.99000000,111398.96000000,110870.33000000,111019.99000000
1752148800000000,111019.99000000,111408.41000000,110500.00000000,111408.40000000
1752163200000000,111408.40000000,113788.23000000,111322.32000000,113301.81000000
1752177600000000,113301.80000000,116868.00000000,113270.98000000,116010.00000000
1752192000000000,116010.01000000,116950.00000000,115222.22000000,116881.70000000
1752206400000000,116881.69000000,118404.22000000,116500.00000000,117526.88000000
1752220800000000,117526.88000000,118869.98000000,117526.88000000,117821.91000000
1752235200000000,117821.91000000,118259.24000000,116724.66000000,116902.59000000
1752249600000000,116902.58000000,118138.75000000,116604.87000000,118108.81000000
1752264000000000,118108.81000000,118108.81000000,117146.80000000,117527.66000000
1752278400000000,117527.66000000,117847.66000000,117141.13000000,117774.42000000
1752292800000000,117774.42000000,118054.79000000,117506.37000000,117731.99000000
1752307200000000,117731.99000000,118200.00000000,117625.00000000,117810.00000000
1752321600000000,117810.00000000,117861.19000000,116900.05000000,117100.01000000
1752336000000000,117100.00000000,117639.98000000,117045.86000000,117550.96000000
1752350400000000,117550.96000000,117563.75000000,117000.01000000,117420.00000000
1752364800000000,117420.00000000,117824.76000000,117224.79000000,117753.60000000
1752379200000000,117753.59000000,118054.79000000,117684.22000000,117999.00000000
1752393600000000,117998.99000000,118086.66000000,117689.63000000,118072.01000000
1752408000000000,118072.01000000,119376.00000000,117989.53000000,118672.24000000
1752422400000000,118672.23000000,119488.00000000,118382.56000000,118961.08000000
1752436800000000,118961.09000000,119367.37000000,118243.68000000,119086.64000000
1752451200000000,119086.65000000,121492.48000000,118905.18000000,120750.24000000
1752465600000000,120750.25000000,123218.00000000,120557.63000000,122736.04000000
1752480000000000,122736.04000000,122769.19000000,121355.55000000,121467.24000000
1752494400000000,121467.23000000,122120.00000000,119611.70000000,119878.23000000
1752508800000000,119878.22000000,120526.03000000,119202.00000000,119939.41000000
1752523200000000,119939.42000000,120447.00000000,119522.72000000,119841.18000000
1752537600000000,119841.17000000,119940.83000000,116840.01000000,117148.47000000
1752552000000000,117148.46000000,117765.40000000,116250.00000000,116779.12000000
1752566400000000,116779.13000000,117224.08000000,116300.00000000,117113.98000000
1752580800000000,117113.98000000,118490.71000000,115736.92000000,116391.43000000
1752595200000000,116391.43000000,117800.60000000,116019.05000000,116416.07000000
1752609600000000,116416.07000000,117972.86000000,116192.27000000,117758.09000000
1752624000000000,117758.08000000,118195.00000000,117017.29000000,117482.67000000
1752638400000000,117482.67000000,118300.00000000,117275.63000000,118189.25000000
1752652800000000,118189.24000000,119310.75000000,118113.82000000,118769.06000000
1752667200000000,118769.06000000,119794.80000000,118181.14000000,119095.76000000
1752681600000000,119095.76000000,119904.13000000,118471.38000000,119230.16000000
1752696000000000,119230.16000000,120063.84000000,118420.00000000,118630.43000000
1752710400000000,118630.44000000,119158.28000000,117683.53000000,118128.80000000
1752724800000000,118128.80000000,118772.00000000,117857.03000000,118311.75000000
1752739200000000,118311.75000000,119192.00000000,117974.99000000,117995.00000000
1752753600000000,117995.00000000,119073.46000000,117453.57000000,118881.99000000
1752768000000000,118881.99000000,119880.13000000,118333.60000000,118959.66000000
1752782400000000,118959.66000000,120998.71000000,118383.97000000,119177.56000000
1752796800000000,119177.56000000,120785.49000000,119020.48000000,120223.09000000
1752811200000000,120223.08000000,120820.71000000,119287.72000000,119339.51000000
1752825600000000,119339.51000000,119469.21000000,118395.00000000,119171.34000000
1752840000000000,119171.35000000,119531.48000000,117315.69000000,117860.25000000
1752854400000000,117860.24000000,118054.92000000,117120.53000000,117374.76000000
1752868800000000,117374.75000000,118021.62000000,116812.76000000,117924.84000000
1752883200000000,117924.84000000,118371.42000000,117613.35000000,118322.54000000
1752897600000000,118322.53000000,118364.00000000,118044.19000000,118163.06000000
1752912000000000,118163.07000000,118499.90000000,117943.25000000,118327.06000000
1752926400000000,118327.05000000,118327.06000000,117627.71000000,118058.11000000
1752940800000000,118058.10000000,118161.51000000,117605.26000000,118007.88000000
1752955200000000,118007.88000000,118141.00000000,117277.34000000,117840.00000000
1752969600000000,117840.01000000,118165.38000000,117650.00000000,117958.01000000
1752984000000000,117958.00000000,118218.00000000,117760.67000000,118029.49000000
1752998400000000,118029.49000000,118277.17000000,117819.88000000,117878.46000000
1753012800000000,117878.46000000,118799.80000000,117723.23000000,118671.11000000
1753027200000000,118671.12000000,118856.80000000,117960.00000000,118155.01000000
1753041600000000,118155.00000000,118263.00000000,116467.02000000,117265.12000000
1753056000000000,117265.11000000,118614.70000000,116515.00000000,118404.00000000
1753070400000000,118404.01000000,119676.73000000,118188.95000000,119362.67000000
1753084800000000,119364.18000000,119500.00000000,118070.16000000,118070.17000000
1753099200000000,118070.17000000,119233.71000000,117778.70000000,118313.16000000
1753113600000000,118313.16000000,118399.10000000,116666.00000000,116767.67000000
1753128000000000,116767.67000000,117633.66000000,116656.88000000,117380.36000000
1753142400000000,117380.36000000,117950.00000000,116128.00000000,117210.00000000
1753156800000000,117210.00000000,118594.55000000,116552.18000000,117983.68000000
1753171200000000,117983.69000000,119188.30000000,117488.19000000,119154.99000000
1753185600000000,119154.99000000,119573.53000000,117550.00000000,118912.04000000
1753200000000000,118912.04000000,120183.96000000,118368.19000000,119282.10000000
1753214400000000,119282.11000000,120247.80000000,119203.20000000,119954.42000000
1753228800000000,119954.43000000,120090.00000000,118532.96000000,118614.17000000
1753243200000000,118614.16000000,119006.05000000,118288.20000000,118350.35000000
1753257600000000,118350.35000000,118619.79000000,117844.24000000,118538.46000000
1753272000000000,118538.46000000,118708.24000000,117301.00000000,118567.39000000
1753286400000000,118567.39000000,118567.39000000,117331.63000000,118393.64000000
1753300800000000,118393.64000000,118756.00000000,117381.80000000,118755.99000000
1753315200000000,118756.00000000,119273.36000000,118466.71000000,118488.92000000
1753329600000000,118488.92000000,118610.25000000,117103.10000000,118416.21000000
1753344000000000,118416.21000000,118814.47000000,117955.59000000,118600.00000000
1753358400000000,118600.00000000,119450.00000000,117832.32000000,119092.65000000
1753372800000000,119092.65000000,119395.81000000,118350.00000000,118943.42000000
1753387200000000,118943.42000000,119010.64000000,118166.94000000,118340.99000000
1753401600000000,118340.98000000,118451.57000000,115330.86000000,115419.66000000
1753416000000000,115419.65000000,116144.63000000,114723.16000000,115320.01000000
1753430400000000,115320.01000000,116782.13000000,115008.85000000,116543.58000000
1753444800000000,116543.59000000,116656.99000000,114908.00000000,115727.08000000
1753459200000000,115727.07000000,116997.21000000,115455.46000000,116688.60000000
1753473600000000,116688.60000000,117630.00000000,116578.02000000,117614.31000000
1753488000000000,117614.31000000,117750.00000000,117138.38000000,117489.62000000
1753502400000000,117489.61000000,117547.92000000,117304.46000000,117304.47000000
1753516800000000,117304.47000000,118217.45000000,117304.46000000,117776.11000000
1753531200000000,117776.10000000,118220.00000000,117772.13000000,118130.10000000
1753545600000000,118130.10000000,118297.35000000,117941.96000000,118232.11000000
1753560000000000,118232.11000000,118276.66000000,117883.86000000,117919.99000000
1753574400000000,117919.99000000,118358.18000000,117825.50000000,118182.83000000
1753588800000000,118182.83000000,118438.83000000,118066.74000000,118095.95000000
1753603200000000,118095.95000000,118292.86000000,117859.98000000,118072.71000000
1753617600000000,118072.71000000,118588.00000000,117890.00000000,118585.74000000
1753632000000000,118585.75000000,119540.01000000,118585.75000000,118960.00000000
1753646400000000,118960.01000000,119766.65000000,118713.74000000,119415.55000000
1753660800000000,119415.56000000,119800.00000000,118960.50000000,119287.99000000
1753675200000000,119287.99000000,119701.07000000,118774.31000000,118900.00000000
1753689600000000,118900.01000000,119102.69000000,118475.47000000,118827.49000000
1753704000000000,118827.49000000,119093.68000000,117895.73000000,118174.90000000
1753718400000000,118174.89000000,118376.61000000,117427.50000000,118068.73000000
1753732800000000,118068.73000000,118350.01000000,117500.09000000,118062.32000000
1753747200000000,118062.32000000,118800.00000000,117450.00000000,118764.85000000
1753761600000000,118764.85000000,119273.36000000,118416.66000000,118882.37000000
1753776000000000,118882.37000000,119051.00000000,118160.87000000,118592.38000000
1753790400000000,118592.38000000,119080.81000000,117272.00000000,117400.01000000
1753804800000000,117400.02000000,118057.05000000,116950.75000000,117525.29000000
1753819200000000,117525.28000000,118000.00000000,117094.96000000,117950.76000000
1753833600000000,117950.75000000,118250.00000000,117412.53000000,118161.87000000
1753848000000000,118161.86000000,118412.11000000,117667.33000000,118123.01000000
1753862400000000,118123.00000000,118481.81000000,117358.84000000,117579.99000000
1753876800000000,117579.99000000,118792.00000000,117358.84000000,118000.01000000
1753891200000000,118000.01000000,118037.18000000,115796.23000000,116916.73000000
1753905600000000,116916.73000000,117908.40000000,116880.64000000,117840.30000000
1753920000000000,117840.29000000,118600.00000000,117781.87000000,118466.14000000
1753934400000000,118466.15000000,118922.45000000,118287.63000000,118665.97000000
1753948800000000,118665.98000000,118770.07000000,118278.91000000,118371.25000000
1753963200000000,118371.25000000,118702.10000000,117807.35000000,118306.18000000
1753977600000000,118306.18000000,118879.14000000,116763.43000000,116785.79000000
1753992000000000,116785.78000000,116990.04000000,115500.00000000,115764.08000000
1754006400000000,115764.07000000,116052.00000000,114313.13000000,115648.03000000
1754020800000000,115648.03000000,115916.43000000,114633.18000000,115081.77000000
1754035200000000,115081.76000000,115340.00000000,114116.00000000,115305.65000000
1754049600000000,115305.64000000,116019.30000000,113988.47000000,115357.82000000
1754064000000000,115357.82000000,115695.52000000,113221.93000000,113328.68000000
1754078400000000,113328.67000000,114094.08000000,112722.58000000,113297.93000000
1754092800000000,113297.92000000,113921.94000000,113198.63000000,113909.86000000
1754107200000000,113909.87000000,114063.49000000,113469.43000000,113982.49000000
1754121600000000,113982.49000000,114040.29000000,113425.58000000,113787.12000000
1754136000000000,113787.11000000,113787.12000000,112802.31000000,112840.71000000
1754150400000000,112840.70000000,113420.00000000,112003.00000000,112229.42000000
1754164800000000,112229.42000000,113058.82000000,112069.86000000,112546.35000000
1754179200000000,112546.35000000,113740.69000000,111920.00000000,113604.20000000
1754193600000000,113604.20000000,113720.16000000,113341.06000000,113700.00000000
1754208000000000,113700.00000000,114260.31000000,113551.00000000,113862.18000000
1754222400000000,113862.19000000,114098.45000000,113579.69000000,113959.06000000
1754236800000000,113959.06000000,114799.97000000,113775.55000000,114313.19000000
1754251200000000,114313.19000000,114612.24000000,114066.56000000,114208.80000000
1754265600000000,114208.81000000,115000.00000000,114107.60000000,114570.61000000
1754280000000000,114570.61000000,114778.50000000,114148.58000000,114652.97000000
1754294400000000,114652.98000000,114750.00000000,114217.97000000,114493.09000000
1754308800000000,114493.09000000,115466.00000000,114121.00000000,114826.00000000
1754323200000000,114826.01000000,115720.00000000,114732.65000000,114777.62000000
1754337600000000,114777.62000000,115340.00000000,114616.33000000,115055.03000000
1754352000000000,115055.03000000,115127.81000000,114256.85000000,114256.85000000
1754366400000000,114256.85000000,114500.66000000,113725.72000000,113969.70000000
1754380800000000,113969.70000000,115096.73000000,113928.87000000,114827.07000000
1754395200000000,114827.07000000,114893.13000000,112650.00000000,112934.00000000
1754409600000000,112934.00000000,113763.27000000,112815.68000000,113616.52000000
1754424000000000,113616.51000000,114228.88000000,113304.00000000,114129.75000000
1754438400000000,114129.75000000,114139.38000000,113400.00000000,113509.97000000
1754452800000000,113509.98000000,114417.02000000,113355.13000000,114227.91000000
1754467200000000,114227.90000000,114404.23000000,113727.57000000,114226.69000000
1754481600000000,114226.68000000,115515.09000000,113579.90000000,115413.87000000
1754496000000000,115413.87000000,115716.00000000,114942.18000000,115259.99000000
1754510400000000,115260.00000000,115260.00000000,114793.01000000,114992.27000000
1754524800000000,114992.27000000,115185.58000000,114404.22000000,114546.03000000
1754539200000000,114546.03000000,114876.79000000,114259.00000000,114787.99000000
1754553600000000,114787.99000000,116828.93000000,114787.98000000,116519.53000000
1754568000000000,116519.54000000,116791.11000000,116035.84000000,116689.81000000
1754582400000000,116689.80000000,117520.00000000,115632.31000000,117461.98000000
1754596800000000,117461.99000000,117621.00000000,117012.00000000,117472.01000000
1754611200000000,117472.02000000,117630.00000000,116694.28000000,116737.35000000
1754625600000000,116737.34000000,116973.30000000,116401.00000000,116817.19000000
1754640000000000,116817.20000000,116914.60000000,116317.08000000,116891.51000000
1754654400000000,116891.51000000,117271.73000000,115878.71000000,116207.69000000
1754668800000000,116207.70000000,116900.00000000,116006.14000000,116453.41000000
1754683200000000,116453.41000000,116980.00000000,116319.06000000,116674.74000000
1754697600000000,116674.74000000,116750.00000000,116299.13000000,116384.01000000
1754712000000000,116384.01000000,116980.00000000,116339.45000000,116756.01000000
1754726400000000,116756.00000000,117944.05000000,116756.00000000,117110.00000000
1754740800000000,117110.00000000,117238.04000000,116700.01000000,116892.47000000
1754755200000000,116892.48000000,116947.16000000,116500.00000000,116535.69000000
1754769600000000,116535.68000000,117021.16000000,116359.89000000,116462.25000000
1754784000000000,116462.25000000,118500.00000000,116460.63000000,118500.00000000
1754798400000000,118500.00000000,118741.77000000,117466.34000000,117808.30000000
1754812800000000,117808.29000000,118500.00000000,117608.01000000,118330.58000000
1754827200000000,118330.58000000,119113.94000000,118232.00000000,118815.00000000
1754841600000000,118815.00000000,118944.24000000,118433.80000000,118663.08000000
1754856000000000,118663.09000000,119311.11000000,118074.99000000,119294.01000000
1754870400000000,119294.27000000,122164.07000000,118972.59000000,121728.99000000
1754884800000000,121729.00000000,122335.16000000,121466.08000000,121537.15000000
1754899200000000,121537.14000000,121823.00000000,120286.40000000,120561.54000000
1754913600000000,120561.53000000,120667.54000000,119382.91000000,120314.40000000
1754928000000000,120314.40000000,120794.05000000,118604.17000000,119089.30000000
1754942400000000,119089.30000000,119172.63000000,118050.11000000,118686.00000000
1754956800000000,118686.00000000,119275.46000000,118593.39000000,118857.70000000
1754971200000000,118857.70000000,119158.06000000,118424.86000000,118986.72000000
1754985600000000,118986.73000000,119058.43000000,118207.47000000,118522.22000000
1755000000000000,118522.22000000,119960.00000000,118285.00000000,119933.00000000
1755014400000000,119933.00000000,120192.10000000,119172.62000000,119665.27000000
1755028800000000,119665.27000000,120324.43000000,119485.84000000,120134.08000000
1755043200000000,120134.09000000,120192.10000000,119094.28000000,119482.01000000
1755057600000000,119482.01000000,119820.18000000,118920.92000000,119580.40000000
1755072000000000,119580.40000000,120732.94000000,119446.22000000,120570.41000000
1755086400000000,120570.41000000,122200.00000000,120106.02000000,120920.62000000
1755100800000000,120920.61000000,122839.47000000,120920.61000000,122744.21000000
1755115200000000,122744.22000000,123667.79000000,122298.20000000,123306.43000000
1755129600000000,123306.44000000,124474.00000000,123250.50000000,123337.14000000
1755144000000000,123337.14000000,123428.60000000,121313.86000000,121725.31000000
1755158400000000,121725.31000000,122045.90000000,120694.00000000,120949.67000000
1755172800000000,120949.66000000,121183.06000000,117632.00000000,118257.25000000
1755187200000000,118257.26000000,118535.00000000,117180.00000000,117945.92000000
1755201600000000,117945.92000000,118516.81000000,117302.33000000,118295.09000000
1755216000000000,118295.09000000,119077.71000000,118032.32000000,118968.91000000
1755230400000000,118968.91000000,119216.82000000,118629.58000000,118956.45000000
1755244800000000,118956.45000000,119144.50000000,118600.00000000,119006.01000000
1755259200000000,119006.01000000,119130.77000000,116827.29000000,117275.22000000
1755273600000000,117275.23000000,117882.35000000,116803.99000000,116936.27000000
1755288000000000,116936.28000000,117761.88000000,116862.50000000,117342.05000000
1755302400000000,117342.04000000,117898.99000000,117231.14000000,117429.63000000
1755316800000000,117429.63000000,117884.00000000,117278.00000000,117596.07000000
1755331200000000,117596.07000000,117703.92000000,117143.98000000,117378.52000000
1755345600000000,117378.52000000,117825.00000000,117327.63000000,117676.70000000
1755360000000000,117676.70000000,117817.65000000,117629.94000000,117672.12000000
1755374400000000,117672.13000000,117713.51000000,117219.34000000,117380.66000000
1755388800000000,117380.66000000,117771.37000000,117172.21000000,117684.95000000
1755403200000000,117684.96000000,118230.82000000,117684.95000000,118005.98000000
1755417600000000,118005.98000000,118484.00000000,117922.00000000,118308.01000000
1755432000000000,118308.00000000,118575.00000000,118059.12000000,118246.16000000
1755446400000000,118246.15000000,118316.01000000,117321.53000000,117570.07000000
1755460800000000,117570.07000000,117995.37000000,117371.65000000,117405.01000000
1755475200000000,117405.01000000,117543.75000000,115000.00000000,115319.00000000
1755489600000000,115319.00000000,115712.49000000,114878.71000000,115205.98000000
1755504000000000,115205.99000000,115402.51000000,114640.14000000,114947.27000000
1755518400000000,114947.27000000,116186.97000000,114825.00000000,116145.34000000
1755532800000000,116145.34000000,116800.00000000,115818.86000000,116313.99000000
1755547200000000,116314.00000000,116980.00000000,115980.32000000,116227.05000000
1755561600000000,116227.05000000,116725.69000000,114787.23000000,114810.00000000
1755576000000000,114810.01000000,115483.24000000,114366.00000000,114978.14000000
1755590400000000,114978.15000000,115650.00000000,114804.00000000,115508.71000000
1755604800000000,115508.71000000,115875.84000000,113587.68000000,113786.38000000
1755619200000000,113786.39000000,113897.58000000,112767.06000000,113132.48000000
1755633600000000,113132.49000000,113589.48000000,112732.58000000,112872.94000000
1755648000000000,112872.95000000,113636.13000000,112566.01000000,113525.91000000
1755662400000000,113525.90000000,113837.93000000,113432.00000000,113490.13000000
1755676800000000,113490.14000000,114016.77000000,113060.08000000,113666.68000000
1755691200000000,113666.69000000,114326.35000000,112380.00000000,113353.94000000
1755705600000000,113353.94000000,114444.00000000,113264.01000000,114276.66000000
1755720000000000,114276.66000000,114615.38000000,114000.00000000,114271.24000000
1755734400000000,114271.23000000,114821.76000000,113906.01000000,113954.62000000
1755748800000000,113954.62000000,114033.84000000,113582.43000000,113896.03000000
1755763200000000,113896.03000000,113990.00000000,113000.00000000,113148.66000000
1755777600000000,113148.65000000,113995.11000000,112608.64000000,112792.08000000
1755792000000000,112792.08000000,112969.47000000,112015.67000000,112193.71000000
1755806400000000,112193.71000000,112870.94000000,112067.46000000,112500.00000000
1755820800000000,112500.00000000,113525.00000000,112335.60000000,112929.24000000
1755835200000000,112929.24000000,113394.76000000,112708.81000000,113094.83000000
1755849600000000,113094.83000000,113319.30000000,112177.27000000,112320.00000000
1755864000000000,112320.01000000,117296.12000000,111684.79000000,116370.75000000
1755878400000000,116370.75000000,117429.05000000,116116.00000000,116655.79000000
1755892800000000,116655.79000000,117174.43000000,116550.96000000,116935.99000000
1755907200000000,116936.00000000,117030.00000000,115458.20000000,115568.77000000
1755921600000000,115568.77000000,116034.53000000,115551.20000000,115799.47000000
1755936000000000,115799.46000000,115861.80000000,115223.43000000,115310.13000000
1755950400000000,115310.13000000,115486.97000000,114560.00000000,114812.87000000
1755964800000000,114812.88000000,115190.74000000,114684.11000000,115133.91000000
1755979200000000,115133.92000000,115454.12000000,115001.88000000,115438.05000000
1755993600000000,115438.06000000,115666.68000000,114934.21000000,115036.00000000
1756008000000000,115036.01000000,115283.21000000,114846.14000000,114888.19000000
1756022400000000,114888.19000000,115060.99000000,114600.00000000,114730.22000000
1756036800000000,114730.22000000,114869.41000000,114350.57000000,114400.00000000
1756051200000000,114400.01000000,114917.10000000,110680.00000000,112600.00000000
1756065600000000,112600.00000000,113692.97000000,111632.85000000,113493.59000000
1756080000000000,113493.59000000,113667.28000000,112159.00000000,112916.84000000
1756094400000000,112916.84000000,113059.52000000,111284.05000000,111511.55000000
1756108800000000,111511.56000000,111850.13000000,110929.48000000,111214.97000000
1756123200000000,111214.97000000,112580.00000000,110588.00000000,112200.64000000
1756137600000000,112200.65000000,112937.26000000,110655.01000000,110716.13000000
1756152000000000,110716.13000000,111092.54000000,109274.10000000,110111.98000000
1756166400000000,110111.98000000,110111.98000000,108666.66000000,109879.56000000
1756180800000000,109879.57000000,110547.31000000,109765.93000000,110303.20000000
1756195200000000,110303.20000000,110455.13000000,109570.34000000,109876.52000000
1756209600000000,109876.53000000,110818.60000000,109393.93000000,109666.33000000
1756224000000000,109666.34000000,111162.59000000,109450.00000000,111116.03000000
1756238400000000,111116.03000000,112371.00000000,110918.26000000,111763.22000000
1756252800000000,111763.22000000,111825.16000000,110918.26000000,111418.15000000
1756267200000000,111418.15000000,111737.26000000,110622.50000000,110725.18000000
1756281600000000,110725.19000000,111374.45000000,110345.42000000,111322.07000000
1756296000000000,111322.07000000,112625.00000000,111019.02000000,112000.00000000
1756310400000000,111999.99000000,112600.00000000,111541.23000000,112080.69000000
1756324800000000,112080.68000000,112452.05000000,110921.79000000,111262.01000000
1756339200000000,111262.01000000,112042.04000000,110862.42000000,112000.01000000
1756353600000000,112000.00000000,113360.00000000,111945.07000000,113114.11000000
1756368000000000,113114.11000000,113351.51000000,112826.22000000,112909.18000000
1756382400000000,112909.18000000,113485.90000000,112391.56000000,112678.53000000
1756396800000000,112678.53000000,113186.56000000,111901.35000000,111901.36000000
1756411200000000,111901.36000000,112575.98000000,111872.06000000,112566.90000000
1756425600000000,112566.90000000,112638.64000000,111302.27000000,111704.23000000
1756440000000000,111704.24000000,111850.56000000,109899.99000000,110019.38000000
1756454400000000,110019.38000000,110270.30000000,109414.18000000,110098.81000000
1756468800000000,110098.81000000,111517.07000000,108103.00000000,108386.23000000
1756483200000000,108386.23000000,108832.00000000,107934.24000000,108212.01000000
1756497600000000,108212.01000000,108549.99000000,107463.90000000,108377.40000000
1756512000000000,108377.40000000,108436.21000000,107350.10000000,108436.20000000
1756526400000000,108436.21000000,108697.28000000,108120.00000000,108524.26000000
1756540800000000,108524.26000000,108777.43000000,108400.00000000,108680.01000000
1756555200000000,108680.01000000,108926.15000000,108190.52000000,108869.98000000
1756569600000000,108869.98000000,108900.00000000,108625.46000000,108828.33000000
1756584000000000,108828.32000000,108838.27000000,108468.77000000,108816.33000000
1756598400000000,108816.33000000,109480.02000000,108801.35000000,109223.84000000
1756612800000000,109223.84000000,109231.41000000,108523.49000000,108708.26000000
1756627200000000,108708.25000000,109100.00000000,108303.21000000,108389.76000000
1756641600000000,108389.77000000,108858.43000000,108191.29000000,108818.69000000
1756656000000000,108818.69000000,109237.51000000,108555.00000000,108930.00000000
1756670400000000,108930.00000000,109230.00000000,108076.93000000,108246.35000000
