time,open,high,low,close
1758268800000,116909.98000000,117090.36000000,116300.00000000,116394.72000000
1758283200000,116394.72000000,116529.08000000,115464.19000000,115884.03000000
1758297600000,115884.03000000,116136.00000000,115112.58000000,115125.12000000
1758312000000,115125.13000000,115657.28000000,115100.00000000,115632.38000000
1758326400000,115632.39000000,115730.41000000,115408.47000000,115445.00000000
1758340800000,115445.00000000,115985.20000000,115409.08000000,115968.56000000
1758355200000,115968.56000000,115968.57000000,115664.11000000,115894.06000000
1758369600000,115894.05000000,116121.81000000,115804.47000000,115986.69000000
1758384000000,115986.70000000,116079.46000000,115698.08000000,115702.00000000
1758398400000,115702.00000000,115944.70000000,115603.42000000,115685.63000000
1758412800000,115685.63000000,115732.94000000,115441.83000000,115669.41000000
1758427200000,115669.42000000,115815.98000000,115487.56000000,115815.97000000
1758441600000,115815.98000000,115819.06000000,115329.03000000,115603.45000000
1758456000000,115603.45000000,115747.23000000,115473.19000000,115531.61000000
1758470400000,115531.62000000,115665.52000000,115209.02000000,115480.05000000
1758484800000,115480.05000000,115545.43000000,115188.00000000,115232.29000000
1758499200000,115232.29000000,115379.25000000,114150.00000000,114649.89000000
1758513600000,114649.89000000,114649.90000000,111800.00000000,112519.99000000
1758528000000,112520.00000000,112976.02000000,112173.52000000,112876.97000000
1758542400000,112876.97000000,113432.76000000,112380.00000000,112815.50000000
1758556800000,112815.50000000,112888.00000000,111936.40000000,112122.90000000
1758571200000,112122.90000000,112977.41000000,111975.28000000,112650.99000000
1758585600000,112650.99000000,112833.09000000,111478.00000000,112339.99000000
1758600000000,112339.99000000,113114.01000000,111876.15000000,113090.13000000
1758614400000,113090.13000000,113281.50000000,112683.33000000,112975.99000000
1758628800000,112975.99000000,113290.50000000,112496.61000000,112882.19000000
1758643200000,112882.20000000,112958.58000000,111540.20000000,111655.29000000
1758657600000,111655.29000000,112220.54000000,111458.73000000,111998.80000000
1758672000000,111998.80000000,112500.00000000,111683.09000000,111683.09000000
1758686400000,111683.10000000,112779.37000000,111042.66000000,112583.54000000
1758700800000,112583.54000000,113162.17000000,112405.62000000,113029.46000000
1758715200000,113029.45000000,113890.00000000,112808.00000000,113346.41000000
1758729600000,113346.40000000,113940.00000000,113163.21000000,113420.01000000
1758744000000,113420.00000000,113647.58000000,113204.71000000,113307.00000000
1758758400000,113307.01000000,113510.23000000,112214.74000000,112546.21000000
1758772800000,112546.22000000,112614.43000000,111450.42000000,111766.72000000
1758787200000,111766.73000000,112246.46000000,111283.63000000,111348.00000000
1758801600000,111347.99000000,111729.52000000,110629.99000000,111580.77000000
1758816000000,111580.77000000,111672.58000000,108631.51000000,109360.00000000
1758830400000,109360.00000000,109685.72000000,108765.00000000,108994.49000000
1758844800000,108994.49000000,109798.84000000,108809.24000000,109580.01000000
1758859200000,109580.00000000,109625.94000000,108913.00000000,109320.02000000
1758873600000,109320.02000000,109690.98000000,108620.07000000,109133.50000000
1758888000000,109133.50000000,109779.73000000,108764.76000000,109027.78000000
1758902400000,109027.79000000,110300.00000000,109027.78000000,109172.20000000
1758916800000,109172.21000000,109687.69000000,109087.57000000,109643.46000000
1758931200000,109643.46000000,109743.91000000,109324.42000000,109553.77000000
1758945600000,109553.77000000,109742.27000000,109332.02000000,109411.20000000
1758960000000,109411.19000000,109477.69000000,109064.40000000,109310.21000000
1758974400000,109310.22000000,109477.59000000,109193.00000000,109402.24000000
1758988800000,109402.25000000,109440.00000000,109243.89000000,109424.20000000
1759003200000,109424.21000000,109699.98000000,109362.72000000,109635.85000000
1759017600000,109635.85000000,109787.75000000,109325.05000000,109436.00000000
1759032000000,109436.00000000,109537.80000000,109260.00000000,109513.06000000
1759046400000,109513.06000000,109585.39000000,109250.00000000,109369.02000000
1759060800000,109369.02000000,110037.93000000,109189.99000000,110037.93000000
1759075200000,110037.92000000,110393.63000000,110008.54000000,110337.60000000
1759089600000,110337.61000000,112350.00000000,110294.78000000,112163.95000000
1759104000000,112163.96000000,112310.00000000,111588.07000000,111857.51000000
1759118400000,111857.51000000,111904.34000000,111560.65000000,111865.95000000
1759132800000,111865.96000000,112421.99000000,111865.95000000,112100.00000000
1759147200000,112100.00000000,114231.56000000,111901.26000000,113815.57000000
1759161600000,113815.57000000,114390.93000000,113449.74000000,114265.55000000
1759176000000,114265.56000000,114400.00000000,114020.00000000,114311.96000000
1759190400000,114311.97000000,114792.00000000,114040.35000000,114376.39000000
1759204800000,114376.39000000,114376.40000000,113585.00000000,113699.23000000
1759219200000,113699.24000000,113741.37000000,112656.27000000,113055.01000000
1759233600000,113055.00000000,113677.23000000,112866.11000000,113106.16000000
1759248000000,113106.15000000,114563.46000000,112800.00000000,114359.99000000
1759262400000,114359.99000000,114754.87000000,113765.42000000,114048.93000000
1759276800000,114048.94000000,114551.76000000,113966.67000000,114176.92000000
1759291200000,114176.93000000,114740.00000000,114151.00000000,114539.02000000
1759305600000,114539.02000000,116795.85000000,114484.43000000,116789.58000000
1759320000000,116789.57000000,117649.99000000,116363.38000000,117423.73000000
1759334400000,117423.73000000,118199.00000000,116724.56000000,117439.53000000
1759348800000,117439.53000000,118649.10000000,117163.25000000,118594.99000000
1759363200000,118594.99000000,119456.92000000,118368.05000000,118733.99000000
1759377600000,118733.99000000,118930.29000000,118279.31000000,118489.76000000
1759392000000,118489.76000000,118926.49000000,118354.61000000,118765.73000000
1759406400000,118765.72000000,119910.79000000,118516.39000000,119910.78000000
1759420800000,119910.78000000,121022.07000000,119359.63000000,120836.49000000
1759435200000,120836.49000000,120914.00000000,120072.46000000,120529.35000000
1759449600000,120529.35000000,120550.90000000,119820.00000000,120225.89000000
1759464000000,120225.88000000,120324.53000000,119610.59000000,119640.21000000
1759478400000,119640.22000000,120515.89000000,119248.30000000,120334.50000000
1759492800000,120334.51000000,122366.00000000,119881.24000000,122258.05000000
1759507200000,122258.04000000,123894.99000000,121466.25000000,122660.99000000
1759521600000,122661.00000000,122734.92000000,121999.33000000,122232.00000000
1759536000000,122232.21000000,122325.60000000,121684.97000000,122243.99000000
1759550400000,122243.99000000,122800.00000000,122219.30000000,122324.08000000
1759564800000,122324.08000000,122539.83000000,121962.81000000,121973.26000000
1759579200000,121973.26000000,122509.52000000,121698.88000000,121791.31000000
1759593600000,121791.31000000,121964.95000000,121510.00000000,121959.25000000
1759608000000,121959.25000000,122410.00000000,121871.01000000,122391.00000000
1759622400000,122390.99000000,124362.28000000,122136.00000000,123776.22000000
1759636800000,123776.23000000,125708.42000000,123734.00000000,124713.63000000
1759651200000,124713.63000000,124838.37000000,122520.24000000,123464.64000000
1759665600000,123464.64000000,123464.65000000,122675.00000000,122803.17000000
1759680000000,122803.17000000,123464.00000000,122301.63000000,122591.79000000
1759694400000,122591.80000000,123548.83000000,122473.62000000,123482.31000000
1759708800000,123482.32000000,124358.46000000,123084.00000000,123839.09000000
1759723200000,123839.09000000,124165.56000000,123280.49000000,123390.47000000
1759737600000,123390.47000000,124531.66000000,123390.46000000,124215.00000000
1759752000000,124215.00000000,125408.29000000,124178.00000000,125000.00000000
1759766400000,125000.00000000,126199.63000000,124800.00000000,125410.81000000
1759780800000,125410.80000000,125534.00000000,124511.15000000,124658.54000000
1759795200000,124658.54000000,125082.27000000,124101.26000000,124329.74000000
1759809600000,124329.74000000,124654.47000000,123567.60000000,123667.99000000
1759824000000,123668.00000000,124509.60000000,123322.90000000,124453.38000000
1759838400000,124453.37000000,125126.00000000,121172.89000000,121846.01000000
1759852800000,121846.01000000,122084.14000000,120574.94000000,121637.17000000
1759867200000,121637.18000000,122292.62000000,121258.08000000,121332.95000000
1759881600000,121332.96000000,122229.66000000,121200.00000000,121374.75000000
1759896000000,121374.76000000,121910.24000000,121066.14000000,121597.06000000
1759910400000,121597.05000000,123200.00000000,121524.01000000,122884.14000000
1759924800000,122884.14000000,123350.00000000,121649.68000000,122189.72000000
1759939200000,122189.72000000,124197.25000000,122110.08000000,123450.00000000
1759953600000,123450.01000000,123737.00000000,122794.40000000,123306.00000000
1759968000000,123306.01000000,123348.32000000,121475.98000000,122038.01000000
1759982400000,122038.01000000,122264.00000000,121724.71000000,121906.10000000
1759996800000,121906.09000000,122833.02000000,121145.49000000,122737.57000000
1760011200000,122737.56000000,123762.94000000,120673.99000000,121147.14000000
1760025600000,121147.15000000,121481.90000000,119651.47000000,120951.72000000
1760040000000,120951.72000000,121900.00000000,120838.00000000,121662.40000000
1760054400000,121662.41000000,121874.13000000,120900.00000000,121026.01000000
1760068800000,121026.00000000,121754.34000000,120855.41000000,120932.05000000
1760083200000,120932.05000000,121777.07000000,120916.44000000,121554.55000000
1760097600000,121554.55000000,122550.00000000,118500.00000000,119018.98000000
1760112000000,119018.99000000,119456.28000000,115952.47000000,116661.50000000
1760126400000,116661.50000000,117214.64000000,102000.00000000,112774.50000000
1760140800000,112774.49000000,113322.39000000,111019.43000000,112300.01000000
1760155200000,112300.00000000,112991.16000000,110090.29000000,110384.61000000
1760169600000,110384.60000000,112359.67000000,110162.23000000,112280.00000000
1760184000000,112280.01000000,112500.00000000,111793.20000000,111793.20000000
1760198400000,111793.21000000,112185.53000000,110865.82000000,111178.31000000
1760212800000,111178.30000000,111368.29000000,109561.59000000,110644.40000000
1760227200000,110644.40000000,111368.14000000,109565.06000000,110676.00000000
1760241600000,110676.00000000,112125.51000000,110617.10000000,111525.20000000
1760256000000,111525.19000000,112133.33000000,111139.87000000,111848.36000000
1760270400000,111848.35000000,113745.84000000,111177.75000000,113198.20000000
1760284800000,113198.20000000,114700.00000000,113198.20000000,114342.28000000
1760299200000,114342.28000000,115770.00000000,114217.75000000,114958.80000000
1760313600000,114958.81000000,115963.81000000,114619.45000000,114821.12000000
1760328000000,114821.13000000,115554.83000000,114398.24000000,115399.67000000
1760342400000,115399.66000000,115438.17000000,113616.50000000,114180.00000000
1760356800000,114180.00000000,115530.00000000,113800.01000000,114312.10000000
1760371200000,114312.09000000,115891.30000000,114215.79000000,115792.84000000
1760385600000,115792.84000000,115868.00000000,115005.44000000,115166.00000000
1760400000000,115166.00000000,115409.96000000,113279.76000000,113500.00000000
1760414400000,113500.00000000,113691.00000000,111355.01000000,111724.41000000
1760428800000,111724.41000000,112140.00000000,110012.24000000,111313.98000000
1760443200000,111313.98000000,112943.82000000,109866.00000000,112900.43000000
1760457600000,112900.44000000,113544.53000000,111692.31000000,112613.70000000
1760472000000,112613.69000000,113577.00000000,112230.46000000,113028.14000000
1760486400000,113028.13000000,113612.35000000,111825.93000000,112024.29000000
1760500800000,112024.30000000,112680.00000000,111746.76000000,112584.50000000
1760515200000,112584.49000000,113520.88000000,111693.26000000,111905.73000000
1760529600000,111905.72000000,112238.41000000,110400.00000000,110798.01000000
1760544000000,110798.01000000,111557.70000000,110164.00000000,111271.73000000
1760558400000,111271.73000000,111556.27000000,110500.00000000,110763.28000000
1760572800000,110763.28000000,111867.17000000,110361.00000000,111329.48000000
1760587200000,111329.48000000,111773.70000000,110553.19000000,110584.20000000
1760601600000,110584.21000000,111728.70000000,109635.15000000,111404.72000000
1760616000000,111404.73000000,111982.45000000,108361.69000000,108549.21000000
1760630400000,108549.21000000,109254.00000000,107577.57000000,108197.66000000
1760644800000,108197.67000000,108500.00000000,107427.00000000,108194.28000000
1760659200000,108194.27000000,109240.00000000,107934.40000000,109176.74000000
1760673600000,109176.74000000,109236.01000000,105542.09000000,105633.75000000
1760688000000,105633.75000000,106651.22000000,103528.23000000,105683.72000000
1760702400000,105683.71000000,106852.14000000,104533.21000000,106803.53000000
1760716800000,106803.52000000,107575.60000000,106071.42000000,106454.72000000
1760731200000,106457.24000000,107440.02000000,106342.47000000,106431.68000000
1760745600000,106431.68000000,107306.06000000,106322.20000000,107070.40000000
1760760000000,107070.41000000,107499.00000000,106439.38000000,106665.00000000
1760774400000,106665.01000000,107222.00000000,106605.93000000,107208.60000000
1760788800000,107208.61000000,107300.00000000,106739.33000000,106948.75000000
1760803200000,106948.75000000,107091.87000000,106484.00000000,107080.14000000
1760817600000,107080.14000000,107339.03000000,106851.84000000,107185.01000000
1760832000000,107185.00000000,107367.16000000,106734.17000000,107275.78000000
1760846400000,107275.79000000,107290.00000000,106558.61000000,106786.00000000
1760860800000,106786.00000000,108260.50000000,106103.36000000,107783.47000000
1760875200000,107783.47000000,108621.68000000,107355.02000000,108486.70000000
1760889600000,108486.71000000,109450.07000000,108240.00000000,108908.43000000
1760904000000,108908.43000000,109370.99000000,108471.10000000,108642.78000000
1760918400000,108642.77000000,110427.86000000,107402.52000000,110145.44000000
1760932800000,110145.45000000,111445.67000000,109951.96000000,111169.92000000
1760947200000,111169.91000000,111679.25000000,110608.27000000,111016.75000000
1760961600000,111016.75000000,111705.56000000,110588.23000000,111144.55000000
1760976000000,111144.55000000,111303.05000000,109855.83000000,110803.22000000
1760990400000,110803.22000000,111272.00000000,110418.25000000,110532.09000000
1761004800000,110532.09000000,110532.09000000,109052.09000000,109059.22000000
1761019200000,109059.23000000,109059.23000000,107473.72000000,108086.37000000
1761033600000,108086.38000000,108811.47000000,107484.22000000,108580.01000000
1761048000000,108580.00000000,113557.62000000,107922.06000000,113422.61000000
1761062400000,113422.60000000,114000.00000000,111324.29000000,111780.39000000
1761076800000,111780.40000000,111801.41000000,108045.81000000,108297.67000000
1761091200000,108297.66000000,108678.21000000,107841.20000000,108216.02000000
1761105600000,108216.03000000,108638.99000000,107610.00000000,108321.63000000
1761120000000,108321.64000000,108358.76000000,106708.18000000,107555.05000000
1761134400000,107555.04000000,109163.88000000,107443.01000000,108416.50000000
1761148800000,108416.50000000,108796.42000000,107463.29000000,107870.35000000
1761163200000,107870.35000000,108069.93000000,106666.69000000,107567.44000000
1761177600000,107567.45000000,108720.39000000,107500.00000000,108377.96000000
1761192000000,108377.96000000,110298.29000000,108350.36000000,109269.90000000
1761206400000,109269.90000000,109903.83000000,109100.40000000,109253.89000000
1761220800000,109253.88000000,110109.99000000,108685.72000000,109908.28000000
1761235200000,109908.29000000,111293.61000000,109647.34000000,110200.00000000
1761249600000,110200.01000000,110200.01000000,109341.28000000,110078.18000000
1761264000000,110078.19000000,110829.67000000,109983.93000000,110441.46000000
1761278400000,110441.46000000,111522.30000000,110332.00000000,111054.61000000
1761292800000,111054.61000000,111482.99000000,110600.00000000,111066.29000000
1761307200000,111066.29000000,112104.98000000,109700.01000000,110046.91000000
1761321600000,110046.92000000,110945.39000000,109797.13000000,110615.07000000
1761336000000,110615.07000000,111138.62000000,110478.00000000,111004.89000000
1761350400000,111004.90000000,111226.67000000,110672.86000000,111029.99000000
1761364800000,111029.99000000,111820.87000000,111029.99000000,111489.60000000
1761379200000,111489.59000000,111850.13000000,111375.81000000,111563.81000000
1761393600000,111563.81000000,111943.19000000,111311.19000000,111385.18000000
1761408000000,111385.18000000,111731.78000000,111164.39000000,111623.45000000
1761422400000,111623.46000000,111683.64000000,111342.25000000,111646.27000000
1761436800000,111646.27000000,111899.56000000,111260.45000000,111260.46000000
1761451200000,111260.46000000,111724.96000000,111260.46000000,111723.98000000
1761465600000,111723.98000000,113466.23000000,111708.63000000,113286.09000000
1761480000000,113286.09000000,114000.00000000,113279.85000000,113694.97000000
1761494400000,113694.97000000,113793.93000000,113290.62000000,113585.99000000
1761508800000,113585.98000000,115466.80000000,112901.00000000,114559.40000000
1761523200000,114559.41000000,115445.39000000,114362.26000000,114958.51000000
1761537600000,114958.52000000,116400.00000000,114938.01000000,115554.60000000
1761552000000,115554.59000000,115607.48000000,114814.69000000,115362.02000000
1761566400000,115362.02000000,115437.48000000,114503.99000000,114969.68000000
1761580800000,114969.68000000,115790.00000000,114790.81000000,114942.64000000
1761595200000,114942.64000000,114942.64000000,113830.01000000,114107.65000000
1761609600000,114107.65000000,114547.20000000,113569.91000000,113908.24000000
1761624000000,113908.25000000,114364.99000000,113483.30000000,114188.37000000
1761638400000,114188.38000000,114673.68000000,114113.30000000,114357.73000000
1761652800000,114357.72000000,116086.00000000,114138.06000000,114641.38000000
1761667200000,114641.38000000,115591.41000000,113566.44000000,113689.99000000
1761681600000,113689.00000000,113703.32000000,112211.00000000,112898.45000000
1761696000000,112898.44000000,112975.75000000,112100.00000000,112523.49000000
1761710400000,112523.49000000,113577.90000000,112505.58000000,113577.90000000
1761724800000,113577.90000000,113624.12000000,112732.91000000,113132.36000000
1761739200000,113132.35000000,113643.73000000,111401.50000000,111509.74000000
1761753600000,111509.74000000,112030.23000000,109200.00000000,110640.00000000
1761768000000,110640.00000000,111800.00000000,109733.22000000,110021.29000000
1761782400000,110021.30000000,111011.99000000,109703.43000000,110751.47000000
1761796800000,110751.48000000,111592.00000000,107925.06000000,111366.72000000
1761811200000,111366.72000000,111467.01000000,109692.30000000,109717.29000000
1761825600000,109717.19000000,109777.93000000,107328.00000000,107711.56000000
1761840000000,107711.56000000,108214.85000000,106304.34000000,106536.39000000
1761854400000,106536.39000000,108334.53000000,106316.17000000,108322.88000000
1761868800000,108322.87000000,110042.16000000,108275.28000000,109227.86000000
1761883200000,109227.87000000,110215.00000000,109114.88000000,109449.31000000
1761897600000,109449.32000000,110550.00000000,109214.13000000,110415.61000000
1761912000000,110415.62000000,111190.00000000,109366.91000000,110202.90000000
1761926400000,110202.90000000,110300.00000000,108635.00000000,109828.78000000
1761940800000,109828.78000000,109828.79000000,109329.15000000,109608.01000000
1761955200000,109608.01000000,110315.54000000,109394.81000000,110226.37000000
1761969600000,110226.38000000,110564.49000000,109933.86000000,110071.40000000
1761984000000,110071.40000000,110270.90000000,109854.72000000,110137.59000000
1761998400000,110137.59000000,110348.00000000,109702.66000000,110310.65000000
1762012800000,110310.65000000,110529.99000000,110192.00000000,110299.99000000
1762027200000,110300.00000000,110516.17000000,109858.44000000,110098.10000000
1762041600000,110098.10000000,110263.91000000,109879.39000000,110053.23000000
1762056000000,110053.22000000,111045.09000000,110030.06000000,110895.53000000
1762070400000,110895.53000000,111229.78000000,110346.15000000,111196.99000000
1762084800000,111196.99000000,111250.01000000,110096.32000000,110117.48000000
1762099200000,110117.49000000,110331.00000000,109735.59000000,110180.84000000
1762113600000,110180.85000000,110742.26000000,109471.34000000,110540.68000000
1762128000000,110540.69000000,110750.00000000,107907.44000000,107937.45000000
1762142400000,107937.45000000,108075.00000000,107006.05000000,107468.23000000
1762156800000,107468.23000000,107920.92000000,106726.63000000,107787.42000000
1762171200000,107787.42000000,108333.00000000,105511.00000000,105745.71000000
1762185600000,105745.71000000,107783.20000000,105306.56000000,107090.00000000
1762200000000,107090.00000000,107169.68000000,105755.59000000,106583.04000000
1762214400000,106583.05000000,107298.74000000,105852.37000000,107158.79000000
1762228800000,107158.79000000,107299.00000000,104200.00000000,104490.72000000
1762243200000,104490.73000000,104699.07000000,103605.00000000,104584.76000000
1762257600000,104584.75000000,104842.63000000,102915.05000000,103197.01000000
1762272000000,103197.02000000,103500.05000000,100010.73000000,100542.64000000
1762286400000,100542.64000000,101893.09000000,98944.36000000,101497.22000000
1762300800000,101497.23000000,102272.23000000,98966.80000000,102130.00000000
1762315200000,102130.00000000,102370.00000000,101500.00000000,101993.02000000
1762329600000,101993.03000000,102203.48000000,101176.47000000,102070.61000000
1762344000000,102070.62000000,103798.37000000,101916.77000000,103728.30000000
1762358400000,103728.30000000,104529.41000000,103057.56000000,104008.09000000
1762372800000,104008.09000000,104534.74000000,103305.05000000,103885.16000000
1762387200000,103885.16000000,103933.33000000,102716.26000000,103636.03000000
1762401600000,103636.92000000,104200.00000000,102910.66000000,103185.48000000
1762416000000,103184.75000000,103440.00000000,102651.63000000,103227.58000000
1762430400000,103227.59000000,103626.46000000,101630.00000000,102014.48000000
1762444800000,102014.49000000,102393.51000000,100300.95000000,101388.81000000
1762459200000,101388.82000000,101643.28000000,100541.17000000,101346.04000000
1762473600000,101346.04000000,102500.00000000,100749.94000000,101916.29000000
1762488000000,101916.30000000,102527.00000000,101582.92000000,102010.00000000
1762502400000,102009.99000000,102050.00000000,99803.58000000,100411.89000000
1762516800000,100411.89000000,101253.99000000,99260.86000000,100797.95000000
1762531200000,100797.95000000,103395.25000000,100517.06000000,103395.25000000
1762545600000,103395.92000000,104096.36000000,102958.00000000,103339.08000000
1762560000000,103339.09000000,103406.22000000,102539.49000000,102592.76000000
1762574400000,102592.76000000,102836.00000000,101902.64000000,102352.96000000
1762588800000,102352.96000000,102687.72000000,101715.76000000,101857.10000000
1762603200000,101857.10000000,102186.99000000,101454.00000000,101711.45000000
1762617600000,101711.46000000,102219.39000000,101522.08000000,101989.65000000
1762632000000,101989.65000000,102482.20000000,101957.94000000,102312.94000000
1762646400000,102312.95000000,102337.89000000,101400.00000000,101662.05000000
1762660800000,101662.05000000,102130.61000000,101635.96000000,101944.59000000
1762675200000,101944.60000000,102307.68000000,101500.00000000,102239.41000000
1762689600000,102239.41000000,104168.00000000,102050.64000000,103762.17000000
1762704000000,103762.18000000,104805.57000000,103316.23000000,104805.57000000
1762718400000,104805.57000000,105495.62000000,104058.59000000,104722.96000000
1762732800000,104722.95000000,106670.11000000,104265.02000000,106027.97000000
1762747200000,106027.97000000,106539.40000000,105846.26000000,106461.45000000
1762761600000,106461.46000000,106599.47000000,105836.00000000,106176.50000000
1762776000000,106176.50000000,106589.89000000,104667.00000000,105079.99000000
1762790400000,105079.99000000,106094.31000000,104784.36000000,105817.99000000
1762804800000,105818.00000000,106299.22000000,105280.00000000,106011.13000000
1762819200000,106011.13000000,107500.00000000,105500.00000000,106456.00000000
1762833600000,106456.00000000,106546.00000000,104741.20000000,104783.98000000
1762848000000,104783.99000000,105497.99000000,104762.23000000,105311.90000000
1762862400000,105311.90000000,105500.00000000,103170.33000000,103455.99000000
1762876800000,103455.99000000,103730.00000000,102840.22000000,103126.39000000
1762891200000,103126.39000000,103224.29000000,102476.09000000,103058.99000000
1762905600000,103059.00000000,103440.96000000,102687.72000000,103310.00000000
1762920000000,103310.00000000,103654.38000000,103011.00000000,103112.66000000
1762934400000,103112.65000000,105200.00000000,103112.24000000,105020.83000000
1762948800000,105020.82000000,105333.33000000,101961.97000000,102173.51000000
1762963200000,102173.51000000,102285.18000000,100813.59000000,101297.31000000
1762977600000,101297.31000000,101999.35000000,101141.03000000,101654.37000000
1762992000000,101654.37000000,102604.00000000,100922.55000000,102130.21000000
1763006400000,102130.21000000,104085.01000000,101665.59000000,103475.66000000
1763020800000,103475.66000000,103811.49000000,102553.63000000,102936.50000000
1763035200000,102936.49000000,103483.83000000,101184.14000000,101382.64000000
1763049600000,101382.63000000,101540.93000000,98147.40000000,98682.14000000
1763064000000,98682.13000000,100501.31000000,98000.40000000,99692.02000000
1763078400000,99692.03000000,99866.02000000,98700.00000000,99139.38000000
1763092800000,99139.38000000,99178.58000000,95933.75000000,97151.98000000
1763107200000,97151.97000000,97553.70000000,95711.00000000,96167.44000000
1763121600000,96167.45000000,97322.35000000,94560.48000000,96796.14000000
1763136000000,96796.14000000,97411.11000000,94800.55000000,95778.29000000
1763150400000,95778.30000000,95940.00000000,94012.45000000,94594.00000000
1763164800000,94594.00000000,96846.68000000,94558.49000000,96417.12000000
1763179200000,96417.12000000,96570.65000000,95921.21000000,96333.86000000
1763193600000,96333.87000000,96350.52000000,95630.00000000,95696.87000000
1763208000000,95696.86000000,96471.22000000,95565.17000000,96260.00000000
1763222400000,96259.99000000,96419.65000000,95731.32000000,96012.01000000
1763236800000,96012.01000000,96012.01000000,95119.94000000,95596.24000000
1763251200000,95596.23000000,95979.79000000,94841.62000000,95825.02000000
1763265600000,95825.02000000,96192.00000000,95650.72000000,96099.99000000
1763280000000,96099.98000000,96635.11000000,95500.00000000,95627.13000000
1763294400000,95627.13000000,95900.00000000,94368.24000000,94573.46000000
1763308800000,94573.46000000,95567.79000000,93770.48000000,94020.00000000
1763323200000,94020.49000000,94739.74000000,93005.55000000,94261.44000000
1763337600000,94261.45000000,95559.99000000,93767.27000000,95496.77000000
1763352000000,95496.77000000,95880.00000000,94849.37000000,95653.77000000
1763366400000,95653.78000000,96026.71000000,95309.68000000,95565.38000000
1763380800000,95565.38000000,96043.00000000,93571.30000000,93959.67000000
1763395200000,93959.68000000,94419.88000000,91588.00000000,91678.93000000
1763409600000,91678.93000000,92399.48000000,91220.00000000,92215.14000000
1763424000000,92215.14000000,92357.51000000,89700.00000000,90842.72000000
1763438400000,90842.72000000,90851.66000000,89253.78000000,90512.10000000
1763452800000,90512.10000000,91617.17000000,90509.79000000,91517.82000000
1763467200000,91517.83000000,93049.91000000,90905.70000000,92910.10000000
1763481600000,92910.10000000,93836.01000000,92579.23000000,93195.61000000
1763496000000,93195.61000000,93423.74000000,92462.72000000,92960.83000000
1763510400000,92960.83000000,92980.22000000,91660.49000000,91874.52000000
1763524800000,91874.51000000,92028.92000000,90025.06000000,91863.64000000
1763539200000,91863.64000000,91950.00000000,91072.41000000,91410.22000000
1763553600000,91410.23000000,92384.61000000,89880.00000000,89951.70000000
1763568000000,89951.70000000,90232.56000000,88630.71000000,88884.56000000
1763582400000,88884.56000000,91594.00000000,88608.00000000,91554.96000000
1763596800000,91554.96000000,92798.14000000,91185.26000000,92440.32000000
1763611200000,92440.33000000,93160.00000000,91687.07000000,92320.18000000
1763625600000,92320.18000000,92400.94000000,91440.55000000,91934.00000000
1763640000000,91934.01000000,92541.92000000,89835.34000000,89869.88000000
1763654400000,89869.88000000,89911.73000000,86100.00000000,86921.28000000
1763668800000,86921.27000000,88250.00000000,86325.23000000,86637.23000000
1763683200000,86637.22000000,87498.94000000,85360.00000000,85821.34000000
1763697600000,85821.35000000,86459.53000000,82000.00000000,84049.39000000
1763712000000,84049.38000000,84709.89000000,81648.00000000,82309.66000000
1763726400000,82309.67000000,85496.00000000,80600.00000000,82932.47000000
1763740800000,82932.46000000,85572.82000000,82333.00000000,84209.30000000
1763755200000,84209.30000000,85416.66000000,83464.96000000,85129.43000000
1763769600000,85129.42000000,85620.00000000,84212.39000000,84440.47000000
1763784000000,84440.48000000,84799.54000000,83832.91000000,84580.06000000
1763798400000,84580.06000000,84586.62000000,83500.00000000,84098.94000000
1763812800000,84098.94000000,84755.83000000,83620.16000000,84284.01000000
1763827200000,84284.01000000,84899.00000000,84219.62000000,84609.76000000
1763841600000,84609.77000000,85260.00000000,84237.70000000,84739.74000000
1763856000000,84739.75000000,86349.84000000,84667.57000000,86308.54000000
1763870400000,86308.54000000,86860.00000000,85420.00000000,85782.19000000
1763884800000,85782.18000000,86465.24000000,85768.22000000,86331.28000000
1763899200000,86331.28000000,87244.51000000,86271.10000000,87087.44000000
1763913600000,87087.44000000,87689.47000000,86502.47000000,87325.01000000
1763928000000,87325.01000000,88127.64000000,86701.54000000,86830.00000000
1763942400000,86830.00000000,88059.44000000,85946.65000000,87460.02000000
1763956800000,87460.03000000,87837.57000000,86450.00000000,87050.39000000
1763971200000,87050.39000000,87050.39000000,85696.56000000,86264.72000000
1763985600000,86264.71000000,86741.50000000,85272.00000000,86616.44000000
1764000000000,86616.44000000,88834.62000000,86616.43000000,88327.29000000
1764014400000,88327.29000000,89228.00000000,88252.50000000,88300.01000000
1764028800000,88300.01000000,88300.01000000,87457.53000000,87822.12000000
1764043200000,87822.12000000,88519.99000000,87300.00000000,87384.81000000
1764057600000,87384.81000000,87606.57000000,86666.00000000,87361.71000000
1764072000000,87361.71000000,87792.20000000,86116.00000000,86988.94000000
1764086400000,86988.93000000,88155.65000000,86182.49000000,86882.85000000
1764100800000,86882.84000000,87889.38000000,86565.48000000,87369.96000000
1764115200000,87369.97000000,88224.00000000,87069.97000000,87119.92000000
1764129600000,87119.93000000,87970.00000000,86909.99000000,87935.05000000
1764144000000,87935.05000000,87941.58000000,86670.36000000,87095.79000000
1764158400000,87095.78000000,87693.21000000,86306.77000000,86978.00000000
1764172800000,86977.99000000,90418.39000000,86956.61000000,89957.36000000
1764187200000,89957.37000000,90656.08000000,89508.85000000,90484.02000000
1764201600000,90484.01000000,91950.00000000,90089.91000000,91091.68000000
1764216000000,91091.68000000,91554.49000000,90889.11000000,91408.34000000
1764230400000,91408.34000000,91940.18000000,91221.17000000,91371.88000000
1764244800000,91371.87000000,91457.36000000,90438.43000000,90958.30000000
1764259200000,90958.29000000,91843.59000000,90850.77000000,91528.21000000
1764273600000,91528.22000000,91600.00000000,91114.52000000,91333.95000000
1764288000000,91333.94000000,91417.99000000,90652.55000000,91208.85000000
1764302400000,91208.85000000,91707.79000000,90867.43000000,90910.87000000
1764316800000,90910.87000000,92030.00000000,90907.98000000,91437.64000000
1764331200000,91437.64000000,93092.00000000,91380.94000000,92362.49000000
1764345600000,92362.50000000,92376.00000000,90180.63000000,91157.44000000
1764360000000,91157.44000000,91247.16000000,90705.57000000,90890.70000000
1764374400000,90890.71000000,91119.99000000,90546.36000000,90680.26000000
1764388800000,90680.26000000,90931.56000000,90311.92000000,90567.67000000
1764403200000,90567.66000000,90738.17000000,90376.37000000,90673.19000000
1764417600000,90673.20000000,91110.36000000,90530.93000000,91063.50000000
1764432000000,91063.50000000,91165.65000000,90155.47000000,90640.78000000
1764446400000,90640.77000000,91051.87000000,90400.21000000,90802.44000000
1764460800000,90802.44000000,91055.50000000,90471.00000000,90909.35000000
1764475200000,90909.35000000,91037.72000000,90670.40000000,90968.16000000
1764489600000,90968.16000000,91632.00000000,90927.16000000,91048.78000000
1764504000000,91048.79000000,92000.01000000,91009.00000000,91435.31000000
1764518400000,91435.31000000,91850.00000000,91159.42000000,91460.79000000
1764532800000,91460.79000000,91626.75000000,90336.90000000,90360.00000000
1764547200000,90360.01000000,90417.00000000,86161.61000000,86346.13000000
1764561600000,86346.13000000,86578.06000000,85604.00000000,86550.30000000
1764576000000,86550.30000000,86938.01000000,86131.01000000,86149.15000000
1764590400000,86146.59000000,86674.00000000,83822.76000000,84677.87000000
1764604800000,84677.87000000,85555.00000000,84030.95000000,85024.50000000
1764619200000,85024.50000000,86860.00000000,85007.69000000,86286.01000000
1764633600000,86286.01000000,87350.00000000,86184.39000000,86976.99000000
1764648000000,86977.00000000,87288.48000000,86818.14000000,87012.65000000
1764662400000,87012.64000000,87628.78000000,86296.21000000,87368.92000000
1764676800000,87368.92000000,91200.00000000,87032.75000000,90850.01000000
1764691200000,90850.01000000,92307.65000000,90201.00000000,91903.39000000
1764705600000,91903.38000000,92000.00000000,90720.87000000,91277.88000000
1764720000000,91277.88000000,93087.09000000,90990.23000000,92628.91000000
1764734400000,92628.91000000,93958.58000000,92625.00000000,92999.99000000
1764748800000,93000.00000000,93389.62000000,92666.00000000,93005.68000000
1764763200000,93005.68000000,93700.00000000,91697.00000000,92373.30000000
1764777600000,92373.30000000,93500.00000000,91786.99000000,93024.99000000
1764792000000,93025.00000000,94150.00000000,92825.56000000,93429.95000000
1764806400000,93429.95000000,94080.00000000,92669.82000000,93543.04000000
1764820800000,93543.03000000,93588.48000000,92775.00000000,93397.67000000
1764835200000,93397.67000000,93621.31000000,92736.90000000,92948.31000000
1764849600000,92948.32000000,93257.00000000,91801.00000000,92971.49000000
1764864000000,92971.49000000,93174.55000000,90889.00000000,91975.44000000
1764878400000,91975.43000000,92718.53000000,91688.92000000,92078.06000000
1764892800000,92078.06000000,92692.36000000,91959.92000000,92142.75000000
1764907200000,92142.75000000,92497.51000000,91813.37000000,92258.65000000
1764921600000,92258.64000000,92258.65000000,90956.25000000,91351.43000000
1764936000000,91351.44000000,91478.67000000,89874.70000000,90459.35000000
1764950400000,90459.34000000,90498.59000000,88056.00000000,89629.26000000
1764964800000,89629.27000000,89745.37000000,88901.60000000,89330.04000000
1764979200000,89330.04000000,89806.43000000,89030.67000000,89688.35000000
1764993600000,89688.35000000,89764.19000000,89459.19000000,89597.13000000
1765008000000,89597.14000000,89750.01000000,89217.59000000,89631.28000000
1765022400000,89631.29000000,90289.97000000,89490.98000000,89758.77000000
1765036800000,89758.77000000,89981.20000000,89077.60000000,89405.64000000
1765051200000,89405.65000000,89615.34000000,88908.01000000,89236.79000000
1765065600000,89236.80000000,89749.59000000,89176.52000000,89722.37000000
1765080000000,89722.37000000,89799.96000000,89200.00000000,89379.72000000
1765094400000,89379.73000000,89538.70000000,89050.01000000,89149.18000000
1765108800000,89149.18000000,89707.54000000,87719.28000000,89554.52000000
1765123200000,89554.52000000,91760.00000000,89115.85000000,91425.52000000
1765137600000,91425.51000000,91510.40000000,88995.33000000,90395.31000000
1765152000000,90395.32000000,91700.00000000,89860.00000000,91068.29000000
1765166400000,91068.30000000,91868.76000000,91023.06000000,91565.46000000
1765180800000,91565.46000000,92287.15000000,91486.46000000,91968.29000000
1765195200000,91968.29000000,92122.08000000,89612.00000000,89961.37000000
1765209600000,89961.36000000,90527.30000000,89679.79000000,90124.48000000
1765224000000,90124.49000000,91374.00000000,90124.49000000,90634.34000000
1765238400000,90634.35000000,90846.26000000,89795.84000000,90405.01000000
1765252800000,90405.02000000,90528.67000000,89500.00000000,90496.80000000
1765267200000,90496.80000000,90600.00000000,89912.48000000,90384.55000000
1765281600000,90384.54000000,92876.92000000,90004.73000000,92707.51000000
1765296000000,92707.50000000,94588.99000000,92693.50000000,93800.83000000
1765310400000,93800.83000000,93857.47000000,92254.92000000,92678.80000000
1765324800000,92678.81000000,92786.35000000,91976.00000000,92410.62000000
1765339200000,92410.62000000,92782.92000000,92386.83000000,92782.91000000
1765353600000,92782.91000000,93291.50000000,91763.69000000,92120.45000000
1765368000000,92120.45000000,92226.00000000,91563.15000000,92063.69000000
1765382400000,92063.69000000,93243.59000000,91684.39000000,92957.67000000
1765396800000,92957.67000000,94476.00000000,91878.00000000,92015.37000000
1765411200000,92015.38000000,92080.32000000,89389.63000000,89880.01000000
1765425600000,89880.00000000,90480.14000000,89694.81000000,90272.75000000
1765440000000,90272.76000000,90504.19000000,89971.11000000,90242.35000000
1765454400000,90242.36000000,90653.33000000,89260.63000000,89872.51000000
1765468800000,89872.51000000,91538.26000000,89333.00000000,90839.81000000
1765483200000,90839.81000000,93555.00000000,90797.76000000,92513.38000000
1765497600000,92513.38000000,92754.00000000,91448.31000000,92283.40000000
1765512000000,92283.40000000,92720.00000000,92078.91000000,92425.34000000
1765526400000,92425.33000000,92650.01000000,92044.80000000,92418.19000000
1765540800000,92418.19000000,92660.74000000,89780.00000000,89935.14000000
1765555200000,89935.13000000,90666.00000000,89480.00000000,90198.22000000
1765569600000,90198.23000000,90404.13000000,89898.61000000,90268.42000000
1765584000000,90268.43000000,90469.71000000,90120.00000000,90345.54000000
1765598400000,90345.55000000,90410.50000000,90268.91000000,90329.97000000
1765612800000,90329.98000000,90634.55000000,90290.00000000,90330.36000000
1765627200000,90330.36000000,90470.30000000,89932.99000000,90092.16000000
1765641600000,90092.17000000,90268.13000000,89981.00000000,90178.16000000
1765656000000,90178.17000000,90280.76000000,89766.39000000,90240.01000000
1765670400000,90240.00000000,90472.40000000,90117.05000000,90258.98000000
1765684800000,90258.99000000,90329.24000000,90050.74000000,90245.60000000
1765699200000,90245.60000000,90280.01000000,88687.27000000,89360.00000000
1765713600000,89360.01000000,89666.00000000,88882.66000000,89022.91000000
1765728000000,89022.92000000,89398.71000000,88497.02000000,88644.88000000
1765742400000,88644.88000000,88827.71000000,87577.36000000,88172.17000000
1765756800000,88172.16000000,90052.64000000,88074.37000000,89282.60000000
1765771200000,89282.60000000,89918.48000000,89272.88000000,89753.42000000
1765785600000,89753.43000000,89986.68000000,89572.05000000,89641.28000000
1765800000000,89641.28000000,89876.42000000,86621.91000000,87033.22000000
1765814400000,87033.21000000,87220.00000000,85146.64000000,86149.96000000
1765828800000,86149.96000000,86472.70000000,85530.01000000,86432.08000000
1765843200000,86432.08000000,86535.22000000,85386.00000000,85875.92000000
1765857600000,85875.91000000,86615.38000000,85266.00000000,86021.51000000
1765872000000,86021.51000000,87330.00000000,85930.97000000,87261.45000000
1765886400000,87261.46000000,88175.98000000,86107.43000000,87977.43000000
1765900800000,87977.44000000,88050.17000000,87061.23000000,87585.77000000
1765915200000,87585.76000000,87931.48000000,87343.75000000,87863.42000000
1765929600000,87863.43000000,87950.00000000,87150.01000000,87213.59000000
1765944000000,87213.60000000,87398.54000000,86209.11000000,87045.59000000
1765958400000,87045.59000000,87137.42000000,86238.91000000,86983.26000000
1765972800000,86983.26000000,90365.85000000,86817.27000000,87233.44000000
1765987200000,87233.44000000,87769.23000000,85314.00000000,86018.53000000
1766001600000,86018.53000000,86431.14000000,85644.09000000,86243.22000000
1766016000000,86243.23000000,86863.75000000,85863.93000000,86618.34000000
1766030400000,86618.35000000,86901.40000000,86384.61000000,86833.84000000
1766044800000,86833.83000000,87453.63000000,86685.14000000,87300.74000000
1766059200000,87300.50000000,89477.61000000,87109.76000000,88513.44000000
1766073600000,88513.43000000,88533.61000000,84481.31000000,84483.79000000
1766088000000,84483.80000000,85835.90000000,84450.01000000,85516.41000000
1766102400000,85516.41000000,87568.99000000,85110.24000000,86891.39000000
1766116800000,86891.39000000,88449.06000000,86647.51000000,87953.40000000
1766131200000,87953.39000000,88385.06000000,87742.60000000,88198.70000000
1766145600000,88198.70000000,89399.97000000,87514.59000000,87951.87000000
1766160000000,87951.86000000,88882.55000000,86846.16000000,87845.92000000
1766174400000,87845.92000000,88426.85000000,87614.79000000,88136.94000000
1766188800000,88136.95000000,88339.27000000,87961.60000000,88214.98000000
1766203200000,88214.98000000,88573.07000000,88123.07000000,88275.41000000
1766217600000,88275.41000000,88428.00000000,88107.35000000,88277.66000000
1766232000000,88277.66000000,88343.73000000,87795.76000000,88178.71000000
1766246400000,88178.72000000,88418.73000000,88103.54000000,88232.92000000
1766260800000,88232.92000000,88443.44000000,88154.06000000,88360.90000000
1766275200000,88360.91000000,88433.64000000,87869.35000000,88070.64000000
1766289600000,88070.64000000,88201.59000000,88050.00000000,88174.79000000
1766304000000,88174.79000000,89081.77000000,88141.87000000,88601.57000000
1766318400000,88601.57000000,88920.01000000,87600.04000000,88067.95000000
1766332800000,88067.96000000,88600.00000000,87950.00000000,88484.01000000
1766347200000,88484.01000000,88823.52000000,88091.96000000,88658.86000000
1766361600000,88658.87000000,89627.24000000,87900.00000000,88774.12000000
1766376000000,88774.13000000,89200.00000000,88712.11000000,89170.10000000
1766390400000,89170.10000000,90118.00000000,89093.44000000,89945.43000000
1766404800000,89945.43000000,90588.23000000,89196.42000000,89726.92000000
1766419200000,89726.93000000,90127.00000000,87965.76000000,88052.43000000
1766433600000,88052.42000000,88833.33000000,87911.79000000,88620.79000000
1766448000000,88620.79000000,88940.00000000,87800.00000000,88170.00000000
1766462400000,88170.00000000,88368.10000000,87051.52000000,87574.79000000
1766476800000,87574.78000000,87890.00000000,87297.69000000,87856.65000000
1766491200000,87856.66000000,87963.03000000,86601.90000000,87443.45000000
1766505600000,87443.45000000,88275.40000000,87162.39000000,87752.87000000
1766520000000,87752.88000000,88372.35000000,87180.00000000,87486.00000000
1766534400000,87486.00000000,87839.66000000,86863.88000000,87336.23000000
1766548800000,87336.23000000,87458.54000000,86796.65000000,86911.53000000
1766563200000,86911.53000000,87359.59000000,86724.05000000,87203.94000000
1766577600000,87203.94000000,87478.59000000,86420.00000000,87049.99000000
1766592000000,87050.00000000,87670.00000000,86917.25000000,87566.06000000
1766606400000,87566.07000000,88049.89000000,87516.77000000,87669.45000000
1766620800000,87669.44000000,87967.50000000,87508.52000000,87840.42000000
1766635200000,87840.42000000,87862.20000000,87661.17000000,87837.59000000
1766649600000,87837.59000000,87888.00000000,87251.60000000,87519.44000000
1766664000000,87519.45000000,88592.74000000,87398.78000000,88371.27000000
1766678400000,88371.27000000,88478.00000000,87993.21000000,88151.18000000
1766692800000,88151.19000000,88167.65000000,86934.72000000,87225.27000000
1766707200000,87225.27000000,89440.00000000,86891.70000000,88844.87000000
1766721600000,88844.88000000,89567.75000000,88347.45000000,88470.75000000
1766736000000,88470.75000000,88918.59000000,88414.81000000,88533.42000000
1766750400000,88533.43000000,89050.00000000,86655.08000000,87137.81000000
1766764800000,87137.81000000,87580.29000000,86818.18000000,87501.83000000
1766779200000,87501.83000000,87792.70000000,87321.40000000,87369.56000000
1766793600000,87369.56000000,87532.00000000,87253.05000000,87514.22000000
1766808000000,87514.23000000,87702.00000000,87417.93000000,87539.26000000
1766822400000,87539.26000000,87677.00000000,87370.73000000,87475.98000000
1766836800000,87475.99000000,87589.99000000,87308.05000000,87551.25000000
1766851200000,87551.26000000,87591.00000000,87442.08000000,87569.39000000
1766865600000,87569.39000000,87984.00000000,87499.99000000,87877.01000000
1766880000000,87877.00000000,87961.37000000,87705.97000000,87740.01000000
1766894400000,87740.00000000,87837.99000000,87614.79000000,87730.85000000
1766908800000,87730.86000000,88010.00000000,87720.00000000,87883.25000000
1766923200000,87883.25000000,88088.75000000,87794.86000000,87836.27000000
1766937600000,87836.27000000,87931.59000000,87500.26000000,87520.75000000
1766952000000,87520.75000000,88049.53000000,87435.00000000,87952.71000000
1766966400000,87952.71000000,90169.06000000,87813.17000000,90123.55000000
1766980800000,90123.55000000,90406.08000000,89507.03000000,89617.71000000
1766995200000,89617.71000000,89825.01000000,87567.65000000,87567.66000000
1767009600000,87567.65000000,88190.71000000,86806.50000000,87691.62000000
1767024000000,87691.62000000,87996.22000000,87312.34000000,87366.23000000
1767038400000,87366.23000000,87597.59000000,87071.49000000,87237.13000000
1767052800000,87237.13000000,87423.65000000,86845.66000000,87379.00000000
1767067200000,87378.99000000,87600.00000000,87157.07000000,87502.85000000
1767081600000,87502.85000000,88224.76000000,87502.84000000,87903.89000000
1767096000000,87903.89000000,89159.52000000,87834.01000000,89016.35000000
1767110400000,89016.36000000,89400.00000000,87960.20000000,88226.16000000
1767124800000,88226.15000000,88573.65000000,87886.46000000,88485.49000000
1767139200000,88485.50000000,88819.80000000,88172.15000000,88453.04000000
1767153600000,88453.04000000,88638.76000000,88325.06000000,88613.12000000
1767168000000,88613.11000000,89046.60000000,88393.52000000,89011.52000000
1767182400000,89011.51000000,89200.00000000,87766.59000000,87953.97000000
1767196800000,87953.97000000,88053.49000000,87400.41000000,87541.85000000
1767211200000,87541.85000000,87879.04000000,87250.00000000,87648.22000000
1767225600000,87648.21000000,88088.10000000,87632.74000000,87846.02000000
1767240000000,87846.01000000,87854.81000000,87550.43000000,87631.88000000
1767254400000,87631.88000000,88024.64000000,87631.87000000,88024.64000000
1767268800000,88024.64000000,88113.45000000,87810.66000000,88032.18000000
1767283200000,88032.17000000,88500.00000000,87879.03000000,88391.15000000
1767297600000,88391.16000000,88919.45000000,88240.00000000,88839.04000000
1767312000000,88839.05000000,89120.01000000,88379.88000000,88950.65000000
1767326400000,88950.64000000,89079.44000000,88576.56000000,88857.61000000
1767340800000,88857.60000000,89942.44000000,88758.94000000,89502.95000000
1767355200000,89502.94000000,90135.00000000,88459.96000000,89418.11000000
1767369600000,89418.10000000,90961.81000000,89205.92000000,89897.23000000
1767384000000,89897.23000000,90400.00000000,89636.77000000,89995.13000000
1767398400000,89995.14000000,90418.32000000,89966.48000000,90321.22000000
1767412800000,90321.23000000,90480.62000000,89314.01000000,89577.13000000
1767427200000,89577.13000000,89982.11000000,89420.75000000,89752.74000000
1767441600000,89752.75000000,90249.99000000,89664.93000000,89969.31000000
1767456000000,89969.31000000,90219.67000000,89918.59000000,90123.77000000
1767470400000,90123.76000000,90741.16000000,90017.23000000,90628.01000000
1767484800000,90628.01000000,91610.17000000,90628.00000000,91236.78000000
1767499200000,91236.78000000,91810.00000000,91183.15000000,91532.00000000
1767513600000,91532.00000000,91620.50000000,91174.46000000,91300.00000000
1767528000000,91300.01000000,91419.22000000,91014.10000000,91334.94000000
1767542400000,91334.94000000,91455.90000000,90863.47000000,91138.07000000
1767556800000,91138.06000000,91590.00000000,91132.00000000,91529.73000000
1767571200000,91529.74000000,93388.00000000,91514.81000000,92878.22000000
1767585600000,92878.22000000,92947.87000000,92155.00000000,92520.63000000
1767600000000,92520.63000000,93151.00000000,92320.17000000,93134.26000000
1767614400000,93134.25000000,94000.00000000,92407.13000000,93957.73000000
1767628800000,93957.74000000,94500.00000000,93250.00000000,94303.40000000
1767643200000,94303.40000000,94789.08000000,93800.00000000,93859.71000000
1767657600000,93859.71000000,94161.86000000,93529.18000000,93769.24000000
1767672000000,93769.25000000,94000.00000000,93137.98000000,93255.08000000
1767686400000,93255.08000000,93895.00000000,93167.29000000,93840.00000000
1767700800000,93839.99000000,94444.44000000,93352.01000000,93648.99000000
1767715200000,93649.00000000,93775.60000000,91262.94000000,92104.50000000
1767729600000,92104.49000000,93845.03000000,92098.29000000,93747.97000000
1767744000000,93747.97000000,93747.97000000,92236.07000000,92815.83000000
1767758400000,92815.83000000,92930.35000000,92500.00000000,92879.13000000
1767772800000,92879.14000000,92961.53000000,91600.00000000,92087.21000000
1767787200000,92087.21000000,92299.40000000,91024.00000000,91349.96000000
1767801600000,91349.95000000,91790.00000000,90675.52000000,91186.07000000
1767816000000,91186.07000000,91489.60000000,90778.32000000,91364.16000000
1767830400000,91364.16000000,91687.99000000,90616.36000000,90813.40000000
1767844800000,90813.40000000,91188.00000000,89641.84000000,90548.02000000
1767859200000,90548.02000000,90917.22000000,89777.25000000,90226.77000000
1767873600000,90226.77000000,90847.52000000,89311.00000000,90781.57000000
1767888000000,90781.57000000,91469.00000000,90312.89000000,90937.41000000
1767902400000,90937.42000000,91493.00000000,90568.11000000,91099.99000000
1767916800000,91100.00000000,91632.10000000,90850.00000000,91220.23000000
1767931200000,91220.24000000,91236.72000000,90738.34000000,90741.84000000
1767945600000,90741.85000000,90843.77000000,89694.66000000,90463.11000000
1767960000000,90463.12000000,92082.55000000,89850.00000000,91176.47000000
1767974400000,91176.48000000,91783.32000000,90190.00000000,90332.15000000
1767988800000,90332.14000000,90732.01000000,90113.87000000,90641.28000000
1768003200000,90641.27000000,90782.23000000,90527.99000000,90626.14000000
1768017600000,90626.15000000,90682.70000000,90408.23000000,90678.50000000
1768032000000,90678.50000000,90832.00000000,90618.28000000,90723.86000000
1768046400000,90723.87000000,90788.78000000,90538.46000000,90665.75000000
1768060800000,90665.76000000,90746.00000000,90504.55000000,90626.54000000
1768075200000,90626.54000000,90659.03000000,90404.00000000,90504.70000000
1768089600000,90504.70000000,90737.95000000,90451.10000000,90733.50000000
1768104000000,90733.49000000,90850.00000000,90585.34000000,90710.79000000
1768118400000,90710.80000000,90816.00000000,90610.27000000,90754.99000000
1768132800000,90754.99000000,91191.50000000,90708.25000000,90875.79000000
1768147200000,90875.79000000,91283.89000000,90673.30000000,90690.80000000
1768161600000,90690.81000000,91041.79000000,90236.00000000,91013.65000000
1768176000000,91013.66000000,92519.95000000,90700.29000000,91808.12000000
1768190400000,91808.12000000,92290.81000000,91381.36000000,91408.09000000
1768204800000,91408.09000000,91630.13000000,90370.00000000,90620.96000000
1768219200000,90620.95000000,91665.00000000,90128.44000000,91665.00000000
1768233600000,91664.99000000,92332.00000000,91000.53000000,91861.27000000
1768248000000,91861.27000000,92046.23000000,90938.20000000,91296.20000000
1768262400000,91296.20000000,91546.08000000,91042.66000000,91408.91000000
1768276800000,91408.90000000,92275.38000000,91350.71000000,91942.00000000
1768291200000,91941.99000000,92672.11000000,91924.27000000,92000.74000000
1768305600000,92000.73000000,93450.00000000,91787.61000000,93449.99000000
1768320000000,93449.99000000,94231.82000000,93078.31000000,94226.84000000
1768334400000,94226.85000000,96495.00000000,94062.00000000,95414.00000000
1768348800000,95413.99000000,95722.01000000,95116.03000000,95720.99000000
1768363200000,95720.99000000,95799.22000000,94559.28000000,95205.10000000
1768377600000,95205.11000000,95315.15000000,94737.95000000,94792.99000000
1768392000000,94793.00000000,97084.68000000,94680.67000000,96764.57000000
1768406400000,96764.57000000,97777.00000000,96246.56000000,97267.42000000
1768420800000,97267.42000000,97924.49000000,96772.02000000,96951.78000000
1768435200000,96951.78000000,97000.00000000,95777.00000000,95985.10000000
1768449600000,95985.11000000,96760.15000000,95952.89000000,96630.48000000
1768464000000,96630.47000000,97193.34000000,96289.98000000,96581.08000000
1768478400000,96581.07000000,97165.03000000,95435.91000000,96737.04000000
1768492800000,96737.04000000,97163.00000000,95183.13000000,95516.01000000
1768507200000,95516.01000000,95871.00000000,95134.48000000,95604.80000000
1768521600000,95604.81000000,95855.12000000,95321.58000000,95354.69000000
1768536000000,95354.69000000,95816.83000000,95133.03000000,95653.16000000
1768550400000,95653.16000000,95871.47000000,95261.43000000,95429.09000000
1768564800000,95429.09000000,95809.08000000,94293.46000000,94585.98000000
1768579200000,94585.99000000,95215.74000000,94508.00000000,95002.09000000
1768593600000,95002.09000000,95600.00000000,94682.00000000,95550.94000000
1768608000000,95550.94000000,95578.20000000,95200.00000000,95372.95000000
1768622400000,95372.94000000,95373.64000000,95041.70000000,95101.67000000
1768636800000,95101.67000000,95323.86000000,95021.67000000,95323.86000000
1768651200000,95323.85000000,95639.45000000,95198.81000000,95573.64000000
1768665600000,95573.65000000,95576.14000000,95212.25000000,95291.38000000
1768680000000,95291.37000000,95412.86000000,95050.00000000,95147.77000000
1768694400000,95147.77000000,95250.00000000,94876.33000000,95200.29000000
1768708800000,95200.29000000,95260.00000000,95028.27000000,95028.27000000
1768723200000,95028.27000000,95295.39000000,95021.44000000,95168.06000000
1768737600000,95168.06000000,95376.24000000,94910.00000000,95119.28000000
1768752000000,95119.27000000,95521.71000000,95073.02000000,95380.99000000
1768766400000,95380.99000000,95531.12000000,93615.40000000,93673.14000000
1768780800000,93673.14000000,93673.14000000,91910.20000000,92690.09000000
1768795200000,92690.08000000,92861.41000000,92385.07000000,92841.62000000
1768809600000,92841.62000000,93368.44000000,92702.56000000,93191.96000000
1768824000000,93191.96000000,93226.44000000,92700.00000000,93068.62000000
1768838400000,93068.62000000,93420.00000000,92930.00000000,93105.85000000
1768852800000,93105.85000000,93342.36000000,92158.48000000,92631.00000000
1768867200000,92630.99000000,92870.00000000,92264.70000000,92434.92000000
1768881600000,92434.93000000,92470.37000000,90771.78000000,91177.98000000
1768896000000,91177.99000000,91442.88000000,90693.00000000,91218.99000000
1768910400000,91218.99000000,91371.11000000,89859.06000000,90684.95000000
1768924800000,90684.95000000,90974.49000000,89292.48000000,89725.76000000
1768939200000,89725.77000000,89854.20000000,87895.98000000,88427.66000000
1768953600000,88427.66000000,89598.80000000,88250.00000000,89432.33000000
1768968000000,89432.33000000,90120.44000000,89093.28000000,89213.95000000
1768982400000,89213.96000000,89493.46000000,88700.00000000,88789.99000000
1768996800000,88789.99000000,90574.00000000,88196.72000000,90288.04000000
1769011200000,90288.04000000,90450.00000000,87263.53000000,90355.56000000
1769025600000,90355.56000000,90377.00000000,89344.98000000,89454.73000000
1769040000000,89454.73000000,90359.99000000,89454.72000000,89899.51000000
1769054400000,89899.51000000,90215.79000000,89802.00000000,89818.79000000
1769068800000,89818.79000000,90150.00000000,89760.00000000,89941.26000000
1769083200000,89941.26000000,90340.00000000,88515.37000000,89000.01000000
1769097600000,89000.00000000,89924.46000000,88676.95000000,89777.90000000
1769112000000,89777.89000000,89946.13000000,89140.13000000,89559.67000000
1769126400000,89559.68000000,89979.97000000,89450.48000000,89924.78000000
1769140800000,89924.78000000,90088.94000000,89400.00000000,89549.45000000
1769155200000,89549.45000000,89632.18000000,88860.44000000,89202.48000000
1769169600000,89202.47000000,89865.53000000,88578.36000000,89761.61000000
1769184000000,89761.61000000,91224.99000000,89489.00000000,89982.79000000
1769198400000,89982.79000000,90156.06000000,89200.68000000,89600.26000000
1769212800000,89600.26000000,89957.39000000,89424.39000000,89770.02000000
1769227200000,89770.03000000,89853.38000000,89572.81000000,89620.10000000
1769241600000,89620.11000000,89686.43000000,89577.97000000,89595.40000000
1769256000000,89595.41000000,89595.41000000,89171.75000000,89275.77000000
1769270400000,89275.77000000,89461.40000000,89162.08000000,89331.36000000
1769284800000,89331.36000000,89489.84000000,89215.59000000,89225.34000000
1769299200000,89225.34000000,89319.13000000,88838.72000000,88960.35000000
1769313600000,88960.36000000,89090.13000000,88635.84000000,88659.99000000
1769328000000,88659.99000000,88760.00000000,88136.00000000,88570.17000000
1769342400000,88570.17000000,88971.89000000,88340.75000000,88446.50000000
1769356800000,88446.51000000,88448.85000000,86194.85000000,86495.16000000
1769371200000,86495.17000000,87013.79000000,86074.72000000,86670.36000000
1769385600000,86670.36000000,87973.11000000,86509.63000000,87282.05000000
1769400000000,87282.04000000,88074.48000000,87244.27000000,88000.64000000
1769414400000,88000.64000000,88424.45000000,87600.69000000,87855.00000000
1769428800000,87855.01000000,88860.00000000,87325.03000000,87641.41000000
1769443200000,87641.41000000,88537.95000000,87035.51000000,88013.19000000
1769457600000,88013.19000000,88659.09000000,87542.05000000,88347.08000000
1769472000000,88347.08000000,88898.00000000,88194.82000000,88788.00000000
1769486400000,88787.99000000,89010.00000000,88278.03000000,88320.41000000
1769500800000,88320.41000000,88397.85000000,87743.52000000,87992.74000000
1769515200000,87992.74000000,88474.23000000,87578.67000000,88047.46000000
1769529600000,88047.46000000,88819.89000000,87304.33000000,88408.77000000
1769544000000,88408.78000000,89523.16000000,88373.49000000,89250.00000000
1769558400000,89249.99000000,89497.96000000,88985.00000000,89126.67000000
1769572800000,89126.68000000,89400.00000000,88840.00000000,89134.35000000
1769587200000,89134.35000000,90156.72000000,88833.65000000,90080.00000000
1769601600000,90079.99000000,90488.00000000,88904.61000000,89479.66000000
1769616000000,89479.66000000,90600.00000000,89006.36000000,89402.58000000
1769630400000,89402.57000000,89896.00000000,88878.01000000,89299.99000000
1769644800000,89300.00000000,89348.00000000,87704.00000000,88053.71000000
1769659200000,88053.71000000,88430.05000000,87901.23000000,88352.97000000
1769673600000,88352.96000000,88500.00000000,87750.01000000,87846.50000000
1769688000000,87846.50000000,88182.29000000,84366.56000000,84934.02000000
1769702400000,84934.02000000,85638.30000000,83383.33000000,84012.11000000
1769716800000,84012.11000000,84737.69000000,83824.90000000,84650.16000000
1769731200000,84650.16000000,84735.75000000,81118.00000000,82676.43000000
1769745600000,82676.42000000,83332.20000000,82056.08000000,82816.98000000
1769760000000,82816.98000000,83314.85000000,82160.00000000,83151.36000000
1769774400000,83151.36000000,83797.99000000,82382.01000000,82883.94000000
1769788800000,82882.84000000,84621.16000000,81871.37000000,84242.99000000
1769803200000,84243.00000000,84523.11000000,83539.20000000,84260.49000000
1769817600000,84260.50000000,84270.02000000,83815.02000000,84022.69000000
1769832000000,84022.70000000,84146.22000000,83404.67000000,83546.81000000
1769846400000,83546.82000000,83629.08000000,82560.75000000,83020.00000000
1769860800000,83020.00000000,83140.00000000,80825.76000000,81302.15000000
1769875200000,81302.16000000,82200.00000000,75719.90000000,77750.01000000
1769889600000,77750.01000000,79240.00000000,77092.34000000,78741.09000000
1769904000000,78741.10000000,79424.00000000,78284.00000000,78868.28000000
1769918400000,78868.29000000,79119.30000000,77967.69000000,78343.00000000
1769932800000,78343.00000000,79220.72000000,78148.10000000,78743.56000000
1769947200000,78743.57000000,78768.68000000,76761.98000000,77593.40000000
1769961600000,77593.40000000,78443.10000000,77000.01000000,77174.78000000
1769976000000,77174.77000000,77779.63000000,75700.00000000,76968.21000000
1769990400000,76968.22000000,78231.26000000,74604.00000000,76292.98000000
1770004800000,76292.98000000,76958.00000000,74911.14000000,76660.79000000
1770019200000,76660.78000000,77970.62000000,76628.28000000,77759.99000000
1770033600000,77760.00000000,79360.00000000,77564.62000000,78850.06000000
1770048000000,78850.06000000,79288.28000000,78283.27000000,78341.50000000
1770062400000,78341.50000000,78962.78000000,77888.00000000,78738.61000000
1770076800000,78738.60000000,79186.81000000,77644.09000000,78753.32000000
1770091200000,78753.32000000,78999.99000000,77950.00000000,78794.67000000
1770105600000,78794.67000000,79084.29000000,77950.00000000,78079.50000000
1770120000000,78079.50000000,78458.89000000,77055.54000000,78132.33000000
1770134400000,78132.34000000,78134.53000000,72945.50000000,74935.00000000
1770148800000,74935.00000000,76960.00000000,74586.54000000,75770.21000000
1770163200000,75770.21000000,76971.52000000,75467.22000000,76698.17000000
1770177600000,76698.17000000,76830.69000000,76105.30000000,76514.30000000
1770192000000,76514.30000000,76607.69000000,75666.00000000,76017.25000000
1770206400000,76017.25000000,76260.85000000,73794.11000000,74136.36000000
1770220800000,74136.48000000,74249.83000000,72169.00000000,73923.29000000
1770235200000,73923.30000000,74144.00000000,71888.00000000,73165.83000000
1770249600000,73165.84000000,73341.18000000,71152.78000000,71223.25000000
1770264000000,71223.25000000,71622.82000000,70140.00000000,70756.85000000
1770278400000,70756.86000000,71978.58000000,69922.00000000,70318.35000000
1770292800000,70318.35000000,70872.04000000,66720.15000000,67489.07000000
1770307200000,67489.08000000,68681.81000000,65200.00000000,65265.65000000
1770321600000,65265.66000000,65700.00000000,62345.00000000,62909.86000000
1770336000000,62909.87000000,66010.00000000,60000.00000000,64168.33000000
1770350400000,64168.33000000,66826.50000000,63914.62000000,64856.00000000
1770364800000,64856.00000000,66755.13000000,64500.00000000,66631.32000000
1770379200000,66631.32000000,69192.00000000,66114.49000000,68626.00000000
1770393600000,68625.99000000,71500.00000000,68428.19000000,70731.46000000
1770408000000,70731.45000000,71751.33000000,69837.35000000,70580.26000000
1770422400000,70580.26000000,70928.75000000,69718.00000000,70918.99000000
1770436800000,70918.99000000,71690.07000000,67300.00000000,68087.14000000
1770451200000,68087.13000000,68790.00000000,67582.48000000,67972.65000000
1770465600000,67972.65000000,69999.99000000,67901.89000000,69151.50000000
1770480000000,69151.50000000,69898.00000000,68531.50000000,69373.61000000
1770494400000,69373.61000000,69728.83000000,68787.34000000,69289.38000000
1770508800000,69289.37000000,69696.57000000,68888.00000000,69099.99000000
1770523200000,69100.00000000,69719.07000000,68952.01000000,69710.69000000
1770537600000,69710.69000000,71220.00000000,69514.15000000,70999.98000000
1770552000000,70999.99000000,71554.95000000,70707.39000000,71188.99000000
1770566400000,71188.99000000,71538.05000000,70251.33000000,71422.97000000
1770580800000,71422.96000000,72271.41000000,70000.00000000,70330.38000000
1770595200000,70330.38000000,71453.53000000,70068.18000000,71307.56000000
1770609600000,71307.56000000,71359.37000000,70311.70000000,70422.59000000
1770624000000,70422.59000000,70608.83000000,68420.58000000,68928.72000000
1770638400000,68928.71000000,69884.82000000,68308.00000000,69563.37000000
1770652800000,69563.37000000,71075.31000000,69100.00000000,70957.01000000
1770667200000,70957.01000000,71126.00000000,69823.52000000,70138.00000000
1770681600000,70138.00000000,70527.59000000,69208.61000000,69511.83000000
1770696000000,69511.83000000,69906.50000000,68682.00000000,68919.66000000
1770710400000,68919.66000000,69417.70000000,68459.89000000,68535.01000000
1770724800000,68535.02000000,69591.20000000,67800.00000000,69293.37000000
1770739200000,69293.37000000,69993.65000000,68604.63000000,69062.01000000
1770753600000,69062.00000000,69136.91000000,68362.00000000,68841.29000000
1770768000000,68841.28000000,69292.88000000,68011.11000000,68187.99000000
1770782400000,68188.00000000,68325.00000000,66557.99000000,67032.72000000
1770796800000,67032.71000000,67134.42000000,66369.49000000,67053.03000000
1770811200000,67053.03000000,68834.34000000,65756.00000000,66519.73000000
1770825600000,66519.72000000,67860.44000000,65876.00000000,67586.67000000
1770840000000,67586.66000000,68369.77000000,66787.70000000,67082.52000000
1770854400000,67082.52000000,68047.48000000,67055.53000000,67580.99000000
1770868800000,67581.00000000,67682.69000000,66670.45000000,67217.72000000
1770883200000,67217.71000000,68299.00000000,66891.60000000,68076.01000000
1770897600000,68076.01000000,68410.52000000,67014.98000000,67134.74000000
1770912000000,67134.74000000,67232.04000000,65118.00000000,65788.36000000
1770926400000,65788.36000000,66488.90000000,65215.06000000,66272.17000000
1770940800000,66272.17000000,66814.00000000,65872.46000000,66553.08000000
1770955200000,66553.09000000,66671.62000000,66002.98000000,66208.96000000
1770969600000,66208.96000000,67226.66000000,66191.52000000,67171.42000000
1770984000000,67171.41000000,69309.80000000,66867.47000000,68692.12000000
1770998400000,68692.12000000,69482.97000000,68540.83000000,68938.91000000
1771012800000,68938.91000000,69079.40000000,68683.32000000,68853.96000000
1771027200000,68853.97000000,69137.50000000,68768.56000000,68981.99000000
1771041600000,68982.00000000,69343.00000000,68730.13000000,69219.26000000
1771056000000,69219.27000000,70560.01000000,69218.71000000,70505.74000000
1771070400000,70505.74000000,70533.67000000,69064.60000000,69778.28000000
1771084800000,69778.28000000,69930.90000000,69283.02000000,69873.99000000
1771099200000,69873.99000000,70250.46000000,69668.05000000,69822.95000000
1771113600000,69822.94000000,69990.02000000,69251.50000000,69954.50000000
1771128000000,69954.50000000,70926.42000000,69459.35000000,70828.42000000
1771142400000,70828.43000000,70983.00000000,70182.31000000,70295.22000000
1771156800000,70295.22000000,70418.48000000,68772.20000000,69099.99000000
1771171200000,69100.00000000,69100.00000000,68000.00000000,68286.63000000
1771185600000,68286.64000000,69078.49000000,68120.00000000,68832.58000000
1771200000000,68832.59000000,69065.50000000,68143.22000000,68424.82000000
1771214400000,68424.82000000,68900.00000000,68228.76000000,68587.90000000
1771228800000,68587.89000000,69060.77000000,68338.90000000,68812.83000000
1771243200000,68812.84000000,70126.67000000,67294.11000000,67539.52000000
1771257600000,67539.53000000,68245.34000000,67513.94000000,67913.43000000
1771272000000,67913.44000000,68978.88000000,67827.11000000,68892.43000000
1771286400000,68892.43000000,69241.50000000,68387.20000000,68474.90000000
1771300800000,68474.90000000,68707.49000000,67892.00000000,68388.12000000
1771315200000,68388.12000000,68479.17000000,67690.00000000,67854.60000000
1771329600000,67854.60000000,68360.50000000,66621.06000000,67392.05000000
1771344000000,67392.06000000,68235.39000000,66881.08000000,67793.32000000
1771358400000,67793.32000000,67928.08000000,67394.00000000,67503.52000000
1771372800000,67503.52000000,67705.65000000,66892.03000000,67629.11000000
1771387200000,67629.10000000,68219.81000000,67500.10000000,68106.44000000
1771401600000,68106.44000000,68476.22000000,67076.90000000,67369.75000000
1771416000000,67369.75000000,68347.72000000,66717.30000000,67694.01000000
1771430400000,67694.01000000,67706.94000000,65870.00000000,66177.14000000
1771444800000,66177.15000000,66550.00000000,66053.60000000,66461.00000000
1771459200000,66461.00000000,66997.07000000,66345.00000000,66980.91000000
1771473600000,66980.91000000,67320.00000000,66679.76000000,67206.45000000
1771488000000,67206.45000000,67206.45000000,66478.02000000,66496.02000000
1771502400000,66496.03000000,66755.39000000,65631.83000000,66398.00000000
1771516800000,66398.01000000,67198.10000000,65899.25000000,67050.00000000
1771531200000,67050.00000000,67168.86000000,66652.34000000,67003.73000000
1771545600000,67003.73000000,67488.67000000,66949.41000000,67366.25000000
1771560000000,67366.25000000,68006.00000000,67115.38000000,67825.91000000
1771574400000,67825.91000000,68318.39000000,67280.60000000,67318.41000000
1771588800000,67318.41000000,68083.98000000,66280.20000000,67582.95000000
1771603200000,67582.95000000,68000.00000000,66952.11000000,67646.03000000
1771617600000,67646.03000000,68233.99000000,67520.30000000,68020.01000000
1771632000000,68020.00000000,68099.54000000,67534.69000000,67667.77000000
1771646400000,67667.77000000,67924.39000000,67593.99000000,67856.01000000
1771660800000,67856.01000000,68314.54000000,67807.30000000,68092.45000000
1771675200000,68092.45000000,68698.70000000,67915.00000000,68615.00000000
1771689600000,68615.01000000,68658.50000000,68101.78000000,68543.51000000
1771704000000,68543.51000000,68605.63000000,67900.00000000,67975.93000000
1771718400000,67975.93000000,68222.16000000,67809.78000000,68041.43000000
1771732800000,68041.42000000,68178.79000000,67881.81000000,68005.30000000
1771747200000,68005.30000000,68245.00000000,67912.02000000,68219.97000000
1771761600000,68219.97000000,68232.40000000,67303.50000000,67684.14000000
1771776000000,67684.15000000,67718.13000000,67190.00000000,67428.32000000
1771790400000,67428.32000000,67751.44000000,67350.00000000,67643.40000000
1771804800000,67643.39000000,67684.86000000,64290.71000000,64934.17000000
1771819200000,64934.18000000,66015.22000000,64685.64000000,65958.94000000
1771833600000,65958.94000000,66600.00000000,65565.78000000,66207.23000000
1771848000000,66207.23000000,66511.51000000,65529.73000000,65660.10000000
1771862400000,65660.10000000,65724.28000000,64048.71000000,64295.10000000
1771876800000,64295.11000000,65035.98000000,63888.79000000,64656.02000000
1771891200000,64656.01000000,65026.75000000,63342.90000000,63595.51000000
1771905600000,63595.51000000,63628.52000000,62700.80000000,63192.96000000
1771920000000,63192.79000000,63444.66000000,62908.92000000,63227.10000000
1771934400000,63227.11000000,64031.76000000,62510.28000000,63973.97000000
1771948800000,63973.98000000,64743.11000000,63689.54000000,64435.03000000
1771963200000,64435.03000000,64591.99000000,63820.50000000,64058.15000000
1771977600000,64058.15000000,66310.00000000,63913.27000000,65391.73000000
1771992000000,65391.74000000,65650.00000000,64755.26000000,65028.30000000
1772006400000,65028.30000000,65692.62000000,64955.79000000,65430.04000000
1772020800000,65430.04000000,67578.00000000,65324.62000000,67412.33000000
1772035200000,67412.32000000,69550.00000000,67404.00000000,69038.26000000
1772049600000,69038.26000000,69988.83000000,67600.00000000,67988.04000000
1772064000000,67988.04000000,68700.00000000,67727.52000000,68216.86000000
1772078400000,68216.87000000,68860.00000000,67817.87000000,67825.04000000
1772092800000,67825.05000000,68722.64000000,67792.00000000,68051.31000000
1772107200000,68051.30000000,68303.83000000,66761.16000000,67382.00000000
1772121600000,67382.00000000,67903.12000000,66500.00000000,67589.22000000
1772136000000,67589.21000000,67831.11000000,67150.14000000,67485.18000000
1772150400000,67485.19000000,67712.16000000,66885.00000000,67600.84000000
1772164800000,67600.84000000,68216.80000000,67459.30000000,67690.60000000
1772179200000,67690.60000000,68149.93000000,65960.01000000,66126.99000000
1772193600000,66126.99000000,66344.90000000,65649.34000000,66095.40000000
1772208000000,66095.40000000,66121.03000000,65113.72000000,65392.18000000
1772222400000,65392.18000000,65953.20000000,64914.46000000,65872.10000000
1772236800000,65872.09000000,66025.52000000,65721.13000000,65797.42000000
1772251200000,65797.42000000,65818.44000000,63030.00000000,63826.00000000
1772265600000,63825.99000000,64307.44000000,63372.10000000,63844.20000000
1772280000000,63844.20000000,65360.51000000,63827.20000000,64841.18000000
1772294400000,64841.17000000,66666.65000000,64681.81000000,66362.01000000
1772308800000,66362.01000000,67760.00000000,66190.61000000,66973.26000000
1772323200000,66973.26000000,68199.99000000,66042.72000000,67502.16000000
1772337600000,67502.16000000,67612.14000000,66749.35000000,67141.39000000
1772352000000,67141.40000000,67292.30000000,66215.71000000,66468.03000000
1772366400000,66468.04000000,67360.57000000,66132.27000000,66842.42000000
1772380800000,66842.42000000,67112.37000000,65699.98000000,65962.17000000
1772395200000,65962.16000000,66491.43000000,65056.00000000,65776.47000000
1772409600000,65776.48000000,67079.00000000,65761.04000000,66820.03000000
1772424000000,66820.03000000,66995.64000000,65542.60000000,66007.52000000
1772438400000,66007.80000000,66720.84000000,65654.54000000,66359.68000000
1772452800000,66359.67000000,69617.74000000,65259.21000000,69130.20000000
1772467200000,69130.20000000,70096.00000000,68576.18000000,68966.53000000
1772481600000,68966.52000000,69539.77000000,68584.90000000,68830.06000000
1772496000000,68830.06000000,69258.08000000,68210.71000000,68377.94000000
1772510400000,68377.94000000,68617.42000000,67800.00000000,68172.80000000
1772524800000,68172.79000000,68311.83000000,66340.14000000,67026.61000000
1772539200000,67026.60000000,67973.20000000,66158.00000000,67725.81000000
1772553600000,67725.82000000,68999.00000000,67473.09000000,68435.00000000
1772568000000,68435.00000000,68860.00000000,67832.30000000,68338.00000000
1772582400000,68338.01000000,68909.34000000,67400.00000000,67732.20000000
1772596800000,67732.19000000,69668.00000000,67467.60000000,69493.13000000
1772611200000,69493.14000000,71893.00000000,69098.91000000,71111.40000000
1772625600000,71111.40000000,73479.75000000,70588.00000000,73396.88000000
1772640000000,73396.87000000,74050.00000000,72541.69000000,73611.10000000
1772654400000,73611.67000000,73716.00000000,72313.04000000,72666.77000000
1772668800000,72666.77000000,73306.82000000,72336.76000000,72497.89000000
1772683200000,72497.89000000,73081.08000000,71759.95000000,72055.50000000
1772697600000,72055.50000000,73558.15000000,71757.17000000,72915.79000000
1772712000000,72915.80000000,73063.38000000,71168.65000000,71652.77000000
1772726400000,71652.77000000,71654.65000000,70645.47000000,70918.07000000
1772740800000,70918.08000000,71572.30000000,70777.00000000,70890.72000000
1772755200000,70891.02000000,71419.98000000,70344.03000000,71080.38000000
1772769600000,71080.37000000,71192.76000000,70143.19000000,71056.44000000
1772784000000,71056.44000000,71067.58000000,70184.01000000,70212.95000000
1772798400000,70212.94000000,70341.76000000,68176.47000000,68504.71000000
1772812800000,68504.71000000,68795.44000000,67744.78000000,68131.79000000
1772827200000,68131.79000000,68440.92000000,67777.00000000,68114.02000000
1772841600000,68114.02000000,68551.04000000,68060.60000000,68095.50000000
1772856000000,68095.50000000,68147.73000000,67446.41000000,67842.67000000
1772870400000,67842.67000000,68232.27000000,67720.98000000,68010.01000000
1772884800000,68010.00000000,68085.41000000,67609.44000000,67877.45000000
1772899200000,67877.45000000,67935.01000000,66915.26000000,67080.34000000
1772913600000,67080.33000000,67483.05000000,67068.01000000,67262.91000000
1772928000000,67262.91000000,67481.96000000,66833.58000000,67000.26000000
1772942400000,67000.26000000,67465.11000000,66547.15000000,67319.91000000
1772956800000,67319.90000000,68200.00000000,67156.93000000,67515.00000000
1772971200000,67515.00000000,67650.94000000,66761.68000000,67218.23000000
1772985600000,67218.23000000,67485.24000000,66745.54000000,67337.42000000
1773000000000,67337.41000000,67609.08000000,65618.49000000,65971.20000000
1773014400000,65971.20000000,67668.64000000,65821.97000000,67205.05000000
1773028800000,67205.06000000,68069.29000000,66853.48000000,67555.13000000
1773043200000,67555.13000000,68460.09000000,67344.45000000,67764.98000000
1773057600000,67764.99000000,69480.00000000,67759.57000000,68863.66000000
1773072000000,68863.67000000,69516.65000000,68179.12000000,68991.93000000
1773086400000,68991.93000000,69145.28000000,68384.69000000,68432.16000000
1773100800000,68432.16000000,70578.29000000,68391.41000000,69429.85000000
1773115200000,69429.85000000,70546.74000000,69429.85000000,70406.01000000
1773129600000,70406.01000000,71300.00000000,70369.00000000,70580.94000000
1773144000000,70580.95000000,71777.00000000,69266.06000000,71346.16000000
1773158400000,71346.17000000,71700.00000000,69739.00000000,70043.63000000
1773172800000,70043.63000000,70417.30000000,69452.42000000,69948.63000000
1773187200000,69948.64000000,70173.25000000,69488.70000000,69551.91000000
1773201600000,69551.91000000,70281.87000000,69420.00000000,69648.29000000
1773216000000,69648.28000000,69786.32000000,69150.28000000,69173.00000000
1773230400000,69172.99000000,71091.18000000,68977.91000000,70227.91000000
1773244800000,70227.92000000,71321.00000000,70161.78000000,70641.82000000
1773259200000,70641.81000000,70950.00000000,70125.83000000,70191.86000000
1773273600000,70191.86000000,70353.87000000,69226.52000000,69446.61000000
1773288000000,69446.61000000,69865.98000000,69205.91000000,69826.19000000
1773302400000,69826.19000000,70800.00000000,69580.00000000,70427.91000000
1773316800000,70427.90000000,70660.69000000,69355.34000000,70334.88000000
1773331200000,70334.89000000,70569.15000000,69770.85000000,70432.32000000
1773345600000,70432.33000000,70734.25000000,70013.17000000,70541.34000000
1773360000000,70541.34000000,72000.00000000,70386.01000000,71405.75000000
1773374400000,71405.76000000,71672.76000000,71180.19000000,71612.22000000
1773388800000,71612.23000000,72575.98000000,71385.28000000,72228.82000000
1773403200000,72228.81000000,73913.74000000,71736.34000000,71831.46000000
1773417600000,71831.46000000,72249.99000000,70841.23000000,71189.95000000
1773432000000,71189.96000000,71491.03000000,70559.02000000,70930.00000000
1773446400000,70930.01000000,71185.23000000,70481.70000000,71081.30000000
1773460800000,71081.31000000,71307.92000000,70317.00000000,70596.68000000
1773475200000,70596.68000000,70784.38000000,70389.08000000,70751.42000000
1773489600000,70751.42000000,70941.17000000,70501.00000000,70580.09000000
1773504000000,70580.09000000,70740.34000000,70500.00000000,70700.00000000
1773518400000,70699.99000000,71253.17000000,70650.09000000,71211.95000000
1773532800000,71211.95000000,71634.08000000,70858.82000000,71363.14000000
1773547200000,71363.13000000,71800.68000000,71330.66000000,71453.59000000
1773561600000,71453.59000000,71940.49000000,71453.59000000,71839.42000000
1773576000000,71839.41000000,71839.42000000,71263.99000000,71481.24000000
1773590400000,71481.24000000,71989.93000000,71320.08000000,71549.94000000
1773604800000,71549.94000000,73199.00000000,71433.75000000,72815.24000000
1773619200000,72815.25000000,74330.34000000,72270.41000000,73573.32000000
1773633600000,73573.31000000,74451.03000000,73385.18000000,73456.68000000
1773648000000,73456.69000000,73838.76000000,72888.80000000,73552.77000000
1773662400000,73552.78000000,74509.52000000,72990.52000000,73274.76000000
1773676800000,73274.75000000,74418.60000000,73160.66000000,73963.00000000
1773691200000,73963.00000000,74909.08000000,73863.20000000,74884.67000000
1773705600000,74884.67000000,76000.00000000,74268.73000000,74463.98000000
1773720000000,74463.98000000,74712.89000000,73784.00000000,74249.32000000
1773734400000,74249.32000000,74452.97000000,73560.98000000,74033.11000000
1773748800000,74033.10000000,74893.94000000,73399.19000000,73914.39000000
1773763200000,73914.40000000,74800.00000000,73855.24000000,74512.17000000
1773777600000,74511.21000000,74799.00000000,73871.74000000,73909.36000000
1773792000000,73909.37000000,74672.34000000,73535.36000000,74446.14000000
1773806400000,74446.14000000,74486.30000000,73700.01000000,73883.80000000
1773820800000,73883.80000000,74281.33000000,72800.00000000,72952.85000000
1773835200000,72952.85000000,72981.79000000,70857.21000000,71467.82000000
1773849600000,71467.82000000,72000.50000000,70933.85000000,71072.38000000
1773864000000,71072.38000000,71451.22000000,70500.00000000,71246.54000000
1773878400000,71246.55000000,71613.79000000,70902.37000000,71215.39000000
1773892800000,71215.39000000,71215.39000000,69478.51000000,70191.17000000
1773907200000,70191.16000000,70560.91000000,69900.00000000,69952.75000000
1773921600000,69952.75000000,70179.53000000,68793.35000000,69412.51000000
1773936000000,69412.52000000,70596.42000000,69122.03000000,70271.99000000
1773950400000,70272.00000000,70695.60000000,69718.23000000,69930.00000000
1773964800000,69930.01000000,70809.43000000,69837.10000000,70729.92000000
1773979200000,70729.93000000,70969.71000000,70160.06000000,70854.66000000
1773993600000,70854.66000000,71367.00000000,70218.68000000,70478.71000000
1774008000000,70478.71000000,70685.63000000,69480.00000000,69860.09000000
1774022400000,69860.09000000,70190.18000000,69388.00000000,70177.86000000
1774036800000,70177.85000000,70923.75000000,69754.71000000,70510.73000000
1774051200000,70510.73000000,70826.00000000,70431.67000000,70657.35000000
1774065600000,70657.35000000,70879.76000000,70617.05000000,70727.33000000
1774080000000,70727.33000000,70753.79000000,70492.02000000,70652.72000000
1774094400000,70652.73000000,71100.94000000,70453.09000000,70630.02000000
1774108800000,70630.02000000,70652.64000000,70210.00000000,70396.00000000
1774123200000,70396.01000000,70516.82000000,68571.42000000,68918.12000000
1774137600000,68918.12000000,69588.79000000,68228.50000000,69339.99000000
1774152000000,69340.00000000,69526.85000000,68892.93000000,68919.38000000
1774166400000,68919.37000000,68990.67000000,68110.55000000,68217.95000000
1774180800000,68217.94000000,69005.71000000,68199.04000000,68847.96000000
1774195200000,68847.97000000,68885.53000000,68145.01000000,68199.93000000
1774209600000,68199.93000000,68498.40000000,67360.66000000,67859.00000000
1774224000000,67859.00000000,68585.12000000,67445.18000000,68074.60000000
1774238400000,68074.60000000,68915.40000000,67502.48000000,68333.16000000
1774252800000,68333.16000000,71499.00000000,67916.14000000,70122.15000000
1774267200000,70122.15000000,71817.09000000,69671.95000000,70131.48000000
1774281600000,70131.48000000,71246.01000000,70131.47000000,70679.05000000
1774296000000,70679.04000000,70998.00000000,70404.39000000,70906.45000000
1774310400000,70906.45000000,71099.96000000,70278.46000000,70542.90000000
1774324800000,70542.90000000,71400.00000000,70119.06000000,71291.70000000
1774339200000,71291.70000000,71368.61000000,70850.11000000,71157.77000000
1774353600000,71157.77000000,71177.66000000,69507.34000000,69873.04000000
1774368000000,69873.04000000,70001.92000000,68923.07000000,69377.33000000
1774382400000,69377.33000000,70832.54000000,69296.15000000,70556.74000000
1774396800000,70556.74000000,71100.28000000,70408.00000000,70716.70000000
1774411200000,70716.70000000,71345.00000000,70703.83000000,70926.88000000
1774425600000,70926.88000000,72026.09000000,70800.00000000,71678.97000000
1774440000000,71678.97000000,71963.71000000,70530.47000000,70832.99000000
1774454400000,70832.99000000,71752.88000000,70681.07000000,70883.31000000
1774468800000,70883.32000000,71594.11000000,70646.34000000,71336.53000000
1774483200000,71336.53000000,71436.82000000,70672.37000000,70921.47000000
1774497600000,70921.47000000,70921.47000000,69805.00000000,70087.44000000
1774512000000,70087.44000000,70144.44000000,69192.96000000,69276.01000000
1774526400000,69276.01000000,69877.45000000,68632.40000000,69082.64000000
1774540800000,69082.64000000,69162.00000000,68153.00000000,68534.36000000
1774555200000,68534.37000000,69478.42000000,68436.74000000,68820.31000000
1774569600000,68820.31000000,69179.05000000,68531.37000000,68767.51000000
1774584000000,68767.50000000,68955.53000000,68304.14000000,68540.48000000
1774598400000,68540.49000000,68635.07000000,66231.96000000,66702.78000000
1774612800000,66702.78000000,66773.25000000,65730.17000000,66112.82000000
1774627200000,66112.82000000,66290.00000000,65548.25000000,66040.66000000
1774641600000,66040.65000000,66420.75000000,65817.44000000,66407.28000000
1774656000000,66407.28000000,66520.46000000,65932.09000000,66240.00000000
1774670400000,66240.00000000,66573.61000000,66110.00000000,66561.48000000
1774684800000,66561.49000000,66570.09000000,66124.40000000,66319.47000000
1774699200000,66319.46000000,67288.94000000,66240.87000000,67014.91000000
1774713600000,67014.92000000,67096.77000000,66704.00000000,66916.52000000
1774728000000,66916.52000000,67010.00000000,66283.38000000,66377.03000000
1774742400000,66377.04000000,67130.50000000,66281.40000000,66912.00000000
1774756800000,66912.00000000,66936.60000000,66556.78000000,66671.00000000
1774771200000,66671.00000000,66988.01000000,66418.00000000,66816.28000000
1774785600000,66816.29000000,66875.24000000,66334.37000000,66523.00000000
1774800000000,66523.01000000,66665.05000000,66158.26000000,66348.62000000
1774814400000,66348.61000000,66793.83000000,65000.00000000,66010.93000000
1774828800000,66010.93000000,67450.00000000,65800.59000000,67173.80000000
1774843200000,67173.80000000,67800.00000000,67167.92000000,67624.39000000
1774857600000,67624.39000000,68042.30000000,67360.41000000,67680.45000000
1774872000000,67680.44000000,68169.65000000,67088.73000000,67629.40000000
1774886400000,67629.40000000,67641.65000000,66233.13000000,66550.05000000
1774900800000,66550.06000000,66994.17000000,66419.79000000,66797.37000000
1774915200000,66797.38000000,68408.37000000,66544.51000000,67704.74000000
1774929600000,67704.74000000,67979.38000000,67103.32000000,67367.69000000
1774944000000,67367.70000000,67496.00000000,65998.05000000,66685.69000000
1774958400000,66685.69000000,67767.87000000,66427.53000000,66736.80000000
1774972800000,66736.79000000,68589.49000000,66729.28000000,67838.80000000
1774987200000,67838.79000000,68410.30000000,67831.70000000,68284.48000000
1775001600000,68284.49000000,68378.64000000,67578.75000000,68170.67000000
1775016000000,68170.67000000,69310.00000000,68005.33000000,68692.00000000
1775030400000,68692.00000000,68851.35000000,68389.21000000,68712.52000000
1775044800000,68712.52000000,68965.00000000,67918.83000000,68918.52000000
1775059200000,68918.52000000,69171.77000000,67939.28000000,68176.84000000
1775073600000,68176.84000000,68534.00000000,67964.48000000,68113.92000000
1775088000000,68113.92000000,68653.38000000,66500.00000000,66576.25000000
1775102400000,66576.25000000,66961.26000000,66217.07000000,66930.79000000
1775116800000,66930.79000000,66930.79000000,66167.10000000,66220.28000000
1775131200000,66220.28000000,67104.86000000,65712.12000000,66852.91000000
1775145600000,66852.91000000,67430.99000000,66596.80000000,66975.99000000
1775160000000,66976.00000000,67100.00000000,66731.08000000,66901.99000000
1775174400000,66901.99000000,67000.00000000,66282.00000000,66579.97000000
1775188800000,66579.98000000,67247.38000000,66416.68000000,67042.08000000
1775203200000,67042.08000000,67288.00000000,66674.72000000,67017.44000000
1775217600000,67017.43000000,67370.42000000,66508.10000000,66827.15000000
1775232000000,66827.15000000,67069.00000000,66751.86000000,66885.74000000
1775246400000,66885.73000000,66970.18000000,66826.13000000,66964.30000000
1775260800000,66964.29000000,66968.28000000,66814.00000000,66832.18000000
1775275200000,66832.18000000,67052.99000000,66775.91000000,67014.96000000
1775289600000,67014.95000000,67232.72000000,66918.00000000,67156.93000000
1775304000000,67156.93000000,67562.93000000,67029.07000000,67383.66000000
1775318400000,67383.66000000,67543.60000000,67265.00000000,67288.42000000
1775332800000,67288.42000000,67504.54000000,67186.62000000,67300.42000000
1775347200000,67300.42000000,67307.28000000,66955.72000000,67145.98000000
1775361600000,67145.98000000,67188.51000000,66611.66000000,66820.64000000
1775376000000,66820.64000000,67150.00000000,66819.42000000,66999.00000000
1775390400000,66998.99000000,67856.16000000,66680.57000000,67306.64000000
1775404800000,67306.65000000,67560.45000000,67173.40000000,67361.01000000
1775419200000,67361.01000000,69136.20000000,67332.66000000,69034.18000000
1775433600000,69034.18000000,69588.00000000,68776.61000000,69123.69000000
1775448000000,69123.69000000,69354.26000000,68806.53000000,69115.91000000
1775462400000,69115.91000000,70283.32000000,69081.88000000,69614.91000000
1775476800000,69614.91000000,69973.25000000,69163.86000000,69968.87000000
1775491200000,69968.87000000,70351.46000000,69282.02000000,69739.53000000
1775505600000,69739.52000000,69974.08000000,68300.00000000,68853.66000000
1775520000000,68853.66000000,69128.20000000,68273.34000000,68779.21000000
1775534400000,68779.20000000,68981.83000000,68443.00000000,68624.61000000
1775548800000,68624.60000000,69247.90000000,68071.96000000,68345.75000000
1775563200000,68345.75000000,68633.87000000,67732.01000000,68168.10000000
1775577600000,68168.11000000,69098.44000000,68085.01000000,69011.29000000
1775592000000,69011.29000000,72761.00000000,69011.29000000,71924.22000000
1775606400000,71924.22000000,72110.65000000,71240.99000000,71287.39000000
1775620800000,71287.39000000,71941.42000000,71287.38000000,71627.59000000
1775635200000,71627.59000000,71955.00000000,71407.77000000,71675.12000000
1775649600000,71675.12000000,72857.00000000,70707.23000000,71310.00000000
1775664000000,71309.99000000,71963.94000000,71019.00000000,71318.48000000
1775678400000,71318.47000000,71748.00000000,70901.89000000,71069.93000000
1775692800000,71069.93000000,71198.80000000,70466.00000000,70992.39000000
1775707200000,70992.37000000,71116.00000000,70689.38000000,70982.01000000
1775721600000,70982.01000000,71575.00000000,70865.42000000,71150.17000000
1775736000000,71150.17000000,72358.00000000,70522.77000000,72141.99000000
1775750400000,72142.00000000,72550.00000000,71729.66000000,72096.32000000
1775764800000,72096.33000000,73145.00000000,71585.25000000,71787.97000000
1775779200000,71787.98000000,72387.00000000,71573.35000000,71868.67000000
1775793600000,71868.67000000,72267.89000000,71428.00000000,71481.85000000
1775808000000,71481.85000000,72261.93000000,71426.15000000,72127.59000000
1775822400000,72127.59000000,73289.96000000,71899.51000000,72460.51000000
1775836800000,72460.52000000,73264.76000000,72387.41000000,73236.11000000
1775851200000,73236.11000000,73434.00000000,72700.60000000,72962.70000000
1775865600000,72962.71000000,73094.89000000,72670.00000000,72866.63000000
1775880000000,72866.62000000,72954.28000000,72612.16000000,72745.38000000
1775894400000,72745.38000000,72915.95000000,72617.75000000,72907.05000000
1775908800000,72907.05000000,72982.40000000,72513.09000000,72858.17000000
1775923200000,72858.18000000,73790.00000000,72812.94000000,73687.15000000
1775937600000,73687.16000000,73689.97000000,72907.40000000,73043.16000000
1775952000000,73043.16000000,73137.24000000,71310.00000000,71593.19000000
1775966400000,71593.18000000,71781.00000000,71417.22000000,71665.00000000
1775980800000,71664.99000000,71805.85000000,71357.76000000,71468.55000000
1775995200000,71468.54000000,71500.00000000,70604.07000000,70892.03000000
1776009600000,70892.04000000,71222.58000000,70821.05000000,71084.18000000
1776024000000,71084.18000000,71452.00000000,70505.88000000,70740.98000000
1776038400000,70741.56000000,71271.78000000,70615.30000000,70976.00000000
1776052800000,70975.99000000,71144.00000000,70672.72000000,70813.88000000
1776067200000,70813.88000000,70997.12000000,70566.99000000,70929.68000000
1776081600000,70929.68000000,72464.28000000,70758.50000000,71866.59000000
1776096000000,71866.59000000,73480.00000000,71679.80000000,73322.82000000
1776110400000,73322.00000000,74900.00000000,73007.08000000,74417.99000000
1776124800000,74418.00000000,74579.32000000,73954.86000000,74444.43000000
1776139200000,74444.44000000,74924.64000000,74150.60000000,74546.00000000
1776153600000,74545.99000000,74910.00000000,74307.35000000,74376.52000000
1776168000000,74376.52000000,76038.00000000,74277.19000000,75317.07000000
1776182400000,75317.06000000,75688.00000000,73795.47000000,74223.18000000
1776196800000,74223.30000000,74434.33000000,73806.09000000,74131.55000000
1776211200000,74131.55000000,74786.72000000,74126.32000000,74345.97000000
1776225600000,74345.98000000,74434.51000000,73514.00000000,73730.43000000
1776240000000,73730.43000000,74256.44000000,73675.96000000,74201.78000000
1776254400000,74201.78000000,74506.84000000,73580.85000000,73844.08000000
1776268800000,73844.07000000,75281.00000000,73762.89000000,75002.60000000
1776283200000,75002.60000000,75425.00000000,74512.06000000,74809.99000000
1776297600000,74809.99000000,75267.85000000,74451.49000000,74888.21000000
1776312000000,74888.21000000,75174.38000000,74636.00000000,74707.03000000
1776326400000,74707.02000000,74901.50000000,74277.34000000,74574.79000000
1776340800000,74574.80000000,75030.39000000,73309.85000000,74697.19000000
1776355200000,74697.20000000,75410.71000000,73912.23000000,75342.99000000
1776369600000,75343.00000000,75534.76000000,74789.50000000,75154.29000000
1776384000000,75154.28000000,75154.77000000,74529.40000000,74615.82000000
1776398400000,74615.82000000,75089.51000000,74555.12000000,75074.77000000
1776412800000,75074.76000000,76370.25000000,74993.24000000,75589.70000000
1776427200000,75589.70000000,78052.49000000,75531.97000000,77785.02000000
1776441600000,77785.03000000,78333.00000000,77000.00000000,77393.58000000
1776456000000,77393.58000000,77611.68000000,76911.00000000,77072.00000000
1776470400000,77072.01000000,77420.08000000,76962.67000000,77005.47000000
1776484800000,77005.47000000,77278.58000000,76884.10000000,76997.80000000
1776499200000,76997.79000000,77048.00000000,75763.76000000,76039.05000000
1776513600000,76039.06000000,76363.75000000,75797.53000000,76167.34000000
1776528000000,76167.33000000,76211.57000000,75445.16000000,75649.85000000
1776542400000,75649.86000000,75891.64000000,75599.64000000,75691.76000000
1776556800000,75691.76000000,75847.42000000,75357.00000000,75515.77000000
1776571200000,75515.76000000,75782.63000000,74867.72000000,75252.34000000
1776585600000,75252.33000000,75641.99000000,74921.74000000,75604.11000000
1776600000000,75604.11000000,76240.66000000,75401.44000000,75846.63000000
1776614400000,75846.63000000,75853.26000000,74608.00000000,74965.47000000
1776628800000,74965.46000000,74965.47000000,73762.90000000,73801.79000000
1776643200000,73801.80000000,74746.93000000,73724.31000000,74634.00000000
1776657600000,74634.01000000,75572.00000000,74095.18000000,74837.17000000
1776672000000,74837.18000000,75404.63000000,74619.41000000,75192.71000000
1776686400000,75192.72000000,75772.72000000,74702.00000000,75716.77000000
1776700800000,75716.78000000,76486.67000000,75289.92000000,76296.96000000
1776715200000,76296.97000000,76558.62000000,75617.60000000,75840.97000000
1776729600000,75840.97000000,76263.40000000,75474.77000000,75710.30000000
1776744000000,75710.31000000,76300.00000000,75600.00000000,76084.34000000
1776758400000,76084.34000000,76927.57000000,76063.98000000,76452.94000000
1776772800000,76452.94000000,76595.30000000,75430.62000000,75834.65000000
1776787200000,75834.66000000,76190.72000000,74821.57000000,75023.43000000
1776801600000,75023.43000000,76425.37000000,74967.58000000,76336.15000000
1776816000000,76336.14000000,77733.11000000,76132.95000000,77521.48000000
1776830400000,77521.47000000,78452.18000000,77364.25000000,78012.79000000
1776844800000,78012.78000000,78399.00000000,77941.59000000,78300.00000000
1776859200000,78300.00000000,79400.00000000,78114.04000000,79272.90000000
1776873600000,79272.91000000,79472.82000000,78632.37000000,78846.62000000
1776888000000,78846.62000000,78915.84000000,78155.83000000,78178.23000000
1776902400000,78178.22000000,78574.44000000,77453.43000000,77746.46000000
1776916800000,77746.47000000,78339.35000000,77675.80000000,78048.62000000
1776931200000,78048.61000000,78175.52000000,77174.01000000,77704.62000000
1776945600000,77704.61000000,78662.50000000,77379.92000000,78376.76000000
1776960000000,78376.77000000,78509.82000000,76960.00000000,77727.26000000
1776974400000,77727.25000000,78331.00000000,77637.50000000,78257.48000000
1776988800000,78257.48000000,78581.93000000,77555.00000000,77737.85000000
1777003200000,77737.84000000,78057.65000000,77457.00000000,77644.60000000
1777017600000,77644.59000000,78372.58000000,77402.01000000,78240.26000000
1777032000000,78240.27000000,78479.37000000,77577.22000000,78038.62000000
1777046400000,78038.63000000,78060.29000000,77363.63000000,77628.85000000
1777060800000,77628.84000000,77757.14000000,77264.08000000,77437.13000000
1777075200000,77437.13000000,77711.87000000,77309.92000000,77679.07000000
1777089600000,77679.08000000,77691.23000000,77450.00000000,77501.19000000
1777104000000,77501.19000000,77885.35000000,77491.36000000,77682.30000000
1777118400000,77682.29000000,77752.54000000,77299.89000000,77330.26000000
1777132800000,77330.25000000,77454.31000000,77140.23000000,77330.01000000
1777147200000,77330.00000000,77650.00000000,77311.05000000,77625.00000000
1777161600000,77625.00000000,77642.43000000,77326.51000000,77400.21000000
1777176000000,77400.21000000,78200.00000000,77383.46000000,78102.53000000
1777190400000,78102.53000000,78210.00000000,77926.59000000,78101.44000000
1777204800000,78101.43000000,78173.15000000,77770.00000000,78049.00000000
1777219200000,78049.00000000,78500.00000000,77850.00000000,78221.16000000
1777233600000,78221.17000000,78961.00000000,77843.75000000,78657.55000000
1777248000000,78657.55000000,79485.66000000,78400.03000000,79105.49000000
1777262400000,79105.50000000,79160.00000000,77465.05000000,77606.60000000
1777276800000,77606.59000000,77980.00000000,77553.23000000,77844.26000000
1777291200000,77844.25000000,78265.34000000,76564.33000000,76793.09000000
1777305600000,76793.10000000,76990.43000000,76459.64000000,76878.07000000
1777320000000,76878.23000000,77450.00000000,76763.71000000,77371.32000000
1777334400000,77371.32000000,77478.00000000,76672.00000000,76815.18000000
1777348800000,76815.18000000,77154.00000000,76424.90000000,76879.28000000
1777363200000,76879.28000000,77013.63000000,76130.10000000,76229.00000000
1777377600000,76228.99000000,76421.94000000,75666.60000000,76066.38000000
1777392000000,76066.37000000,76380.83000000,75881.28000000,76330.97000000
1777406400000,76330.97000000,76481.30000000,76197.02000000,76342.77000000
1777420800000,76342.78000000,77127.62000000,76187.75000000,76994.78000000
1777435200000,76994.77000000,77455.71000000,76880.00000000,77053.64000000
1777449600000,77053.65000000,77904.93000000,76972.32000000,77590.03000000
1777464000000,77590.04000000,77596.39000000,75705.32000000,75924.25000000
1777478400000,75924.24000000,76274.80000000,74937.52000000,75563.86000000
1777492800000,75563.87000000,76088.90000000,75497.43000000,75780.00000000
1777507200000,75780.00000000,76473.26000000,75494.70000000,75928.10000000
1777521600000,75928.09000000,76179.91000000,75323.65000000,76161.67000000
1777536000000,76161.67000000,76339.38000000,75876.29000000,76059.43000000
1777550400000,76059.42000000,76669.14000000,76042.75000000,76473.60000000
1777564800000,76473.60000000,76514.80000000,76111.00000000,76412.80000000
1777579200000,76412.80000000,76568.90000000,76206.02000000,76346.57000000
1777593600000,76346.58000000,77453.74000000,76320.42000000,77131.08000000
1777608000000,77131.08000000,77206.38000000,76653.60000000,77130.54000000
1777622400000,77130.54000000,77600.00000000,77048.00000000,77463.98000000
1777636800000,77463.98000000,78914.12000000,77408.73000000,78445.89000000
1777651200000,78445.88000000,78683.23000000,78131.02000000,78360.00000000
1777665600000,78360.01000000,78422.81000000,77752.00000000,78231.13000000
1777680000000,78231.13000000,78514.82000000,78166.48000000,78400.00000000
1777694400000,78399.99000000,78448.99000000,78040.00000000,78220.00000000
1777708800000,78220.00000000,78394.00000000,78094.43000000,78143.08000000
1777723200000,78143.09000000,78487.68000000,78108.41000000,78487.67000000
1777737600000,78487.67000000,78596.61000000,78310.54000000,78486.00000000
1777752000000,78486.23000000,79199.48000000,78418.32000000,78686.85000000
1777766400000,78686.84000000,78754.55000000,78108.75000000,78203.08000000
1777780800000,78203.07000000,78483.67000000,78084.08000000,78363.25000000
1777795200000,78363.24000000,78849.22000000,78354.53000000,78656.01000000
1777809600000,78656.01000000,78878.77000000,78586.99000000,78668.36000000
1777824000000,78668.36000000,78853.32000000,78558.65000000,78760.32000000
1777838400000,78760.32000000,79447.00000000,78484.42000000,78568.57000000
1777852800000,78568.58000000,80458.00000000,78288.88000000,80316.31000000
1777867200000,80316.30000000,80635.51000000,79500.00000000,79696.75000000
1777881600000,79696.75000000,79930.00000000,78202.00000000,78793.67000000
1777896000000,78793.67000000,80545.17000000,78500.00000000,80028.85000000
1777910400000,80028.85000000,80776.99000000,79619.33000000,80053.31000000
1777924800000,80053.31000000,80397.19000000,79744.91000000,79861.01000000
1777939200000,79861.01000000,81083.98000000,79808.72000000,80893.08000000
1777953600000,80893.08000000,81323.52000000,80725.00000000,80855.59000000
1777968000000,80855.59000000,81095.48000000,80527.76000000,81014.05000000
1777982400000,81014.05000000,81712.32000000,80932.54000000,81525.19000000
1777996800000,81525.19000000,81680.00000000,81050.04000000,81606.35000000
1778011200000,81606.35000000,81791.48000000,80790.00000000,80905.52000000
1778025600000,80905.53000000,81760.84000000,80731.14000000,81581.69000000
1778040000000,81581.70000000,81649.99000000,81060.00000000,81359.82000000
1778054400000,81359.82000000,82850.00000000,81328.68000000,82522.89000000
1778068800000,82522.88000000,82539.33000000,81136.00000000,81704.25000000
1778083200000,81704.25000000,81907.51000000,81200.00000000,81464.87000000
1778097600000,81464.86000000,81700.00000000,81000.00000000,81447.01000000
1778112000000,81447.01000000,81490.03000000,80830.23000000,80834.91000000
1778126400000,80834.92000000,81708.32000000,80725.09000000,81518.58000000
1778140800000,81518.57000000,81590.00000000,80572.40000000,80866.65000000
1778155200000,80866.65000000,81180.00000000,79699.52000000,79890.63000000
1778169600000,79890.00000000,80269.06000000,79500.00000000,80146.11000000
1778184000000,80146.77000000,80371.23000000,79582.95000000,80006.00000000
1778198400000,80006.00000000,80142.84000000,79181.48000000,79578.85000000
1778212800000,79578.84000000,79778.95000000,79248.58000000,79682.40000000
1778227200000,79682.40000000,80340.94000000,79666.05000000,80231.22000000
1778241600000,80231.22000000,80500.00000000,79549.54000000,80142.14000000
1778256000000,80142.13000000,80299.99000000,79738.75000000,80179.94000000
1778270400000,80180.00000000,80409.09000000,80089.76000000,80193.17000000
1778284800000,80193.18000000,80550.67000000,80129.85000000,80383.95000000
1778299200000,80383.96000000,80666.66000000,80135.00000000,80228.89000000
1778313600000,80228.88000000,80452.44000000,80166.26000000,80345.46000000
1778328000000,80345.47000000,80600.00000000,80234.00000000,80527.92000000
1778342400000,80527.92000000,81080.00000000,80487.40000000,80938.53000000
1778356800000,80938.53000000,80938.53000000,80621.88000000,80678.40000000
1778371200000,80678.41000000,80887.15000000,80572.77000000,80775.00000000
1778385600000,80774.99000000,80840.00000000,80658.97000000,80736.03000000
1778400000000,80736.03000000,80975.40000000,80691.00000000,80821.21000000
1778414400000,80821.21000000,81442.81000000,80784.20000000,81418.01000000
1778428800000,81418.01000000,81583.11000000,81148.00000000,81437.83000000
1778443200000,81437.83000000,82479.32000000,80279.77000000,82210.07000000
1778457600000,82210.07000000,82380.00000000,80525.00000000,80736.01000000
1778472000000,80736.00000000,81049.51000000,80639.99000000,80740.40000000
1778486400000,80740.40000000,81200.00000000,80621.87000000,81196.94000000
1778500800000,81196.95000000,81458.00000000,80462.97000000,81445.90000000
1778515200000,81445.89000000,82137.26000000,81344.72000000,81961.99000000
1778529600000,81961.99000000,82078.91000000,81596.31000000,81745.65000000
1778544000000,81745.66000000,81788.00000000,80714.28000000,81058.80000000
1778558400000,81058.79000000,81305.24000000,80800.77000000,80865.40000000
1778572800000,80865.40000000,80964.13000000,80496.57000000,80784.87000000
1778587200000,80784.86000000,80999.00000000,80188.65000000,80336.01000000
1778601600000,80336.01000000,80874.42000000,79843.59000000,80834.64000000
1778616000000,80835.30000000,80896.25000000,80439.91000000,80504.47000000
1778630400000,80504.47000000,81299.99000000,80412.15000000,81249.99000000
1778644800000,81249.99000000,81281.07000000,80889.12000000,81026.92000000
1778659200000,81026.92000000,81324.64000000,80494.98000000,80501.22000000
1778673600000,80501.22000000,80592.65000000,78807.22000000,78827.21000000
1778688000000,78827.21000000,79800.00000000,78754.65000000,79642.41000000
1778702400000,79642.41000000,79760.00000000,79228.00000000,79313.61000000
1778716800000,79313.61000000,79681.73000000,78922.00000000,79044.85000000
1778731200000,79044.86000000,79998.00000000,78982.06000000,79745.98000000
1778745600000,79745.99000000,79936.98000000,79234.00000000,79258.27000000
1778760000000,79258.27000000,81332.23000000,79230.31000000,81301.23000000
1778774400000,81301.22000000,82048.13000000,81080.25000000,81419.74000000
1778788800000,81419.75000000,81590.19000000,81059.93000000,81089.99000000
1778803200000,81090.00000000,81664.45000000,80750.00000000,81059.15000000
1778817600000,81059.15000000,81100.00000000,80314.00000000,80814.88000000
1778832000000,80814.88000000,80822.95000000,80369.00000000,80628.53000000
1778846400000,80628.52000000,80635.44000000,78659.00000000,79150.27000000
1778860800000,79150.26000000,79561.94000000,79051.00000000,79146.50000000
1778875200000,79146.50000000,79217.07000000,78911.42000000,79113.21000000
1778889600000,79113.20000000,79227.77000000,79010.00000000,79083.18000000
1778904000000,79083.19000000,79129.71000000,78066.00000000,78369.77000000
1778918400000,78369.78000000,78530.52000000,77640.00000000,78081.71000000
1778932800000,78080.46000000,78346.00000000,77833.40000000,78238.67000000
1778947200000,78238.68000000,78364.65000000,78119.72000000,78259.66000000
1778961600000,78259.67000000,78318.94000000,78125.32000000,78148.05000000
1778976000000,78148.05000000,78243.19000000,77721.19000000,78028.88000000
1778990400000,78028.88000000,78323.96000000,78003.35000000,78180.01000000
1779004800000,78180.00000000,78599.99000000,78033.01000000,78415.99000000
1779019200000,78415.99000000,78550.00000000,77850.00000000,78051.41000000
1779033600000,78051.42000000,78468.46000000,77856.69000000,78415.30000000
1779048000000,78415.29000000,78485.36000000,76735.16000000,77457.67000000
1779062400000,77457.67000000,77477.99000000,76707.61000000,76924.65000000
1779076800000,76924.66000000,77089.29000000,76583.33000000,77073.69000000
1779091200000,77073.69000000,77403.48000000,76668.58000000,77285.83000000
1779105600000,77285.83000000,77800.00000000,76051.00000000,76409.46000000
1779120000000,76409.46000000,76995.00000000,76144.24000000,76928.00000000
1779134400000,76928.00000000,77222.79000000,76800.00000000,77001.87000000
1779148800000,77001.88000000,77414.62000000,76487.83000000,76787.11000000
1779163200000,76787.10000000,77278.57000000,76644.98000000,77233.69000000
1779177600000,77233.68000000,77317.02000000,76633.83000000,76714.62000000
1779192000000,76714.61000000,77048.72000000,76144.71000000,76521.23000000
1779206400000,76521.24000000,77065.80000000,76407.72000000,76818.74000000
1779220800000,76818.73000000,77040.83000000,76642.95000000,76834.36000000
1779235200000,76834.36000000,76922.46000000,76516.74000000,76723.54000000
1779249600000,76723.55000000,77472.21000000,76692.00000000,77282.64000000
1779264000000,77282.65000000,77663.00000000,77210.33000000,77382.49000000
1779278400000,77382.50000000,77853.04000000,76891.61000000,77455.46000000
1779292800000,77455.45000000,77713.66000000,77018.38000000,77667.49000000
1779307200000,77667.49000000,77766.60000000,77226.61000000,77552.23000000
1779321600000,77552.24000000,78173.15000000,77525.00000000,78078.72000000
1779336000000,78078.72000000,78180.01000000,77521.00000000,77889.01000000
1779350400000,77889.01000000,78200.00000000,77147.15000000,77189.10000000
1779364800000,77189.10000000,77402.12000000,76719.47000000,77259.46000000
1779379200000,77259.45000000,78098.16000000,77008.75000000,77690.56000000
1779393600000,77690.56000000,77813.35000000,77534.43000000,77615.52000000
1779408000000,77615.52000000,77817.80000000,77327.28000000,77779.98000000
1779422400000,77779.98000000,77900.00000000,77288.77000000,77408.06000000
1779436800000,77408.07000000,77535.00000000,77184.45000000,77428.84000000
1779451200000,77428.83000000,77584.94000000,76570.00000000,76790.59000000
1779465600000,76790.60000000,77093.72000000,75668.76000000,75860.44000000
1779480000000,75860.44000000,76087.85000000,75359.18000000,75539.50000000
1779494400000,75539.50000000,75664.62000000,75220.00000000,75635.22000000
1779508800000,75635.22000000,75650.63000000,74289.60000000,74609.36000000
1779523200000,74609.37000000,74873.55000000,74303.56000000,74789.99000000
1779537600000,74789.99000000,75726.30000000,74660.05000000,75520.00000000
1779552000000,75519.99000000,76012.22000000,75371.72000000,75983.45000000
1779566400000,75983.45000000,77404.18000000,75953.94000000,76752.01000000
1779580800000,76752.00000000,77011.62000000,76629.02000000,76750.00000000
1779595200000,76750.01000000,77065.94000000,76651.59000000,76799.99000000
1779609600000,76799.99000000,77543.15000000,76734.42000000,77320.06000000
1779624000000,77320.06000000,77325.72000000,76195.36000000,76371.59000000
1779638400000,76371.59000000,76799.99000000,76371.59000000,76773.34000000
1779652800000,76773.33000000,77225.97000000,76108.00000000,77064.96000000
1779667200000,77064.96000000,77485.00000000,76914.25000000,77026.67000000
1779681600000,77026.68000000,77650.00000000,76990.78000000,77401.12000000
1779696000000,77401.11000000,77699.97000000,77280.32000000,77357.50000000
1779710400000,77357.50000000,77905.52000000,77286.50000000,77628.82000000
1779724800000,77628.82000000,77807.29000000,77343.61000000,77441.86000000
1779739200000,77441.85000000,77500.00000000,77019.82000000,77322.01000000
1779753600000,77322.01000000,77345.00000000,76475.59000000,76664.01000000
1779768000000,76664.00000000,77059.74000000,76603.73000000,76730.84000000
1779782400000,76730.84000000,77621.75000000,76586.94000000,77183.55000000
1779796800000,77183.56000000,78080.00000000,76272.63000000,76518.10000000
1779811200000,76518.10000000,76710.01000000,75779.30000000,76052.00000000
1779825600000,76052.00000000,76180.00000000,75677.97000000,75930.01000000
1779840000000,75930.01000000,76104.02000000,75607.62000000,75683.00000000
1779854400000,75683.00000000,75980.00000000,75310.90000000,75977.17000000
1779868800000,75977.16000000,76071.41000000,75710.76000000,75769.18000000
1779883200000,75769.18000000,76174.15000000,74758.33000000,75326.01000000
1779897600000,75326.02000000,75408.01000000,74663.45000000,75066.08000000
1779912000000,75066.09000000,75415.81000000,74243.99000000,74449.30000000
1779926400000,74449.31000000,74590.77000000,73060.59000000,73258.01000000
1779940800000,73258.00000000,73512.14000000,72728.85000000,73498.00000000
1779955200000,73498.00000000,73616.00000000,73193.13000000,73505.66000000
1779969600000,73505.65000000,73580.75000000,72582.82000000,72928.73000000
1779984000000,72928.73000000,73749.69000000,72741.40000000,73419.32000000
1779998400000,73419.31000000,73949.22000000,73241.48000000,73617.51000000
1780012800000,73617.52000000,73868.33000000,73189.11000000,73301.52000000
1780027200000,73301.53000000,73939.19000000,73210.21000000,73528.56000000
1780041600000,73528.55000000,73902.85000000,73341.85000000,73487.98000000
1780056000000,73487.98000000,74200.00000000,72512.49000000,73808.26000000
1780070400000,73808.25000000,74514.10000000,73187.25000000,73520.28000000
1780084800000,73520.29000000,73844.00000000,73320.00000000,73460.78000000
1780099200000,73460.78000000,73796.43000000,73408.62000000,73524.01000000
1780113600000,73524.01000000,73709.91000000,73216.00000000,73548.60000000
1780128000000,73548.60000000,73680.75000000,73500.02000000,73602.02000000
1780142400000,73602.01000000,74100.00000000,73594.40000000,73930.14000000
1780156800000,73930.13000000,74143.76000000,73811.30000000,74016.65000000
1780171200000,74016.64000000,74054.00000000,73781.30000000,73884.38000000
1780185600000,73884.38000000,74275.66000000,73858.56000000,74150.64000000
1780200000000,74150.64000000,74221.33000000,73836.00000000,73871.24000000
1780214400000,73871.25000000,74024.00000000,73699.20000000,73937.79000000
1780228800000,73937.63000000,74023.99000000,73483.05000000,73655.21000000
1780243200000,73655.20000000,73734.00000000,73400.00000000,73563.42000000
1780257600000,73563.41000000,74198.00000000,73500.00000000,73674.39000000
1780272000000,73674.39000000,74092.00000000,73222.00000000,73769.06000000
1780286400000,73769.06000000,73841.37000000,72704.00000000,72818.00000000
1780300800000,72818.00000000,73095.64000000,72290.00000000,72479.99000000
1780315200000,72480.00000000,72610.00000000,71066.33000000,71129.62000000
1780329600000,71129.62000000,71800.73000000,70686.68000000,71595.24000000
1780344000000,71595.24000000,71690.00000000,70840.90000000,71408.90000000
1780358400000,71408.90000000,71408.90000000,70111.00000000,70953.69000000
1780372800000,70953.70000000,71048.00000000,69733.00000000,70118.42000000
1780387200000,70118.42000000,70172.00000000,69324.65000000,69461.72000000
1780401600000,69461.73000000,69548.13000000,67076.00000000,67304.28000000
1780416000000,67304.29000000,68146.30000000,66432.00000000,67315.14000000
1780430400000,67315.14000000,67923.24000000,66193.00000000,66760.83000000
1780444800000,66760.84000000,67204.15000000,65426.34000000,65849.90000000
1780459200000,65849.90000000,67516.00000000,65834.00000000,67220.03000000
1780473600000,67220.03000000,67476.69000000,66656.48000000,67067.37000000
1780488000000,67067.37000000,67244.62000000,66076.00000000,66076.01000000
1780502400000,66076.01000000,66373.18000000,65251.00000000,65462.00000000
1780516800000,65461.99000000,65860.00000000,64092.49000000,64142.75000000
1780531200000,64142.75000000,64540.30000000,61383.56000000,64363.49000000
1780545600000,64363.49000000,64764.32000000,63492.89000000,63603.15000000
1780560000000,63603.15000000,63904.63000000,62205.00000000,62545.99000000
1780574400000,62546.00000000,64494.92000000,62392.00000000,63896.17000000
1780588800000,63896.16000000,64163.93000000,62944.91000000,63629.38000000
1780603200000,63629.38000000,63918.00000000,63106.04000000,63885.99000000
1780617600000,63885.99000000,63978.00000000,62339.00000000,62730.00000000
1780632000000,62730.00000000,63688.00000000,61126.01000000,63115.99000000
1780646400000,63115.99000000,63259.90000000,61964.98000000,61964.99000000
1780660800000,61964.99000000,62457.86000000,60000.00000000,60438.01000000
1780675200000,60438.00000000,61547.24000000,59130.91000000,60300.24000000
1780689600000,60300.24000000,62000.00000000,59940.01000000,61056.47000000
1780704000000,61056.47000000,61530.05000000,60520.00000000,60687.04000000
1780718400000,60687.05000000,61276.95000000,59500.00000000,61004.95000000
1780732800000,61004.95000000,61500.00000000,60198.00000000,60802.91000000
1780747200000,60802.90000000,61185.26000000,60396.00000000,60784.00000000
1780761600000,60784.01000000,60971.24000000,60393.96000000,60600.01000000
1780776000000,60600.00000000,61000.00000000,60429.09000000,60884.62000000
1780790400000,60884.62000000,61778.33000000,60746.00000000,61701.07000000
1780804800000,61701.06000000,62416.26000000,61482.46000000,62404.73000000
1780819200000,62404.72000000,62960.00000000,62259.37000000,62621.96000000
1780833600000,62621.97000000,62643.97000000,61577.12000000,62093.99000000
1780848000000,62093.99000000,62332.00000000,61184.00000000,61328.00000000
1780862400000,61327.99000000,64234.68000000,61217.17000000,63332.01000000
1780876800000,63332.01000000,63863.06000000,62720.86000000,63130.12000000
1780891200000,63130.12000000,63350.00000000,62408.00000000,63283.99000000
1780905600000,63284.00000000,63873.08000000,62992.01000000,63479.61000000
1780920000000,63479.62000000,64200.00000000,62718.30000000,63774.48000000
1780934400000,63774.48000000,64046.86000000,63268.01000000,63372.01000000
1780948800000,63372.01000000,63850.00000000,62978.66000000,63085.99000000
1780963200000,63086.00000000,63184.00000000,62423.07000000,62875.17000000
1780977600000,62875.18000000,63526.01000000,62748.00000000,63198.44000000
1780992000000,63198.44000000,63208.86000000,62498.75000000,62711.12000000
1781006400000,62711.12000000,62895.18000000,61037.00000000,61131.84000000
1781020800000,61131.85000000,62103.39000000,60780.00000000,62098.09000000
1781035200000,62098.09000000,62272.00000000,61556.00000000,61730.00000000
1781049600000,61730.00000000,61974.70000000,61235.29000000,61549.64000000
1781064000000,61549.64000000,61813.34000000,61080.00000000,61687.56000000
1781078400000,61687.56000000,61736.00000000,60755.00000000,61034.04000000
1781092800000,61034.04000000,62857.99000000,60960.00000000,62639.23000000
1781107200000,62639.23000000,62646.00000000,61588.80000000,61942.44000000
1781121600000,61942.45000000,61949.21000000,61104.24000000,61510.99000000
1781136000000,61510.99000000,62848.00000000,61510.99000000,62689.48000000
1781150400000,62689.47000000,62997.53000000,62544.89000000,62719.39000000
1781164800000,62719.39000000,63257.21000000,62719.38000000,63108.00000000
1781179200000,63108.01000000,63239.43000000,62500.00000000,62749.44000000
1781193600000,62749.44000000,63933.02000000,62348.00000000,63605.68000000
1781208000000,63605.69000000,63700.00000000,63270.00000000,63625.99000000
1781222400000,63626.00000000,63810.01000000,63301.53000000,63524.82000000
1781236800000,63524.81000000,63863.98000000,62829.81000000,63100.80000000
1781251200000,63100.80000000,63953.84000000,63100.80000000,63766.01000000
1781265600000,63766.01000000,64394.44000000,63045.29000000,63593.02000000
1781280000000,63593.02000000,64111.10000000,63510.16000000,63589.27000000
1781294400000,63589.28000000,63696.41000000,63400.00000000,63580.01000000
1781308800000,63580.00000000,63840.00000000,63418.66000000,63532.00000000
1781323200000,63532.00000000,63883.47000000,63484.00000000,63846.00000000
1781337600000,63845.99000000,63984.53000000,63726.57000000,63971.28000000
1781352000000,63971.28000000,64350.00000000,63921.33000000,64296.15000000
1781366400000,64296.15000000,64333.62000000,63920.05000000,64296.59000000
1781380800000,64296.59000000,64762.77000000,64226.38000000,64458.01000000
1781395200000,64458.01000000,64710.00000000,64380.70000000,64545.30000000
1781409600000,64545.30000000,64563.48000000,64214.00000000,64429.39000000
1781424000000,64429.39000000,64664.00000000,64321.18000000,64546.00000000
1781438400000,64546.01000000,64560.66000000,63866.66000000,64025.07000000
1781452800000,64025.06000000,64208.92000000,63678.83000000,63802.00000000
1781467200000,63801.99000000,65800.00000000,63794.09000000,65746.45000000
1781481600000,65746.45000000,65995.00000000,65354.00000000,65927.10000000
1781496000000,65927.11000000,66000.00000000,65611.01000000,65674.76000000
1781510400000,65674.76000000,66385.12000000,65512.00000000,66233.90000000
1781524800000,66233.89000000,67292.15000000,66106.00000000,67292.14000000
1781539200000,67292.15000000,67292.15000000,66348.00000000,66614.35000000
1781553600000,66615.98000000,66681.30000000,66076.56000000,66328.74000000
1781568000000,66328.74000000,66463.26000000,65650.00000000,66165.21000000
1781582400000,66165.21000000,66572.99000000,65802.00000000,66372.00000000
1781596800000,66372.00000000,66992.00000000,66345.06000000,66481.73000000
1781611200000,66481.73000000,66818.00000000,65360.92000000,65859.76000000
1781625600000,65859.76000000,66248.69000000,65560.00000000,65675.88000000
1781640000000,65675.89000000,65938.00000000,65592.00000000,65675.01000000
1781654400000,65675.02000000,66200.00000000,65477.50000000,65851.99000000
1781668800000,65852.00000000,66048.19000000,65251.00000000,65539.50000000
1781683200000,65539.51000000,65574.00000000,64565.00000000,64810.01000000
1781697600000,64810.01000000,65855.66000000,64590.53000000,65752.00000000
1781712000000,65751.99000000,66445.93000000,63998.35000000,64301.85000000
1781726400000,64301.85000000,64529.20000000,63915.77000000,64509.40000000
1781740800000,64509.40000000,64806.00000000,64267.86000000,64282.82000000
1781755200000,64282.82000000,64510.50000000,63696.29000000,64510.44000000
1781769600000,64510.45000000,64646.75000000,63878.14000000,63974.40000000
1781784000000,63974.40000000,64445.19000000,62293.76000000,62369.44000000
1781798400000,62369.43000000,63008.33000000,62272.07000000,62950.79000000
1781812800000,62950.79000000,63274.19000000,62742.00000000,62958.01000000
1781827200000,62958.01000000,63110.29000000,62386.90000000,62773.51000000
1781841600000,62773.52000000,62917.32000000,62409.55000000,62629.99000000
1781856000000,62630.00000000,62782.00000000,62316.44000000,62626.00000000
1781870400000,62626.00000000,63419.27000000,62353.00000000,63214.01000000
1781884800000,63214.01000000,63387.80000000,62866.99000000,63021.60000000
1781899200000,63021.60000000,63666.00000000,62958.59000000,63543.91000000
1781913600000,63543.90000000,63777.00000000,63320.14000000,63476.79000000
1781928000000,63476.79000000,63907.07000000,63402.00000000,63655.21000000
1781942400000,63655.21000000,63798.76000000,63392.41000000,63688.00000000
1781956800000,63688.00000000,64388.00000000,63184.21000000,64160.04000000
1781971200000,64160.04000000,64167.26000000,63730.21000000,63936.00000000
1781985600000,63935.99000000,64350.00000000,63853.31000000,64298.01000000
1782000000000,64298.01000000,64472.99000000,64206.17000000,64426.00000000
1782014400000,64426.00000000,64588.00000000,64173.08000000,64191.07000000
1782028800000,64191.06000000,64483.95000000,63900.17000000,64176.00000000
1782043200000,64176.00000000,64355.88000000,63952.00000000,64224.00000000
1782057600000,64224.00000000,64298.84000000,63933.47000000,64207.12000000
1782072000000,64207.13000000,64271.21000000,63270.00000000,63311.99000000
1782086400000,63312.00000000,64823.52000000,63312.00000000,63974.01000000
1782100800000,63974.01000000,64397.57000000,63868.41000000,64211.19000000
1782115200000,64211.20000000,64768.46000000,64044.00000000,64657.22000000
1782129600000,64657.22000000,65622.83000000,64579.08000000,64836.95000000
1782144000000,64836.95000000,64862.00000000,64276.00000000,64472.00000000
1782158400000,64472.51000000,64659.43000000,63804.59000000,64020.01000000
1782172800000,64020.01000000,64275.38000000,63828.93000000,64065.35000000
1782187200000,64065.34000000,64095.55000000,62568.90000000,62886.03000000
1782201600000,62886.04000000,62945.08000000,61938.00000000,62507.06000000
1782216000000,62507.05000000,62855.98000000,61960.00000000,62487.79000000
1782230400000,62487.79000000,62846.00000000,62104.70000000,62388.49000000
1782244800000,62388.49000000,62799.99000000,62380.25000000,62734.57000000
1782259200000,62734.57000000,63119.45000000,62461.87000000,62729.78000000
1782273600000,62729.78000000,63073.44000000,62525.49000000,62657.99000000
1782288000000,62658.00000000,63239.06000000,62318.88000000,62921.19000000
1782302400000,62921.19000000,62973.20000000,60249.82000000,60250.00000000
1782316800000,60250.00000000,60678.10000000,59102.70000000,59958.30000000
1782331200000,59958.30000000,61276.00000000,59854.00000000,61077.99000000
1782345600000,61078.00000000,61163.16000000,60684.94000000,60883.65000000
1782360000000,60883.66000000,61962.40000000,60792.00000000,61911.04000000
1782374400000,61911.03000000,61920.00000000,61066.00000000,61282.01000000
1782388800000,61282.00000000,61761.35000000,58115.01000000,59557.99000000
1782403200000,59557.99000000,60067.00000000,59139.96000000,59320.00000000
1782417600000,59319.99000000,60273.81000000,59319.99000000,59794.00000000
1782432000000,59794.64000000,60131.37000000,58337.00000000,60036.01000000
1782446400000,60036.00000000,60759.99000000,59702.00000000,60532.00000000
1782460800000,60532.00000000,60580.00000000,59239.78000000,59413.24000000
1782475200000,59413.24000000,60500.00000000,58500.10000000,60328.32000000
1782489600000,60328.18000000,60583.00000000,59556.00000000,59751.97000000
1782504000000,59751.96000000,60117.64000000,59571.31000000,60097.27000000
1782518400000,60097.27000000,60412.00000000,59876.22000000,60305.73000000
1782532800000,60305.73000000,60574.00000000,60093.33000000,60548.07000000
1782547200000,60548.06000000,60548.74000000,60198.94000000,60363.65000000
1782561600000,60363.65000000,60941.17000000,60257.03000000,60840.06000000
1782576000000,60840.06000000,60855.03000000,60085.88000000,60175.95000000
1782590400000,60175.95000000,60482.18000000,59855.16000000,60029.00000000
1782604800000,60029.01000000,60339.99000000,59986.00000000,60197.04000000
1782619200000,60197.03000000,60259.68000000,59753.48000000,60219.99000000
1782633600000,60220.00000000,60545.01000000,60068.00000000,60342.00000000
1782648000000,60341.99000000,60457.02000000,59817.28000000,59890.00000000
1782662400000,59890.35000000,59943.90000000,59270.26000000,59481.79000000
1782676800000,59481.78000000,59906.00000000,58905.00000000,59577.01000000
1782691200000,59577.01000000,60233.00000000,58900.01000000,60049.46000000
1782705600000,60049.45000000,60346.27000000,59392.02000000,60026.00000000
1782720000000,60026.01000000,60311.95000000,59745.46000000,59956.05000000
1782734400000,59956.05000000,60780.57000000,59011.00000000,59824.01000000
1782748800000,59824.01000000,60683.84000000,59584.48000000,60433.49000000
1782763200000,60433.50000000,60585.99000000,60194.01000000,60260.21000000
1782777600000,60260.20000000,60276.54000000,59600.00000000,59627.48000000
1782792000000,59627.47000000,59712.88000000,59360.00000000,59524.01000000
1782806400000,59524.01000000,59551.03000000,59123.01000000,59192.70000000
1782820800000,59192.71000000,59276.60000000,58201.00000000,58381.99000000
1782835200000,58382.00000000,58839.16000000,58241.79000000,58818.05000000
1782849600000,58818.00000000,58874.99000000,58509.99000000,58624.71000000
1782864000000,58624.71000000,59318.00000000,57800.19000000,59197.13000000
1782878400000,59197.12000000,59457.00000000,58534.31000000,58768.65000000
1782892800000,58768.64000000,59091.99000000,58500.00000000,58622.03000000
1782907200000,58622.02000000,60536.55000000,58326.00000000,60147.15000000
1782921600000,60147.15000000,60352.93000000,59787.35000000,60028.67000000
1782936000000,60029.39000000,61334.00000000,59876.00000000,60024.00000000
1782950400000,60024.00000000,61121.78000000,59588.00000000,61058.00000000
1782964800000,61057.99000000,61058.00000000,60104.00000000,60149.99000000
1782979200000,60149.99000000,61437.49000000,60132.51000000,61358.01000000
1782993600000,61358.00000000,62200.00000000,61147.23000000,61612.93000000
1783008000000,61612.93000000,61962.43000000,61108.99000000,61479.60000000
1783022400000,61479.59000000,61653.43000000,61342.00000000,61560.00000000
1783036800000,61560.00000000,61733.11000000,61248.86000000,61434.00000000
1783051200000,61434.00000000,61864.99000000,61332.76000000,61750.47000000
1783065600000,61750.47000000,62103.10000000,61510.01000000,62024.02000000
1783080000000,62024.01000000,62400.00000000,61700.00000000,61922.72000000
1783094400000,61922.71000000,62317.64000000,61911.65000000,62210.00000000
1783108800000,62210.00000000,62979.86000000,62186.01000000,62583.26000000
1783123200000,62583.26000000,62946.00000000,62404.25000000,62627.29000000
1783137600000,62627.28000000,62749.97000000,62328.24000000,62576.00000000
1783152000000,62576.00000000,62674.47000000,62415.87000000,62482.01000000
1783166400000,62482.00000000,63075.46000000,62482.00000000,62943.29000000
1783180800000,62943.29000000,63461.99000000,62786.00000000,63294.72000000
1783195200000,63294.72000000,63448.00000000,62927.98000000,63144.01000000
1783209600000,63144.01000000,63144.01000000,62596.08000000,62769.04000000
1783224000000,62769.03000000,63059.99000000,62659.65000000,63020.21000000
1783238400000,63020.21000000,63104.00000000,62436.59000000,62658.92000000
1783252800000,62658.92000000,62943.59000000,62569.37000000,62740.01000000
1783267200000,62740.01000000,62888.14000000,62590.02000000,62768.88000000
1783281600000,62768.87000000,63999.00000000,62609.47000000,63650.00000000
1783296000000,63650.01000000,63920.00000000,63136.01000000,63294.00000000
1783310400000,63294.00000000,63402.77000000,62890.00000000,63089.42000000
1783324800000,63089.42000000,63244.00000000,62483.83000000,62483.84000000
1783339200000,62483.84000000,63550.00000000,61306.84000000,63545.98000000
1783353600000,63545.98000000,63976.16000000,63386.01000000,63738.52000000
1783368000000,63738.52000000,64700.00000000,63589.41000000,64042.02000000
1783382400000,64042.93000000,64314.00000000,63150.00000000,63191.01000000
1783396800000,63191.01000000,63445.70000000,62800.00000000,63083.18000000
1783411200000,63083.19000000,63467.15000000,62984.58000000,63406.00000000
1783425600000,63405.99000000,64105.00000000,62671.39000000,63930.51000000
1783440000000,63930.50000000,64243.75000000,63379.69000000,63817.99000000
1783454400000,63818.00000000,63901.75000000,63218.00000000,63363.99000000
1783468800000,63364.00000000,63761.99000000,62525.47000000,62766.00000000
1783483200000,62766.00000000,62901.49000000,62477.04000000,62888.35000000
1783497600000,62888.34000000,62941.46000000,61743.83000000,62299.99000000
1783512000000,62300.00000000,62451.08000000,61544.56000000,61704.01000000
1783526400000,61704.01000000,62394.32000000,61692.00000000,62277.98000000
1783540800000,62277.98000000,62350.63000000,61956.00000000,62290.00000000
1783555200000,62290.01000000,62642.00000000,61705.29000000,61974.34000000
1783569600000,61974.34000000,63283.26000000,61956.46000000,63000.00000000
1783584000000,62999.99000000,63100.10000000,62614.66000000,62786.34000000
1783598400000,62786.33000000,63261.00000000,62465.39000000,62868.05000000
1783612800000,62868.06000000,63500.00000000,62559.59000000,63248.10000000
1783627200000,63248.09000000,63418.00000000,63060.91000000,63230.00000000
1783641600000,63230.01000000,64050.23000000,62926.01000000,63947.20000000
1783656000000,63947.20000000,64200.00000000,63802.02000000,63963.00000000
1783670400000,63963.00000000,64494.84000000,63962.99000000,64425.18000000
1783684800000,64425.18000000,64692.83000000,63793.43000000,64040.00000000
1783699200000,64039.99000000,64220.00000000,63732.66000000,63917.88000000
1783713600000,63917.88000000,64222.61000000,63656.00000000,64161.72000000
1783728000000,64161.72000000,64310.00000000,63984.07000000,64150.42000000
1783742400000,64150.42000000,64278.00000000,64080.26000000,64162.18000000
1783756800000,64162.18000000,64300.00000000,64129.99000000,64198.00000000
1783771200000,64197.99000000,64504.11000000,63896.18000000,64175.75000000
1783785600000,64175.75000000,64402.00000000,64084.00000000,64286.00000000
1783800000000,64286.00000000,64463.83000000,63819.00000000,63819.00000000
1783814400000,63819.01000000,64223.74000000,63702.16000000,64223.73000000
1783828800000,64223.73000000,64245.87000000,63640.83000000,63885.27000000
1783843200000,63885.28000000,64100.32000000,63764.00000000,64018.01000000
1783857600000,64018.00000000,64290.11000000,63958.71000000,64176.00000000
1783872000000,64176.00000000,64270.00000000,64018.69000000,64228.59000000
1783886400000,64228.59000000,64254.00000000,63668.00000000,63780.00000000
1783900800000,63780.00000000,64425.00000000,62741.04000000,62806.41000000
1783915200000,62806.41000000,63070.01000000,62500.76000000,62985.52000000
1783929600000,62985.53000000,63302.88000000,62862.28000000,62901.99000000
1783944000000,62901.99000000,62990.04000000,62101.00000000,62618.01000000
1783958400000,62618.00000000,62629.35000000,61824.97000000,62288.23000000
1783972800000,62288.23000000,62347.46000000,61882.88000000,62334.52000000
1783987200000,62334.52000000,62666.66000000,62272.20000000,62572.89000000
1784001600000,62572.88000000,62872.00000000,62516.93000000,62560.92000000
1784016000000,62560.92000000,62923.06000000,62500.00000000,62844.99000000
1784030400000,62844.99000000,64966.43000000,62780.84000000,64743.99000000
1784044800000,64744.00000000,64896.86000000,64231.77000000,64569.59000000
1784059200000,64569.59000000,65100.00000000,64419.99000000,65043.98000000
1784073600000,65043.99000000,65065.01000000,64488.00000000,64792.01000000
1784088000000,64792.00000000,65277.37000000,64485.00000000,64549.34000000
1784102400000,64549.33000000,64917.94000000,64549.33000000,64732.15000000
1784116800000,64732.15000000,65600.00000000,64606.00000000,65427.61000000
1784131200000,65427.60000000,65470.00000000,64738.49000000,64977.34000000
1784145600000,64977.34000000,65055.39000000,64691.89000000,64756.28000000
1784160000000,64756.28000000,64845.50000000,64392.01000000,64619.95000000
1784174400000,64619.96000000,64997.52000000,64086.12000000,64238.00000000
1784188800000,64238.00000000,64380.00000000,63888.00000000,64256.53000000
1784203200000,64256.52000000,64896.00000000,63838.28000000,64704.73000000
1784217600000,64704.73000000,64712.00000000,63984.09000000,64271.84000000
1784232000000,64271.85000000,64276.00000000,63748.74000000,63830.20000000
1784246400000,63830.20000000,64067.69000000,63380.28000000,63570.00000000
1784260800000,63570.00000000,63576.00000000,62710.00000000,62828.11000000
1784275200000,62828.11000000,63361.70000000,62666.00000000,63298.01000000
1784289600000,63298.00000000,63518.00000000,62537.56000000,63452.00000000
1784304000000,63452.00000000,64387.99000000,63312.01000000,64160.80000000
1784318400000,64160.80000000,64216.61000000,63884.35000000,63931.67000000
1784332800000,63931.67000000,64032.60000000,63886.65000000,64017.84000000
1784347200000,64017.84000000,64026.03000000,63926.39000000,64002.75000000
1784361600000,64002.75000000,64097.22000000,63887.73000000,64069.89000000
1784376000000,64069.89000000,64274.47000000,63963.00000000,64123.12000000
1784390400000,64123.13000000,64669.50000000,64091.48000000,64552.79000000
1784404800000,64552.80000000,64865.00000000,64528.69000000,64834.22000000
1784419200000,64834.21000000,64967.25000000,64620.44000000,64706.18000000
1784433600000,64706.18000000,64815.65000000,64610.89000000,64711.05000000
1784448000000,64711.04000000,64743.00000000,64445.00000000,64467.64000000
1784462400000,64467.65000000,64663.04000000,64285.24000000,64585.32000000
1784476800000,64585.33000000,64752.00000000,64280.00000000,64462.58000000
1784491200000,64462.58000000,64900.00000000,64347.89000000,64722.54000000
1784505600000,64722.55000000,65107.99000000,64416.00000000,64869.80000000
1784520000000,64869.79000000,64869.99000000,63765.83000000,64280.01000000
1784534400000,64280.01000000,65068.00000000,63100.00000000,65002.01000000
1784548800000,65002.00000000,65666.80000000,64077.76000000,65598.75000000
1784563200000,65598.75000000,65799.00000000,65041.05000000,65142.00000000
1784577600000,65142.00000000,65445.27000000,65061.92000000,65255.51000000
1784592000000,65255.51000000,65658.78000000,65148.75000000,65566.78000000
1784606400000,65566.77000000,66245.64000000,65471.69000000,66186.86000000
1784620800000,66186.86000000,66420.65000000,66129.19000000,66345.59000000
1784635200000,66345.59000000,66956.15000000,66255.73000000,66676.54000000
1784649600000,66676.53000000,66764.00000000,66052.63000000,66444.76000000
1784664000000,66444.76000000,66576.00000000,66204.00000000,66556.16000000
1784678400000,66556.15000000,66739.89000000,66176.00000000,66210.00000000
1784692800000,66209.99000000,66424.00000000,65701.00000000,65843.48000000
1784707200000,65843.48000000,66164.57000000,65843.47000000,66013.36000000
1784721600000,66013.36000000,66204.98000000,65553.67000000,66047.39000000
1784736000000,66047.38000000,66384.00000000,65691.93000000,65923.19000000
1784750400000,65923.19000000,66138.24000000,65791.79000000,66114.49000000
1784764800000,66114.50000000,66313.14000000,65585.11000000,65662.53000000
1784779200000,65662.53000000,65821.17000000,65351.02000000,65442.13000000
1784793600000,65442.12000000,65792.09000000,65419.75000000,65555.21000000
1784808000000,65555.21000000,65589.41000000,64728.00000000,64958.36000000
1784822400000,64958.37000000,64961.15000000,64650.00000000,64846.94000000
1784836800000,64846.93000000,65235.43000000,64834.52000000,65098.97000000
1784851200000,65098.98000000,65464.35000000,64762.18000000,65456.70000000
1784865600000,65456.70000000,65808.59000000,65248.00000000,65499.95000000
1784880000000,65499.94000000,65508.17000000,64857.14000000,65083.43000000
1784894400000,65083.42000000,65133.99000000,63739.75000000,64093.85000000
1784908800000,64093.86000000,64292.44000000,63881.46000000,64225.32000000
1784923200000,64225.32000000,64288.02000000,64121.86000000,64139.99000000
1784937600000,64140.00000000,64179.03000000,64006.55000000,64085.36000000
1784952000000,64085.36000000,64205.67000000,63964.57000000,64003.20000000
1784966400000,64003.20000000,64113.00000000,63810.00000000,64064.01000000
1784980800000,64064.01000000,64272.00000000,64043.00000000,64182.00000000
1784995200000,64182.01000000,64475.28000000,64123.00000000,64388.38000000
1785009600000,64388.39000000,64430.00000000,64263.03000000,64375.00000000
1785024000000,64375.01000000,64582.00000000,64350.00000000,64557.00000000
1785038400000,64557.00000000,64599.95000000,64293.81000000,64370.00000000
1785052800000,64370.00000000,64573.73000000,64353.00000000,64507.35000000
1785067200000,64507.36000000,64827.00000000,64414.00000000,64768.00000000
1785081600000,64768.00000000,64940.51000000,64668.91000000,64695.52000000
1785096000000,64695.52000000,65577.00000000,64631.57000000,65399.99000000
1785110400000,65400.00000000,65418.81000000,64892.03000000,65284.00000000
1785124800000,65284.00000000,65744.60000000,65217.16000000,65221.99000000
1785139200000,65221.99000000,65432.00000000,65092.00000000,65100.79000000
1785153600000,65100.79000000,65718.00000000,64418.01000000,64554.01000000
1785168000000,64554.00000000,65090.00000000,64517.78000000,64984.00000000
1785182400000,64983.99000000,65056.00000000,63605.56000000,63755.86000000
1785196800000,63755.86000000,63827.49000000,63059.39000000,63343.83000000
1785211200000,63343.82000000,63668.71000000,63221.26000000,63505.99000000
1785225600000,63506.00000000,63593.00000000,63294.00000000,63450.00000000
1785240000000,63449.99000000,64026.62000000,62742.47000000,63928.47000000
1785254400000,63928.46000000,64100.00000000,63504.00000000,63904.00000000
1785268800000,63904.00000000,64073.30000000,63562.00000000,63915.00000000
1785283200000,63915.00000000,64200.00000000,63658.00000000,63753.03000000
1785297600000,63753.04000000,64575.99000000,63598.00000000,64561.00000000
1785312000000,64561.01000000,64744.81000000,64283.83000000,64507.54000000
1785326400000,64507.53000000,64718.87000000,63886.00000000,63964.01000000
1785340800000,63964.01000000,64648.79000000,63511.00000000,63589.46000000
1785355200000,63589.46000000,64131.44000000,63267.34000000,63984.28000000
1785369600000,63984.29000000,64411.76000000,63603.92000000,64161.98000000
1785384000000,64161.98000000,64182.00000000,63907.85000000,64026.00000000
1785398400000,64026.00000000,64885.18000000,63980.54000000,64788.00000000
1785412800000,64788.01000000,65176.60000000,64607.31000000,64730.30000000
1785427200000,64730.29000000,64988.00000000,64688.00000000,64800.00000000
1785441600000,64800.00000000,65086.40000000,64668.91000000,64780.02000000
1785456000000,64780.03000000,65409.56000000,64172.00000000,64370.00000000
1785470400000,64370.00000000,64496.64000000,63878.11000000,63950.01000000
1785484800000,63950.01000000,64011.99000000,63610.00000000,63805.51000000
1785499200000,63805.50000000,63849.19000000,62466.00000000,62716.57000000
1785513600000,62716.57000000,63302.00000000,62709.01000000,62972.00000000
1785528000000,62972.00000000,63062.47000000,62846.00000000,62887.88000000
1785542400000,62887.88000000,63106.55000000,62887.87000000,63004.48000000
1785556800000,63004.47000000,63142.85000000,62992.82000000,63050.46000000
1785571200000,63050.45000000,63150.00000000,62986.31000000,63076.00000000
1785585600000,63076.00000000,63127.07000000,63007.05000000,63007.06000000
1785600000000,63007.06000000,63027.65000000,62275.00000000,62529.82000000
1785614400000,62529.81000000,62866.62000000,62482.99000000,62823.64000000
1785628800000,62823.65000000,63550.00000000,62806.58000000,63461.95000000
1785643200000,63461.95000000,63634.00000000,63415.26000000,63506.24000000
1785657600000,63506.23000000,63530.00000000,62982.38000000,63031.99000000
1785672000000,63031.99000000,63231.67000000,63010.00000000,63109.14000000
1785686400000,63109.13000000,63610.01000000,63064.01000000,63456.01000000
1785700800000,63456.00000000,63796.33000000,63344.00000000,63570.00000000
1785715200000,63570.01000000,63596.00000000,62786.04000000,62870.49000000
1785729600000,62870.48000000,63001.77000000,62552.04000000,62621.10000000
1785744000000,62621.10000000,62863.10000000,62300.00000000,62560.01000000
1785758400000,62560.01000000,63992.71000000,62445.26000000,63694.91000000
1785772800000,63694.90000000,64080.00000000,63664.00000000,63869.38000000
1785787200000,63869.38000000,64023.61000000,63392.01000000,63520.00000000
1785801600000,63520.00000000,63972.00000000,63322.01000000,63800.01000000
1785816000000,63800.01000000,64243.81000000,63506.78000000,63685.74000000
1785830400000,63685.73000000,63950.00000000,63451.80000000,63926.00000000
1785844800000,63926.00000000,64238.00000000,63615.38000000,64125.14000000
1785859200000,64125.14000000,64413.21000000,63892.00000000,64233.36000000
1785873600000,64233.35000000,64549.16000000,64001.68000000,64106.56000000
1785888000000,64106.55000000,64504.00000000,63950.00000000,64183.27000000
1785902400000,64183.27000000,64525.97000000,63995.89000000,64163.99000000
1785916800000,64164.00000000,64280.00000000,64020.00000000,64075.28000000
1785931200000,64075.28000000,64744.00000000,63880.00000000,64388.01000000
1785945600000,64388.01000000,64936.18000000,64388.00000000,64840.28000000
1785960000000,64840.27000000,65025.22000000,64579.15000000,64665.23000000
1785974400000,64665.24000000,64724.38000000,64439.34000000,64531.03000000
1785988800000,64531.03000000,64996.00000000,64496.27000000,64809.70000000
1786003200000,64809.70000000,64999.00000000,64503.54000000,64622.09000000
1786017600000,64622.08000000,64987.26000000,64172.00000000,64631.87000000
1786032000000,64631.88000000,64834.00000000,64365.00000000,64446.00000000
1786046400000,64446.01000000,64536.32000000,64200.00000000,64323.61000000
1786060800000,64323.61000000,64544.00000000,64230.59000000,64289.99000000
1786075200000,64289.99000000,64463.75000000,64166.00000000,64319.84000000
1786089600000,64319.84000000,65213.33000000,64304.22000000,65029.98000000
1786104000000,65029.98000000,65390.99000000,64788.00000000,64912.72000000
1786118400000,64912.71000000,65072.31000000,64525.00000000,64960.47000000
1786132800000,64960.46000000,65102.00000000,64846.00000000,64923.19000000
1786147200000,64923.20000000,65074.18000000,64784.19000000,65033.00000000
1786161600000,65033.00000000,65071.15000000,64951.34000000,64960.00000000
1786176000000,64959.99000000,65050.00000000,64948.56000000,64967.35000000
1786190400000,64967.36000000,65192.54000000,64924.00000000,65080.82000000
1786204800000,65080.83000000,65150.00000000,65017.39000000,65075.41000000
1786219200000,65075.40000000,65100.61000000,64936.01000000,64962.60000000
1786233600000,64962.60000000,65002.00000000,64730.08000000,64788.80000000
1786248000000,64788.80000000,64867.11000000,64777.00000000,64826.14000000
1786262400000,64826.15000000,65000.00000000,64792.10000000,64950.00000000
1786276800000,64950.01000000,65300.00000000,64914.73000000,65228.68000000
1786291200000,65228.68000000,65266.06000000,65179.72000000,65180.66000000
1786305600000,65180.66000000,65474.46000000,64842.59000000,64901.59000000
1786320000000,64901.59000000,65391.14000000,64826.78000000,64982.01000000
1786334400000,64982.00000000,65379.13000000,64924.00000000,65202.73000000
1786348800000,65202.72000000,65328.73000000,64958.87000000,65125.98000000
1786363200000,65125.99000000,65237.80000000,64203.15000000,64299.99000000
1786377600000,64299.99000000,64354.00000000,63806.27000000,64045.70000000
1786392000000,64045.70000000,64215.21000000,63920.69000000,63970.01000000
1786406400000,63970.01000000,64176.00000000,63895.64000000,64155.01000000
1786420800000,64155.00000000,64159.65000000,63852.00000000,64065.99000000
1786435200000,64066.00000000,64400.00000000,64044.72000000,64389.57000000
1786449600000,64389.58000000,64515.43000000,63451.00000000,63609.87000000
1786464000000,63609.86000000,63660.00000000,63238.00000000,63536.00000000
1786478400000,63536.00000000,63768.58000000,63536.00000000,63600.00000000
1786492800000,63600.01000000,63908.01000000,63534.01000000,63835.59000000
1786507200000,63835.58000000,63891.42000000,63606.15000000,63837.99000000
1786521600000,63838.00000000,64249.50000000,63768.01000000,64240.04000000
1786536000000,64240.04000000,64500.00000000,63316.00000000,63441.47000000
1786550400000,63441.48000000,63578.00000000,63310.34000000,63421.11000000
1786564800000,63421.11000000,63661.24000000,63370.00000000,63479.99000000
1786579200000,63479.99000000,63717.31000000,63380.00000000,63646.99000000
1786593600000,63647.00000000,64010.00000000,63591.56000000,63865.84000000
1786608000000,63865.84000000,63915.00000000,63350.00000000,63484.30000000
1786622400000,63484.31000000,63999.00000000,63420.00000000,63420.01000000
1786636800000,63420.01000000,63568.97000000,62802.27000000,63407.99000000
1786651200000,63408.00000000,63640.00000000,63368.00000000,63490.86000000
1786665600000,63490.86000000,63617.45000000,63301.58000000,63310.00000000
1786680000000,63310.00000000,63472.50000000,62920.00000000,62920.78000000
1786694400000,62920.78000000,62997.83000000,62700.00000000,62868.83000000
1786708800000,62868.83000000,63089.18000000,62535.24000000,62990.95000000
1786723200000,62990.94000000,63247.05000000,62830.00000000,62968.05000000
1786737600000,62968.06000000,63066.13000000,62800.00000000,63043.56000000
1786752000000,63043.56000000,63187.98000000,62992.91000000,63051.25000000
1786766400000,63051.25000000,63155.76000000,63027.89000000,63075.43000000
1786780800000,63075.43000000,63085.80000000,62920.00000000,63022.01000000
1786795200000,63022.01000000,63120.09000000,62946.58000000,63100.55000000
1786809600000,63100.55000000,63127.40000000,63044.37000000,63126.08000000
1786824000000,63126.07000000,63175.00000000,63076.96000000,63086.01000000
1786838400000,63086.01000000,63151.59000000,63012.00000000,63130.00000000
1786852800000,63130.01000000,63158.80000000,63040.00000000,63061.02000000
1786867200000,63061.03000000,63079.76000000,62968.45000000,63013.66000000
1786881600000,63013.66000000,63146.40000000,62997.77000000,63146.39000000
1786896000000,63146.39000000,63390.00000000,63100.89000000,63108.81000000
1786910400000,63108.80000000,63140.00000000,62716.00000000,62900.00000000
1786924800000,62900.00000000,63520.00000000,62751.10000000,63429.21000000
1786939200000,63429.21000000,63717.17000000,63429.21000000,63514.45000000
1786953600000,63514.45000000,63781.69000000,63295.00000000,63631.10000000
1786968000000,63631.11000000,64227.27000000,63444.17000000,64200.00000000
1786982400000,64200.00000000,64610.01000000,63979.30000000,64309.96000000
1786996800000,64309.95000000,64578.00000000,64266.00000000,64532.10000000
1787011200000,64532.11000000,64568.46000000,64047.73000000,64185.01000000
1787025600000,64185.00000000,64446.00000000,64090.00000000,64198.97000000
1787040000000,64198.97000000,64402.35000000,64087.98000000,64351.19000000
1787054400000,64351.18000000,65058.81000000,64027.85000000,64855.06000000
1787068800000,64855.06000000,64891.81000000,64642.36000000,64643.26000000
1787083200000,64643.27000000,64780.00000000,64562.25000000,64725.42000000
1787097600000,64725.42000000,64736.27000000,64278.00000000,64330.71000000
1787112000000,64330.70000000,64409.93000000,64166.00000000,64296.00000000
1787126400000,64296.01000000,64539.05000000,64255.00000000,64515.63000000
1787140800000,64515.62000000,69500.00000000,64474.86000000,68554.00000000
1787155200000,68554.00000000,68997.00000000,67825.03000000,68429.44000000
1787169600000,68429.44000000,70000.00000000,68390.00000000,69334.79000000
1787184000000,69334.78000000,69894.50000000,68902.22000000,69195.64000000
1787198400000,69195.64000000,70022.00000000,69166.00000000,69816.45000000
1787212800000,69816.45000000,72490.00000000,69772.36000000,71927.07000000
1787227200000,71927.07000000,72830.00000000,71132.00000000,72470.83000000
1787241600000,72470.84000000,72966.00000000,72205.88000000,72690.76000000
1787256000000,72690.76000000,73400.00000000,72498.00000000,73025.15000000
1787270400000,73027.02000000,75785.82000000,73027.02000000,74510.77000000
1787284800000,74510.77000000,76916.95000000,74510.77000000,76308.65000000
1787299200000,76308.66000000,79500.00000000,76235.76000000,76722.32000000
1787313600000,76722.31000000,77871.33000000,76243.04000000,77221.98000000
1787328000000,77221.98000000,77722.12000000,76643.72000000,77028.94000000
1787342400000,77028.94000000,78760.68000000,76863.56000000,78338.03000000
1787356800000,78338.03000000,78828.15000000,77683.37000000,78410.98000000
1787371200000,78410.98000000,78818.00000000,76500.00000000,77289.18000000
1787385600000,77289.18000000,77445.60000000,76533.87000000,77130.02000000
1787400000000,77130.01000000,77387.99000000,76880.00000000,76978.83000000
1787414400000,76978.83000000,77547.96000000,76956.36000000,77418.25000000
1787428800000,77418.26000000,77467.53000000,76772.00000000,77074.93000000
1787443200000,77074.94000000,77400.00000000,76837.00000000,76927.87000000
1787457600000,76927.87000000,77036.58000000,75545.67000000,76007.13000000
1787472000000,76007.12000000,77400.00000000,75952.09000000,77311.02000000
1787486400000,77311.02000000,77765.80000000,76802.00000000,77156.13000000
1787500800000,77156.14000000,77487.04000000,77116.00000000,77346.01000000
1787515200000,77346.00000000,78052.85000000,77200.03000000,77734.00000000
1787529600000,77734.00000000,77742.00000000,76883.61000000,76933.02000000
1787544000000,76933.02000000,77790.19000000,76670.01000000,77307.15000000
1787558400000,77307.14000000,78600.00000000,76838.00000000,78443.65000000
1787572800000,78443.65000000,80000.00000000,77851.90000000,79100.01000000
1787587200000,79100.01000000,79877.87000000,78468.61000000,78758.00000000
1787601600000,78757.99000000,79049.40000000,78560.00000000,78992.75000000
1787616000000,78992.76000000,81272.62000000,78715.63000000,80488.01000000
1787630400000,80488.01000000,80923.69000000,79369.17000000,79705.79000000
1787644800000,79705.79000000,80249.00000000,78888.00000000,79117.99000000
1787659200000,79118.00000000,79527.09000000,78120.74000000,79502.01000000
1787673600000,79502.01000000,79563.71000000,78728.35000000,78925.95000000
1787688000000,78925.96000000,79000.00000000,77851.00000000,78539.14000000
1787702400000,78539.13000000,79251.60000000,78312.00000000,79088.62000000
1787716800000,79088.61000000,79206.00000000,78638.00000000,78925.56000000
1787731200000,78925.57000000,79119.37000000,78244.83000000,78487.26000000
1787745600000,78487.26000000,78713.79000000,77632.58000000,78011.65000000
1787760000000,78011.64000000,78650.26000000,77858.00000000,78475.49000000
1787774400000,78475.49000000,79174.12000000,78200.00000000,79023.75000000
1787788800000,79023.75000000,79028.49000000,78546.13000000,78830.68000000
1787803200000,78830.68000000,79095.99000000,78600.00000000,79082.17000000
1787817600000,79082.18000000,80520.00000000,79048.00000000,79477.67000000
1787832000000,79477.66000000,80799.91000000,78920.00000000,80302.32000000
1787846400000,80302.32000000,80848.74000000,79749.70000000,79910.19000000
1787860800000,79910.19000000,80432.36000000,79882.86000000,80249.58000000
1787875200000,80249.59000000,81478.87000000,79723.02000000,79810.49000000
1787889600000,79810.48000000,79999.00000000,79558.11000000,79660.00000000
1787904000000,79660.00000000,79840.00000000,79001.01000000,79604.13000000
1787918400000,79604.12000000,79838.73000000,78312.64000000,78331.13000000
1787932800000,78331.13000000,78404.00000000,76888.00000000,77580.03000000
1787947200000,77580.03000000,77846.72000000,77255.69000000,77845.87000000
1787961600000,77845.88000000,77963.92000000,77507.16000000,77507.17000000
1787976000000,77507.17000000,77716.12000000,77382.37000000,77626.01000000
1787990400000,77626.01000000,77754.23000000,77487.73000000,77584.67000000
1788004800000,77584.66000000,78150.00000000,77506.63000000,77865.36000000
1788019200000,77865.36000000,78330.00000000,77858.29000000,78182.00000000
1788033600000,78181.99000000,78298.00000000,78062.00000000,78230.00000000
1788048000000,78230.00000000,78330.00000000,77994.02000000,78144.68000000
1788062400000,78144.68000000,78310.71000000,77990.00000000,78118.00000000
1788076800000,78118.00000000,78242.00000000,77962.49000000,78166.00000000
1788091200000,78165.99000000,78966.76000000,78165.99000000,78823.63000000
1788105600000,78823.62000000,79400.00000000,78721.98000000,78856.39000000
1788120000000,78856.39000000,78931.49000000,77000.00000000,77682.00000000
1788134400000,77682.00000000,78185.89000000,77392.00000000,77756.71000000
1788148800000,77756.70000000,78322.56000000,77458.83000000,78196.01000000
1788163200000,78196.01000000,78802.00000000,77982.00000000,78315.43000000
1788177600000,78315.43000000,78777.90000000,77675.04000000,78580.42000000
1788192000000,78580.43000000,79250.00000000,78494.00000000,78898.06000000
1788206400000,78898.06000000,79172.00000000,78405.01000000,78581.29000000
1788220800000,78581.30000000,78900.01000000,78189.93000000,78679.01000000
1788235200000,78679.01000000,79220.61000000,78500.00000000,78632.37000000
1788249600000,78632.37000000,78658.01000000,77758.69000000,78098.97000000
1788264000000,78098.96000000,78424.00000000,77510.00000000,77919.06000000
1788278400000,77919.07000000,77976.00000000,76420.00000000,77312.00000000
1788292800000,77312.00000000,77638.18000000,76920.36000000,77439.00000000
1788307200000,77439.01000000,77792.00000000,76718.48000000,77563.50000000
1788321600000,77563.50000000,77765.99000000,77294.56000000,77473.85000000
1788336000000,77473.86000000,77546.00000000,76264.00000000,76828.76000000
1788350400000,76828.75000000,77490.00000000,76611.67000000,77288.98000000
1788364800000,77288.97000000,77582.00000000,76950.56000000,77341.47000000
1788379200000,77341.48000000,77520.00000000,77007.36000000,77340.01000000
1788393600000,77340.01000000,77900.00000000,76968.00000000,77708.00000000
1788408000000,77708.01000000,78183.91000000,77101.01000000,77663.15000000
1788422400000,77663.14000000,78066.00000000,77478.00000000,77948.39000000
1788436800000,77948.39000000,81370.33000000,77896.07000000,81348.00000000
1788451200000,81348.00000000,81790.00000000,80613.52000000,81755.41000000
1788465600000,81755.41000000,82300.00000000,80905.05000000,81270.37000000
1788480000000,81270.37000000,81427.75000000,80669.45000000,80850.00000000
1788494400000,80850.01000000,81288.00000000,80573.21000000,80656.87000000
1788508800000,80656.86000000,81423.03000000,80502.87000000,81224.86000000
1788523200000,81224.86000000,81350.00000000,78660.00000000,79429.33000000
1788537600000,79429.33000000,79877.07000000,79378.19000000,79793.34000000
1788552000000,79793.35000000,79862.15000000,79512.00000000,79660.77000000
1788566400000,79660.77000000,79721.57000000,79472.22000000,79582.00000000
1788580800000,79581.99000000,79763.41000000,79442.00000000,79709.96000000
1788595200000,79709.96000000,79735.97000000,79568.00000000,79609.28000000
1788609600000,79609.29000000,79816.00000000,79545.96000000,79806.01000000
1788624000000,79806.00000000,80200.00000000,79712.86000000,79754.00000000
1788638400000,79753.99000000,79947.99000000,79694.00000000,79831.75000000
1788652800000,79831.75000000,80107.99000000,79829.98000000,80028.01000000
1788667200000,80028.01000000,80107.99000000,79577.00000000,79805.00000000
1788681600000,79804.68000000,80020.00000000,79752.70000000,79919.17000000
1788696000000,79919.17000000,80010.00000000,79233.00000000,79716.50000000
1788710400000,79716.51000000,79970.00000000,79584.73000000,79829.99000000
1788724800000,79830.00000000,80559.99000000,79647.04000000,80341.83000000
1788739200000,80341.83000000,80443.99000000,79568.60000000,79596.39000000
1788753600000,79596.38000000,79926.04000000,79001.10000000,79397.83000000
1788768000000,79397.83000000,79550.00000000,79282.00000000,79420.16000000
1788782400000,79420.16000000,79643.50000000,78680.00000000,78821.99000000
1788796800000,78822.00000000,79419.17000000,78807.69000000,79365.82000000
1788811200000,79365.81000000,79394.92000000,78781.07000000,79112.01000000
1788825600000,79112.00000000,79485.00000000,78725.10000000,78906.28000000
1788840000000,78906.27000000,78929.24000000,78179.98000000,78482.00000000
1788854400000,78482.00000000,78994.50000000,78271.63000000,78430.01000000
1788868800000,78430.00000000,78910.88000000,77620.01000000,78904.00000000
1788883200000,78904.00000000,78978.39000000,78271.49000000,78446.00000000
1788897600000,78445.99000000,78662.75000000,78406.00000000,78455.80000000
1788912000000,78455.80000000,78928.65000000,78455.79000000,78638.01000000
1788926400000,78638.01000000,79400.00000000,78638.00000000,79277.43000000
1788940800000,79277.44000000,79760.00000000,78725.29000000,79324.75000000
1788955200000,79324.75000000,79678.84000000,78060.03000000,78596.70000000
1788969600000,78596.70000000,78938.55000000,78150.00000000,78234.94000000
1788984000000,78234.94000000,78340.01000000,77770.00000000,78306.43000000
1788998400000,78306.43000000,78550.00000000,77952.00000000,78328.08000000
1789012800000,78328.08000000,78564.39000000,77906.48000000,78112.00000000
1789027200000,78112.00000000,78229.22000000,77688.00000000,77840.80000000
1789041600000,77840.64000000,77959.20000000,76676.07000000,77250.00000000
1789056000000,77250.00000000,77544.00000000,76804.99000000,77160.83000000
1789070400000,77160.83000000,77347.45000000,76464.00000000,76568.72000000
1789084800000,76568.73000000,77013.62000000,76563.01000000,76891.80000000
1789099200000,76891.81000000,77431.48000000,76889.23000000,77230.70000000
1789113600000,77230.70000000,77500.00000000,76746.95000000,77036.12000000
1789128000000,77036.12000000,79890.00000000,76046.58000000,77732.25000000
1789142400000,77732.25000000,78068.01000000,76883.00000000,77286.01000000
1789156800000,77286.00000000,77504.01000000,76967.13000000,77225.70000000
1789171200000,77225.71000000,77378.37000000,77207.65000000,77268.09000000
1789185600000,77268.09000000,77359.20000000,77164.06000000,77269.55000000
1789200000000,77269.54000000,77400.75000000,77269.54000000,77356.04000000
1789214400000,77356.05000000,77505.67000000,77255.19000000,77380.37000000
1789228800000,77380.38000000,77414.01000000,77059.75000000,77114.99000000
1789243200000,77115.00000000,77300.00000000,77114.99000000,77278.73000000
1789257600000,77278.73000000,77341.37000000,77162.36000000,77192.01000000
1789272000000,77192.00000000,77325.82000000,77058.42000000,77127.99000000
1789286400000,77127.99000000,77182.00000000,76500.00000000,76792.32000000
1789300800000,76792.31000000,77254.45000000,76560.00000000,77134.83000000
1789315200000,77134.82000000,77413.52000000,77125.66000000,77284.00000000
1789329600000,77284.01000000,77450.00000000,76622.97000000,76842.01000000
1789344000000,76842.01000000,77869.82000000,76388.72000000,77596.33000000
1789358400000,77596.32000000,77895.35000000,77379.41000000,77892.24000000
1789372800000,77892.24000000,78374.01000000,77593.80000000,77776.00000000
1789387200000,77776.00000000,78712.29000000,77481.98000000,78578.02000000
1789401600000,78578.02000000,79325.00000000,78426.17000000,78982.00000000
1789416000000,78982.01000000,79600.00000000,78131.30000000,78189.21000000
1789430400000,78189.20000000,78250.46000000,77658.00000000,77676.99000000
1789444800000,77676.99000000,77744.31000000,76889.22000000,76930.01000000
1789459200000,76930.00000000,77223.32000000,76703.59000000,76940.01000000
1789473600000,76940.01000000,77143.15000000,75605.00000000,76512.00000000
1789488000000,76512.01000000,77343.44000000,74967.97000000,76186.48000000
1789502400000,76186.48000000,76245.98000000,75140.64000000,75644.48000000
1789516800000,75644.48000000,76111.00000000,75457.52000000,75824.01000000
1789531200000,75824.00000000,76097.54000000,75677.64000000,75766.63000000
1789545600000,75766.62000000,76304.01000000,75350.00000000,76250.00000000
1789560000000,76250.00000000,76300.00000000,75423.04000000,75788.41000000
1789574400000,75788.41000000,76560.76000000,75064.82000000,76080.00000000
1789588800000,76080.00000000,76422.01000000,75632.70000000,76206.01000000
1789603200000,76206.00000000,76774.08000000,76055.34000000,76441.99000000
1789617600000,76442.00000000,76682.01000000,76187.00000000,76462.76000000
1789632000000,76462.77000000,76770.00000000,76179.00000000,76482.00000000
1789646400000,76482.00000000,77179.47000000,76000.00000000,76780.01000000
1789660800000,76780.01000000,76970.01000000,76470.40000000,76594.01000000
1789675200000,76594.01000000,76732.99000000,76259.98000000,76417.01000000
1789689600000,76417.01000000,77597.83000000,76296.00000000,77383.47000000
1789704000000,77383.47000000,77850.00000000,77216.76000000,77798.01000000
1789718400000,77798.00000000,78490.79000000,77660.00000000,78062.00000000
1789732800000,78062.01000000,81154.67000000,77972.30000000,80725.60000000
1789747200000,80725.60000000,81400.00000000,80555.54000000,81204.76000000
1789761600000,81204.77000000,81370.57000000,80862.61000000,80883.87000000
1789776000000,80883.86000000,81741.00000000,80844.58000000,81136.01000000
1789790400000,81136.02000000,81250.00000000,80911.12000000,81100.16000000
1789804800000,81100.17000000,81528.01000000,81075.28000000,81302.63000000
1789819200000,81302.63000000,81951.00000000,81183.28000000,81636.01000000
1789833600000,81636.01000000,81914.01000000,81309.68000000,81354.01000000
1789848000000,81354.01000000,81431.13000000,80904.46000000,81249.99000000
1789862400000,81249.99000000,81330.01000000,80126.04000000,80486.38000000
1789876800000,80486.38000000,80668.15000000,80227.27000000,80311.61000000
1789891200000,80311.60000000,80581.82000000,80165.49000000,80493.20000000
1789905600000,80493.21000000,80969.84000000,80327.64000000,80912.00000000
1789920000000,80912.00000000,81497.33000000,80811.03000000,81177.32000000
1789934400000,81177.32000000,81295.50000000,80579.43000000,81254.00000000
