time,open,high,low,close
1782774000000,1.1428571939468384,1.1428571939468384,1.1427265405654907,1.1427265405654907
1782774900000,1.1427265405654907,1.1428571939468384,1.1425960063934326,1.1425960063934326
1782775800000,1.1425960063934326,1.1425960063934326,1.1424654722213745,1.1424654722213745
1782776700000,1.1424654722213745,1.1424654722213745,1.1423349380493164,1.1423349380493164
1782777600000,1.1422044038772583,1.1423349380493164,1.1420739889144897,1.1420739889144897
1782778500000,1.1419435739517212,1.1419435739517212,1.1418131589889526,1.1418131589889526
1782779400000,1.1418131589889526,1.1419435739517212,1.1416828632354736,1.1418131589889526
1782780300000,1.1416828632354736,1.1419435739517212,1.1415525674819946,1.1419435739517212
1782781200000,1.1420739889144897,1.1420739889144897,1.1410315036773682,1.1410315036773682
1782782100000,1.1410315036773682,1.1418131589889526,1.1410315036773682,1.1418131589889526
1782783000000,1.1418131589889526,1.1419435739517212,1.1411616802215576,1.1411616802215576
1782783900000,1.1409013271331787,1.1410315036773682,1.1407711505889893,1.1407711505889893
1782784800000,1.1407711505889893,1.1409013271331787,1.1406410932540894,1.1406410932540894
1782785700000,1.1407711505889893,1.1409013271331787,1.1406410932540894,1.1406410932540894
1782786600000,1.1406410932540894,1.1409013271331787,1.1406410932540894,1.1407711505889893
1782787500000,1.1407711505889893,1.1407711505889893,1.1406410932540894,1.1406410932540894
1782788400000,1.1406410932540894,1.1409013271331787,1.1405109167099,1.1406410932540894
1782789300000,1.1405109167099,1.1406410932540894,1.1402509212493896,1.1402509212493896
1782790200000,1.1402509212493896,1.1402509212493896,1.1399909257888794,1.1401208639144897
1782791100000,1.1401208639144897,1.1402509212493896,1.1401208639144897,1.1402509212493896
1782792000000,1.1401208639144897,1.1402509212493896,1.1401208639144897,1.1401208639144897
1782792900000,1.1401208639144897,1.1401208639144897,1.1398608684539795,1.1399909257888794
1782793800000,1.1399909257888794,1.1402509212493896,1.1399909257888794,1.1401208639144897
1782794700000,1.1401208639144897,1.1401208639144897,1.1393414735794067,1.1393414735794067
1782795600000,1.139211654663086,1.1394712924957275,1.1390818357467651,1.1393414735794067
1782796500000,1.1393414735794067,1.1396011114120483,1.1393414735794067,1.1394712924957275
1782797400000,1.1394712924957275,1.1396011114120483,1.1394712924957275,1.1394712924957275
1782798300000,1.1394712924957275,1.1396011114120483,1.1386927366256714,1.1386927366256714
1782799200000,1.1388224363327026,1.139211654663086,1.1386927366256714,1.139211654663086
1782800100000,1.139211654663086,1.1401208639144897,1.139211654663086,1.1401208639144897
1782801000000,1.1399909257888794,1.1402509212493896,1.1399909257888794,1.1402509212493896
1782801900000,1.1401208639144897,1.1406410932540894,1.1399909257888794,1.1406410932540894
1782802800000,1.1406410932540894,1.1409013271331787,1.1405109167099,1.1409013271331787
1782803700000,1.1407711505889893,1.1411616802215576,1.1407711505889893,1.1411616802215576
1782804600000,1.1410315036773682,1.1410315036773682,1.1407711505889893,1.1409013271331787
1782805500000,1.1409013271331787,1.1409013271331787,1.1401208639144897,1.1402509212493896
1782806400000,1.1399909257888794,1.1401208639144897,1.1393414735794067,1.1396011114120483
1782807300000,1.139211654663086,1.1396011114120483,1.139211654663086,1.1394712924957275
1782808200000,1.1396011114120483,1.1396011114120483,1.1389521360397339,1.1389521360397339
1782809100000,1.1390818357467651,1.1396011114120483,1.1386927366256714,1.1396011114120483
1782810000000,1.1394712924957275,1.1399909257888794,1.1394712924957275,1.1397310495376587
1782810900000,1.1396011114120483,1.1398608684539795,1.1396011114120483,1.1396011114120483
1782811800000,1.1396011114120483,1.1397310495376587,1.139211654663086,1.1397310495376587
1782812700000,1.1398608684539795,1.1401208639144897,1.1397310495376587,1.1401208639144897
1782813600000,1.1399909257888794,1.1401208639144897,1.1397310495376587,1.1397310495376587
1782814500000,1.1398608684539795,1.1399909257888794,1.1396011114120483,1.1399909257888794
1782815400000,1.1398608684539795,1.140380859375,1.1396011114120483,1.1402509212493896
1782816300000,1.1402509212493896,1.1405109167099,1.1401208639144897,1.1405109167099
1782817200000,1.1405109167099,1.1405109167099,1.1401208639144897,1.1401208639144897
1782818100000,1.1402509212493896,1.1402509212493896,1.1399909257888794,1.1401208639144897
1782819000000,1.1399909257888794,1.1399909257888794,1.1390818357467651,1.1398608684539795
1782819900000,1.1399909257888794,1.1399909257888794,1.1396011114120483,1.1396011114120483
1782820800000,1.1396011114120483,1.1398608684539795,1.1393414735794067,1.1398608684539795
1782821700000,1.1398608684539795,1.1398608684539795,1.139211654663086,1.1393414735794067
1782822600000,1.1394712924957275,1.1401208639144897,1.1393414735794067,1.1401208639144897
1782823500000,1.1401208639144897,1.1405109167099,1.1397310495376587,1.1399909257888794
1782824400000,1.1399909257888794,1.1405109167099,1.1398608684539795,1.1402509212493896
1782825300000,1.140380859375,1.1409013271331787,1.140380859375,1.140380859375
1782826200000,1.1405109167099,1.1405109167099,1.1401208639144897,1.1402509212493896
1782827100000,1.1405109167099,1.1405109167099,1.1401208639144897,1.1401208639144897
1782828000000,1.1399909257888794,1.1407711505889893,1.1396011114120483,1.1407711505889893
1782828900000,1.1411616802215576,1.1418131589889526,1.1410315036773682,1.1416828632354736
1782829800000,1.1415525674819946,1.1422044038772583,1.141291856765747,1.1422044038772583
1782830700000,1.1423349380493164,1.1436413526535034,1.1419435739517212,1.1436413526535034
1782831600000,1.1436413526535034,1.1436413526535034,1.142987847328186,1.1431183815002441
1782832500000,1.1428571939468384,1.142987847328186,1.1425960063934326,1.1425960063934326
1782833400000,1.1425960063934326,1.1428571939468384,1.1422044038772583,1.1423349380493164
1782834300000,1.1422044038772583,1.1423349380493164,1.1419435739517212,1.1419435739517212
1782835200000,1.1420739889144897,1.1420739889144897,1.1416828632354736,1.1418131589889526
1782836100000,1.1418131589889526,1.1419435739517212,1.1415525674819946,1.1416828632354736
1782837000000,1.1418131589889526,1.1420739889144897,1.1416828632354736,1.1419435739517212
1782837900000,1.1419435739517212,1.1420739889144897,1.1416828632354736,1.1416828632354736
1782838800000,1.1418131589889526,1.1420739889144897,1.1418131589889526,1.1419435739517212
1782839700000,1.1418131589889526,1.1422044038772583,1.1418131589889526,1.1422044038772583
1782840600000,1.1422044038772583,1.1422044038772583,1.1420739889144897,1.1422044038772583
1782841500000,1.1422044038772583,1.1425960063934326,1.1422044038772583,1.1424654722213745
1782842400000,1.1424654722213745,1.142987847328186,1.1424654722213745,1.142987847328186
1782843300000,1.142987847328186,1.142987847328186,1.1427265405654907,1.1428571939468384
1782844200000,1.142987847328186,1.142987847328186,1.1423349380493164,1.1424654722213745
1782845100000,1.1424654722213745,1.142987847328186,1.1423349380493164,1.1425960063934326
1782846000000,1.1423349380493164,1.1425960063934326,1.1423349380493164,1.1424654722213745
1782846900000,1.1423349380493164,1.1424654722213745,1.1419435739517212,1.1419435739517212
1782847800000,1.1419435739517212,1.1422044038772583,1.1419435739517212,1.1422044038772583
1782848700000,1.1422044038772583,1.142987847328186,1.1420739889144897,1.142987847328186
1782849600000,1.142987847328186,1.142987847328186,1.1428571939468384,1.1428571939468384
1782850500000,1.1428571939468384,1.142987847328186,1.1427265405654907,1.1427265405654907
1782851400000,1.1427265405654907,1.1427265405654907,1.1425960063934326,1.1425960063934326
1782852300000,1.1425960063934326,1.1425960063934326,1.1424654722213745,1.1424654722213745
1782853200000,1.1424654722213745,1.1431183815002441,1.1420739889144897,1.1420739889144897
1782854100000,1.1424654722213745,1.1424654722213745,1.1420739889144897,1.1423349380493164
1782855000000,1.1423349380493164,1.1427265405654907,1.1422044038772583,1.1427265405654907
1782855900000,1.1425960063934326,1.1428571939468384,1.1423349380493164,1.1428571939468384
1782856800000,1.1425960063934326,1.1425960063934326,1.1424654722213745,1.1424654722213745
1782857700000,1.1424654722213745,1.1425960063934326,1.1424654722213745,1.1424654722213745
1782858600000,1.1424654722213745,1.1424654722213745,1.1424654722213745,1.1424654722213745
1782859500000,1.1424654722213745,1.1424654722213745,1.1422044038772583,1.1423349380493164
1782860400000,1.1423349380493164,1.1423349380493164,1.1422044038772583,1.1422044038772583
1782861300000,1.1422044038772583,1.1422044038772583,1.1420739889144897,1.1420739889144897
1782862200000,1.1420739889144897,1.1422044038772583,1.1419435739517212,1.1419435739517212
1782863100000,1.1418131589889526,1.1418131589889526,1.1415525674819946,1.1416828632354736
1782864000000,1.1416828632354736,1.1416828632354736,1.1415525674819946,1.1416828632354736
1782864900000,1.1415525674819946,1.1416828632354736,1.141422152519226,1.1416828632354736
1782865800000,1.1416828632354736,1.1416828632354736,1.141291856765747,1.141291856765747
1782866700000,1.141291856765747,1.141422152519226,1.1411616802215576,1.141422152519226
1782867600000,1.141291856765747,1.141291856765747,1.1407711505889893,1.1409013271331787
1782868500000,1.1409013271331787,1.1411616802215576,1.1409013271331787,1.1410315036773682
1782869400000,1.1410315036773682,1.1410315036773682,1.1407711505889893,1.1409013271331787
1782870300000,1.1409013271331787,1.1410315036773682,1.1406410932540894,1.1407711505889893
1782871200000,1.1407711505889893,1.1409013271331787,1.1407711505889893,1.1407711505889893
1782872100000,1.1410315036773682,1.1411616802215576,1.1409013271331787,1.1409013271331787
1782873000000,1.1407711505889893,1.1409013271331787,1.1406410932540894,1.1409013271331787
1782873900000,1.1409013271331787,1.1410315036773682,1.1409013271331787,1.1409013271331787
1782874800000,1.1409013271331787,1.1411616802215576,1.1409013271331787,1.1410315036773682
1782875700000,1.1410315036773682,1.1410315036773682,1.1407711505889893,1.1407711505889893
1782876600000,1.1409013271331787,1.1409013271331787,1.1405109167099,1.1405109167099
1782877500000,1.1405109167099,1.1407711505889893,1.1405109167099,1.1407711505889893
1782878400000,1.1407711505889893,1.1407711505889893,1.1406410932540894,1.1407711505889893
1782879300000,1.1407711505889893,1.1407711505889893,1.1406410932540894,1.1407711505889893
1782880200000,1.1407711505889893,1.1411616802215576,1.1407711505889893,1.1411616802215576
1782881100000,1.1411616802215576,1.141422152519226,1.1411616802215576,1.141291856765747
1782882000000,1.1411616802215576,1.141291856765747,1.1410315036773682,1.141291856765747
1782882900000,1.141291856765747,1.141291856765747,1.1411616802215576,1.141291856765747
1782883800000,1.141291856765747,1.141422152519226,1.1410315036773682,1.141291856765747
1782884700000,1.141422152519226,1.141422152519226,1.1407711505889893,1.1409013271331787
1782885600000,1.1409013271331787,1.1411616802215576,1.1406410932540894,1.1406410932540894
1782886500000,1.1405109167099,1.1407711505889893,1.1405109167099,1.1406410932540894
1782887400000,1.1406410932540894,1.1407711505889893,1.140380859375,1.140380859375
1782888300000,1.1405109167099,1.1407711505889893,1.1405109167099,1.1406410932540894
1782889200000,1.1406410932540894,1.1406410932540894,1.1399909257888794,1.1399909257888794
1782890100000,1.1399909257888794,1.1399909257888794,1.1397310495376587,1.1397310495376587
1782891000000,1.1396011114120483,1.1402509212493896,1.1396011114120483,1.1402509212493896
1782891900000,1.1402509212493896,1.1406410932540894,1.1401208639144897,1.1405109167099
1782892800000,1.1405109167099,1.1405109167099,1.1402509212493896,1.140380859375
1782893700000,1.140380859375,1.1406410932540894,1.1398608684539795,1.1398608684539795
1782894600000,1.1399909257888794,1.1402509212493896,1.1397310495376587,1.1402509212493896
1782895500000,1.1402509212493896,1.140380859375,1.1398608684539795,1.1398608684539795
1782896400000,1.1397310495376587,1.1402509212493896,1.1397310495376587,1.1401208639144897
1782897300000,1.1399909257888794,1.1399909257888794,1.1396011114120483,1.1396011114120483
1782898200000,1.1396011114120483,1.1396011114120483,1.1390818357467651,1.1393414735794067
1782899100000,1.139211654663086,1.139211654663086,1.1389521360397339,1.1390818357467651
1782900000000,1.1390818357467651,1.139211654663086,1.1389521360397339,1.139211654663086
1782900900000,1.139211654663086,1.1397310495376587,1.139211654663086,1.1397310495376587
1782901800000,1.1397310495376587,1.1401208639144897,1.1397310495376587,1.1398608684539795
1782902700000,1.1399909257888794,1.1402509212493896,1.1399909257888794,1.1402509212493896
1782903600000,1.1401208639144897,1.1401208639144897,1.1396011114120483,1.1397310495376587
1782904500000,1.1397310495376587,1.1398608684539795,1.1396011114120483,1.1398608684539795
1782905400000,1.1398608684539795,1.1398608684539795,1.1397310495376587,1.1398608684539795
1782906300000,1.1398608684539795,1.1398608684539795,1.1389521360397339,1.1389521360397339
1782907200000,1.1389521360397339,1.1390818357467651,1.1383039951324463,1.1386927366256714
1782908100000,1.1388224363327026,1.1389521360397339,1.1384334564208984,1.1384334564208984
1782909000000,1.1384334564208984,1.1385631561279297,1.137268304824829,1.1375269889831543
1782909900000,1.1376564502716064,1.1377859115600586,1.1373976469039917,1.1375269889831543
1782910800000,1.1373976469039917,1.1376564502716064,1.1367511749267578,1.1367511749267578
1782911700000,1.1366219520568848,1.1389521360397339,1.1366219520568848,1.1388224363327026
1782912600000,1.139211654663086,1.1406410932540894,1.1389521360397339,1.1406410932540894
1782913500000,1.1407711505889893,1.141291856765747,1.1397310495376587,1.1397310495376587
1782914400000,1.1401208639144897,1.1406410932540894,1.1394712924957275,1.140380859375
1782915300000,1.1402509212493896,1.1402509212493896,1.1394712924957275,1.1394712924957275
1782916200000,1.1394712924957275,1.140380859375,1.1394712924957275,1.1399909257888794
1782917100000,1.1398608684539795,1.1399909257888794,1.1389521360397339,1.1397310495376587
1782918000000,1.1398608684539795,1.1398608684539795,1.1389521360397339,1.1389521360397339
1782918900000,1.1390818357467651,1.1394712924957275,1.1388224363327026,1.1394712924957275
1782919800000,1.1396011114120483,1.1397310495376587,1.1384334564208984,1.1384334564208984
1782920700000,1.1383039951324463,1.1389521360397339,1.1383039951324463,1.1386927366256714
1782921600000,1.1386927366256714,1.1397310495376587,1.1386927366256714,1.139211654663086
1782922500000,1.1390818357467651,1.139211654663086,1.1386927366256714,1.1390818357467651
1782923400000,1.1388224363327026,1.1388224363327026,1.1384334564208984,1.1384334564208984
1782924300000,1.1384334564208984,1.1385631561279297,1.1383039951324463,1.1385631561279297
1782925200000,1.1385631561279297,1.1388224363327026,1.1384334564208984,1.1384334564208984
1782926100000,1.1383039951324463,1.1389521360397339,1.1383039951324463,1.1389521360397339
1782927000000,1.1389521360397339,1.1389521360397339,1.1384334564208984,1.1384334564208984
1782927900000,1.1383039951324463,1.1385631561279297,1.1383039951324463,1.1384334564208984
1782928800000,1.1384334564208984,1.1385631561279297,1.1381744146347046,1.1381744146347046
1782929700000,1.1381744146347046,1.1381744146347046,1.1379153728485107,1.138044834136963
1782930600000,1.138044834136963,1.1383039951324463,1.138044834136963,1.1381744146347046
1782931500000,1.1383039951324463,1.1383039951324463,1.138044834136963,1.1383039951324463
1782932400000,1.1383039951324463,1.1384334564208984,1.1383039951324463,1.1383039951324463
1782933300000,1.1383039951324463,1.1384334564208984,1.138044834136963,1.1381744146347046
1782934200000,1.1383039951324463,1.1384334564208984,1.1381744146347046,1.1383039951324463
1782935100000,1.1383039951324463,1.1384334564208984,1.1381744146347046,1.1383039951324463
1782936000000,1.1381744146347046,1.1383039951324463,1.138044834136963,1.138044834136963
1782936900000,1.1381744146347046,1.1381744146347046,1.1379153728485107,1.138044834136963
1782937800000,1.138044834136963,1.138044834136963,1.1377859115600586,1.1379153728485107
1782938700000,1.1377859115600586,1.138044834136963,1.1377859115600586,1.138044834136963
1782939600000,1.1379153728485107,1.1383039951324463,1.1376564502716064,1.1383039951324463
1782940500000,1.1376564502716064,1.1381744146347046,1.1376564502716064,1.1381744146347046
1782941400000,1.1383039951324463,1.1386927366256714,1.1381744146347046,1.1383039951324463
1782942300000,1.1383039951324463,1.1384334564208984,1.1377859115600586,1.1377859115600586
1782943200000,1.1383039951324463,1.1383039951324463,1.138044834136963,1.1381744146347046
1782944100000,1.138044834136963,1.1383039951324463,1.138044834136963,1.1383039951324463
1782945000000,1.1381744146347046,1.1383039951324463,1.1381744146347046,1.1383039951324463
1782945900000,1.1383039951324463,1.1383039951324463,1.1381744146347046,1.1381744146347046
1782946800000,1.1381744146347046,1.1381744146347046,1.1381744146347046,1.1381744146347046
1782947700000,1.1381744146347046,1.1381744146347046,1.138044834136963,1.1381744146347046
1782948600000,1.1381744146347046,1.1381744146347046,1.138044834136963,1.138044834136963
1782949500000,1.1381744146347046,1.1381744146347046,1.138044834136963,1.138044834136963
1782950400000,1.138044834136963,1.1385631561279297,1.138044834136963,1.1383039951324463
1782951300000,1.1384334564208984,1.1384334564208984,1.138044834136963,1.138044834136963
1782952200000,1.138044834136963,1.1381744146347046,1.1379153728485107,1.138044834136963
1782953100000,1.138044834136963,1.1383039951324463,1.1379153728485107,1.138044834136963
1782954000000,1.138044834136963,1.1383039951324463,1.138044834136963,1.1381744146347046
1782954900000,1.1383039951324463,1.1383039951324463,1.1381744146347046,1.1381744146347046
1782955800000,1.1381744146347046,1.1385631561279297,1.138044834136963,1.1385631561279297
1782956700000,1.1384334564208984,1.1388224363327026,1.1384334564208984,1.1384334564208984
1782957600000,1.1384334564208984,1.1388224363327026,1.1384334564208984,1.1388224363327026
1782958500000,1.1389521360397339,1.139211654663086,1.1388224363327026,1.1388224363327026
1782959400000,1.1388224363327026,1.1389521360397339,1.1386927366256714,1.1388224363327026
1782960300000,1.1388224363327026,1.1388224363327026,1.1385631561279297,1.1385631561279297
1782961200000,1.1385631561279297,1.1386927366256714,1.1383039951324463,1.1383039951324463
1782962100000,1.1383039951324463,1.1383039951324463,1.1381744146347046,1.1383039951324463
1782963000000,1.1383039951324463,1.1384334564208984,1.1383039951324463,1.1384334564208984
1782963900000,1.1384334564208984,1.1385631561279297,1.1383039951324463,1.1385631561279297
1782964800000,1.1385631561279297,1.1389521360397339,1.1385631561279297,1.1389521360397339
1782965700000,1.1389521360397339,1.1389521360397339,1.1388224363327026,1.1388224363327026
1782966600000,1.1388224363327026,1.1389521360397339,1.1388224363327026,1.1389521360397339
1782967500000,1.1389521360397339,1.1390818357467651,1.1389521360397339,1.1390818357467651
1782968400000,1.1390818357467651,1.139211654663086,1.1389521360397339,1.1389521360397339
1782969300000,1.1389521360397339,1.1389521360397339,1.1386927366256714,1.1386927366256714
1782970200000,1.1386927366256714,1.1388224363327026,1.1385631561279297,1.1386927366256714
1782971100000,1.1386927366256714,1.1389521360397339,1.1386927366256714,1.1389521360397339
1782972000000,1.1389521360397339,1.1394712924957275,1.1389521360397339,1.1394712924957275
1782972900000,1.139211654663086,1.139211654663086,1.1389521360397339,1.1390818357467651
1782973800000,1.1390818357467651,1.1393414735794067,1.1390818357467651,1.1393414735794067
1782974700000,1.1394712924957275,1.1406410932540894,1.1394712924957275,1.1398608684539795
1782975600000,1.1397310495376587,1.1399909257888794,1.1394712924957275,1.1398608684539795
1782976500000,1.1398608684539795,1.1402509212493896,1.1397310495376587,1.1402509212493896
1782977400000,1.1405109167099,1.1409013271331787,1.1399909257888794,1.1407711505889893
1782978300000,1.1409013271331787,1.141291856765747,1.1406410932540894,1.1411616802215576
1782979200000,1.1411616802215576,1.1420739889144897,1.1411616802215576,1.1420739889144897
1782980100000,1.1420739889144897,1.1420739889144897,1.1418131589889526,1.1419435739517212
1782981000000,1.1418131589889526,1.1422044038772583,1.1416828632354736,1.1420739889144897
1782981900000,1.1419435739517212,1.1423349380493164,1.1419435739517212,1.1422044038772583
1782982800000,1.1423349380493164,1.1423349380493164,1.141422152519226,1.1416828632354736
1782983700000,1.1416828632354736,1.1419435739517212,1.141291856765747,1.141291856765747
1782984600000,1.141291856765747,1.1416828632354736,1.141291856765747,1.141422152519226
1782985500000,1.1415525674819946,1.1418131589889526,1.141422152519226,1.1415525674819946
1782986400000,1.141291856765747,1.141422152519226,1.1411616802215576,1.1411616802215576
1782987300000,1.1410315036773682,1.1410315036773682,1.1409013271331787,1.1410315036773682
1782988200000,1.1409013271331787,1.1410315036773682,1.1407711505889893,1.1407711505889893
1782989100000,1.1409013271331787,1.141422152519226,1.1409013271331787,1.141291856765747
1782990000000,1.141422152519226,1.141422152519226,1.1410315036773682,1.141422152519226
1782990900000,1.141422152519226,1.1418131589889526,1.141422152519226,1.1415525674819946
1782991800000,1.1416828632354736,1.1416828632354736,1.1411616802215576,1.1411616802215576
1782992700000,1.1411616802215576,1.1411616802215576,1.140380859375,1.1406410932540894
1782993600000,1.1406410932540894,1.1407711505889893,1.1402509212493896,1.1402509212493896
1782994500000,1.1402509212493896,1.140380859375,1.1398608684539795,1.1402509212493896
1782995400000,1.141422152519226,1.1470520496368408,1.141422152519226,1.1467890739440918
1782996300000,1.147446870803833,1.147446870803833,1.1453442573547363,1.1453442573547363
1782997200000,1.1454753875732422,1.145737886428833,1.1449507474899292,1.1454753875732422
1782998100000,1.1453442573547363,1.1453442573547363,1.144426703453064,1.1445575952529907
1782999000000,1.144426703453064,1.1454753875732422,1.144426703453064,1.145081877708435
1782999900000,1.145081877708435,1.1456066370010376,1.1449507474899292,1.145213007926941
1783000800000,1.1453442573547363,1.1461317539215088,1.144688606262207,1.1461317539215088
1783001700000,1.1460003852844238,1.1461317539215088,1.144819736480713,1.144819736480713
1783002600000,1.1445575952529907,1.144688606262207,1.1437721252441406,1.1437721252441406
1783003500000,1.1439030170440674,1.144688606262207,1.1439030170440674,1.144688606262207
1783004400000,1.144688606262207,1.145081877708435,1.144426703453064,1.1449507474899292
1783005300000,1.144819736480713,1.145081877708435,1.1445575952529907,1.144688606262207
1783006200000,1.1445575952529907,1.1453442573547363,1.1445575952529907,1.1449507474899292
1783007100000,1.144819736480713,1.145081877708435,1.1445575952529907,1.145081877708435
1783008000000,1.145081877708435,1.145081877708435,1.144426703453064,1.1445575952529907
1783008900000,1.144688606262207,1.144688606262207,1.1440337896347046,1.144164800643921
1783009800000,1.1439030170440674,1.144164800643921,1.1439030170440674,1.144164800643921
1783010700000,1.1442956924438477,1.144426703453064,1.144164800643921,1.144164800643921
1783011600000,1.1440337896347046,1.1440337896347046,1.1436413526535034,1.1439030170440674
1783012500000,1.1437721252441406,1.1437721252441406,1.143379807472229,1.143379807472229
1783013400000,1.1435105800628662,1.1436413526535034,1.1432491540908813,1.1432491540908813
1783014300000,1.1432491540908813,1.1435105800628662,1.1432491540908813,1.1432491540908813
1783015200000,1.143379807472229,1.1439030170440674,1.143379807472229,1.1437721252441406
1783016100000,1.1435105800628662,1.1437721252441406,1.143379807472229,1.1437721252441406
1783017000000,1.1436413526535034,1.1440337896347046,1.1436413526535034,1.1437721252441406
1783017900000,1.1436413526535034,1.1437721252441406,1.1436413526535034,1.1436413526535034
1783018800000,1.1436413526535034,1.1436413526535034,1.143379807472229,1.1436413526535034
1783019700000,1.1436413526535034,1.1436413526535034,1.1432491540908813,1.1432491540908813
1783020600000,1.1432491540908813,1.143379807472229,1.1431183815002441,1.1432491540908813
1783021500000,1.1432491540908813,1.1435105800628662,1.142987847328186,1.143379807472229
1783022400000,1.143379807472229,1.1436413526535034,1.143379807472229,1.1435105800628662
1783023300000,1.1435105800628662,1.1439030170440674,1.1435105800628662,1.1439030170440674
1783024200000,1.1437721252441406,1.1437721252441406,1.1436413526535034,1.1436413526535034
1783025100000,1.1436413526535034,1.1439030170440674,1.1436413526535034,1.1436413526535034
1783026000000,1.1427265405654907,1.1442956924438477,1.1427265405654907,1.1439030170440674
1783026900000,1.1437721252441406,1.1439030170440674,1.143379807472229,1.1439030170440674
1783027800000,1.1436413526535034,1.1437721252441406,1.143379807472229,1.143379807472229
1783028700000,1.1435105800628662,1.1437721252441406,1.143379807472229,1.1437721252441406
1783029600000,1.1436413526535034,1.1439030170440674,1.1436413526535034,1.1437721252441406
1783030500000,1.1437721252441406,1.1437721252441406,1.1435105800628662,1.1435105800628662
1783031400000,1.1435105800628662,1.1435105800628662,1.1431183815002441,1.1432491540908813
1783032300000,1.1432491540908813,1.1432491540908813,1.1431183815002441,1.1431183815002441
1783033200000,1.1432491540908813,1.1432491540908813,1.1431183815002441,1.1431183815002441
1783034100000,1.1431183815002441,1.143379807472229,1.1431183815002441,1.143379807472229
1783035000000,1.1432491540908813,1.1432491540908813,1.1427265405654907,1.142987847328186
1783035900000,1.142987847328186,1.142987847328186,1.1425960063934326,1.1425960063934326
1783036800000,1.1427265405654907,1.1427265405654907,1.1423349380493164,1.1425960063934326
1783037700000,1.1425960063934326,1.1425960063934326,1.1424654722213745,1.1425960063934326
1783038600000,1.1424654722213745,1.1425960063934326,1.1424654722213745,1.1424654722213745
1783039500000,1.1424654722213745,1.143379807472229,1.1424654722213745,1.143379807472229
1783040400000,1.143379807472229,1.1439030170440674,1.143379807472229,1.1439030170440674
1783041300000,1.1440337896347046,1.144688606262207,1.1440337896347046,1.144426703453064
1783042200000,1.1442956924438477,1.1445575952529907,1.144164800643921,1.144426703453064
1783043100000,1.144426703453064,1.144426703453064,1.1440337896347046,1.1440337896347046
1783044000000,1.1440337896347046,1.1445575952529907,1.1439030170440674,1.144426703453064
1783044900000,1.144426703453064,1.144688606262207,1.144426703453064,1.144688606262207
1783045800000,1.144688606262207,1.144819736480713,1.144426703453064,1.1445575952529907
1783046700000,1.144688606262207,1.144688606262207,1.1442956924438477,1.1442956924438477
1783047600000,1.1442956924438477,1.1442956924438477,1.1440337896347046,1.144164800643921
1783048500000,1.1442956924438477,1.1442956924438477,1.1440337896347046,1.144164800643921
1783049400000,1.144164800643921,1.144426703453064,1.1440337896347046,1.1442956924438477
1783050300000,1.1442956924438477,1.144426703453064,1.1442956924438477,1.144426703453064
1783051200000,1.144426703453064,1.144426703453064,1.1442956924438477,1.144426703453064
1783052100000,1.1445575952529907,1.144688606262207,1.144426703453064,1.1445575952529907
1783053000000,1.1445575952529907,1.144819736480713,1.144426703453064,1.144819736480713
1783053900000,1.144819736480713,1.144819736480713,1.144688606262207,1.144819736480713
1783054800000,1.1449507474899292,1.1456066370010376,1.1449507474899292,1.1456066370010376
1783055700000,1.1456066370010376,1.145737886428833,1.1453442573547363,1.1456066370010376
1783056600000,1.1454753875732422,1.1456066370010376,1.1453442573547363,1.1454753875732422
1783057500000,1.1456066370010376,1.145737886428833,1.145081877708435,1.145081877708435
1783058400000,1.145213007926941,1.1456066370010376,1.145213007926941,1.1456066370010376
1783059300000,1.145737886428833,1.1461317539215088,1.1454753875732422,1.145737886428833
1783060200000,1.1456066370010376,1.1465259790420532,1.1456066370010376,1.1462632417678833
1783061100000,1.1462632417678833,1.1463946104049683,1.1456066370010376,1.1458691358566284
1783062000000,1.1456066370010376,1.145737886428833,1.1456066370010376,1.145737886428833
1783062900000,1.145737886428833,1.1460003852844238,1.1454753875732422,1.1460003852844238
1783063800000,1.1458691358566284,1.1458691358566284,1.145213007926941,1.1453442573547363
1783064700000,1.1454753875732422,1.1460003852844238,1.1454753875732422,1.145737886428833
1783065600000,1.1458691358566284,1.1458691358566284,1.1454753875732422,1.145737886428833
1783066500000,1.145737886428833,1.145737886428833,1.1454753875732422,1.145737886428833
1783067400000,1.1456066370010376,1.1460003852844238,1.1456066370010376,1.145737886428833
1783068300000,1.145737886428833,1.145737886428833,1.1454753875732422,1.1456066370010376
1783069200000,1.1456066370010376,1.1456066370010376,1.145213007926941,1.145213007926941
1783070100000,1.1453442573547363,1.1454753875732422,1.145081877708435,1.145081877708435
1783071000000,1.145081877708435,1.145213007926941,1.145081877708435,1.145081877708435
1783071900000,1.1449507474899292,1.1449507474899292,1.144426703453064,1.144426703453064
1783072800000,1.144426703453064,1.145081877708435,1.144426703453064,1.1449507474899292
1783073700000,1.1449507474899292,1.145081877708435,1.144688606262207,1.144819736480713
1783074600000,1.144688606262207,1.145213007926941,1.144688606262207,1.145213007926941
1783075500000,1.145081877708435,1.1453442573547363,1.145081877708435,1.145081877708435
1783076400000,1.1449507474899292,1.145737886428833,1.1449507474899292,1.145737886428833
1783077300000,1.145737886428833,1.1460003852844238,1.145737886428833,1.1458691358566284
1783078200000,1.1458691358566284,1.1458691358566284,1.145213007926941,1.1453442573547363
1783079100000,1.1453442573547363,1.1453442573547363,1.145081877708435,1.145213007926941
1783080000000,1.1453442573547363,1.1454753875732422,1.145081877708435,1.1454753875732422
1783080900000,1.1453442573547363,1.1453442573547363,1.1449507474899292,1.145081877708435
1783081800000,1.145081877708435,1.1454753875732422,1.1449507474899292,1.145213007926941
1783082700000,1.145081877708435,1.145213007926941,1.1449507474899292,1.1449507474899292
1783083600000,1.1449507474899292,1.145081877708435,1.1445575952529907,1.144819736480713
1783084500000,1.144688606262207,1.144819736480713,1.1445575952529907,1.144688606262207
1783085400000,1.144688606262207,1.144688606262207,1.144426703453064,1.1445575952529907
1783086300000,1.1445575952529907,1.1445575952529907,1.144164800643921,1.144164800643921
1783087200000,1.1442956924438477,1.1445575952529907,1.144164800643921,1.144426703453064
1783088100000,1.144426703453064,1.145081877708435,1.144426703453064,1.1449507474899292
1783089000000,1.1449507474899292,1.1449507474899292,1.144688606262207,1.144819736480713
1783089900000,1.144688606262207,1.144819736480713,1.1445575952529907,1.144688606262207
1783090800000,1.1445575952529907,1.144688606262207,1.144426703453064,1.1445575952529907
1783091700000,1.144426703453064,1.144688606262207,1.144164800643921,1.1442956924438477
1783092600000,1.1442956924438477,1.144426703453064,1.1442956924438477,1.1442956924438477
1783093500000,1.1442956924438477,1.1442956924438477,1.1439030170440674,1.1440337896347046
1783094400000,1.1440337896347046,1.1442956924438477,1.1440337896347046,1.144164800643921
1783095300000,1.144164800643921,1.1442956924438477,1.144164800643921,1.144164800643921
1783096200000,1.1440337896347046,1.144164800643921,1.1439030170440674,1.1439030170440674
1783097100000,1.1439030170440674,1.1440337896347046,1.1439030170440674,1.1440337896347046
1783098000000,1.144164800643921,1.144426703453064,1.144164800643921,1.1442956924438477
1783098900000,1.1442956924438477,1.144426703453064,1.1442956924438477,1.144426703453064
1783099800000,1.1442956924438477,1.144426703453064,1.1442956924438477,1.144426703453064
1783100700000,1.144426703453064,1.144426703453064,1.1442956924438477,1.1442956924438477
1783101600000,1.144426703453064,1.144426703453064,1.144164800643921,1.1442956924438477
1783102500000,1.1442956924438477,1.144426703453064,1.144164800643921,1.1442956924438477
1783103400000,1.1442956924438477,1.1442956924438477,1.1442956924438477,1.1442956924438477
1783104300000,1.1442956924438477,1.1442956924438477,1.144164800643921,1.1442956924438477
1783105200000,1.144164800643921,1.144426703453064,1.144164800643921,1.1442956924438477
1783106100000,1.1442956924438477,1.1442956924438477,1.144164800643921,1.144164800643921
1783107000000,1.144164800643921,1.144164800643921,1.1440337896347046,1.144164800643921
1783107900000,1.144164800643921,1.144164800643921,1.1439030170440674,1.1440337896347046
1783108800000,1.1439030170440674,1.1440337896347046,1.1439030170440674,1.1439030170440674
1783109700000,1.1440337896347046,1.1440337896347046,1.1439030170440674,1.1439030170440674
1783110600000,1.1440337896347046,1.1440337896347046,1.1439030170440674,1.1439030170440674
1783111500000,1.1439030170440674,1.1440337896347046,1.1437721252441406,1.1440337896347046
1783112400000,1.1440337896347046,1.1440337896347046,1.1440337896347046,1.1440337896347046
1783113300000,1.1440337896347046,1.1440337896347046,1.1440337896347046,1.1440337896347046
1783292400000,1.1440337896347046,1.1440337896347046,1.1436413526535034,1.1437721252441406
1783293300000,1.1437721252441406,1.1440337896347046,1.1436413526535034,1.1439030170440674
1783294200000,1.1439030170440674,1.1440337896347046,1.1439030170440674,1.1440337896347046
1783295100000,1.1440337896347046,1.144164800643921,1.1439030170440674,1.1440337896347046
1783296000000,1.1440337896347046,1.1440337896347046,1.1437721252441406,1.1440337896347046
1783296900000,1.1440337896347046,1.144426703453064,1.1440337896347046,1.144164800643921
1783297800000,1.144426703453064,1.144426703453064,1.144164800643921,1.144426703453064
1783298700000,1.1442956924438477,1.1442956924438477,1.1440337896347046,1.144164800643921
1783299600000,1.144164800643921,1.144164800643921,1.1439030170440674,1.1440337896347046
1783300500000,1.1439030170440674,1.1439030170440674,1.1435105800628662,1.1435105800628662
1783301400000,1.143379807472229,1.1437721252441406,1.143379807472229,1.1437721252441406
1783302300000,1.1436413526535034,1.1436413526535034,1.1432491540908813,1.1432491540908813
1783303200000,1.1432491540908813,1.143379807472229,1.1431183815002441,1.143379807472229
1783304100000,1.1432491540908813,1.143379807472229,1.1432491540908813,1.1432491540908813
1783305000000,1.1432491540908813,1.143379807472229,1.1432491540908813,1.143379807472229
1783305900000,1.143379807472229,1.1437721252441406,1.143379807472229,1.1437721252441406
1783306800000,1.1437721252441406,1.1439030170440674,1.1436413526535034,1.1436413526535034
1783307700000,1.1436413526535034,1.1436413526535034,1.1432491540908813,1.1432491540908813
1783308600000,1.1432491540908813,1.143379807472229,1.1431183815002441,1.143379807472229
1783309500000,1.1435105800628662,1.1435105800628662,1.1432491540908813,1.1435105800628662
1783310400000,1.1435105800628662,1.1437721252441406,1.1435105800628662,1.1436413526535034
1783311300000,1.1436413526535034,1.1437721252441406,1.1435105800628662,1.1436413526535034
1783312200000,1.1435105800628662,1.1436413526535034,1.1435105800628662,1.1436413526535034
1783313100000,1.1436413526535034,1.1437721252441406,1.1435105800628662,1.1436413526535034
1783314000000,1.1435105800628662,1.1435105800628662,1.1432491540908813,1.143379807472229
1783314900000,1.1432491540908813,1.1432491540908813,1.1431183815002441,1.1432491540908813
1783315800000,1.1432491540908813,1.1435105800628662,1.1432491540908813,1.1432491540908813
1783316700000,1.1432491540908813,1.1435105800628662,1.1427265405654907,1.1427265405654907
1783317600000,1.142987847328186,1.1432491540908813,1.1428571939468384,1.1428571939468384
1783318500000,1.1427265405654907,1.1428571939468384,1.1424654722213745,1.1425960063934326
1783319400000,1.1425960063934326,1.1428571939468384,1.1424654722213745,1.1425960063934326
1783320300000,1.1427265405654907,1.1428571939468384,1.1423349380493164,1.1424654722213745
1783321200000,1.1423349380493164,1.1424654722213745,1.1420739889144897,1.1424654722213745
1783322100000,1.142987847328186,1.1431183815002441,1.1425960063934326,1.1425960063934326
1783323000000,1.1425960063934326,1.1428571939468384,1.1425960063934326,1.1428571939468384
1783323900000,1.1428571939468384,1.142987847328186,1.1425960063934326,1.142987847328186
1783324800000,1.142987847328186,1.142987847328186,1.1420739889144897,1.1422044038772583
1783325700000,1.1423349380493164,1.1423349380493164,1.1420739889144897,1.1422044038772583
1783326600000,1.1423349380493164,1.1424654722213745,1.1420739889144897,1.1420739889144897
1783327500000,1.1419435739517212,1.1423349380493164,1.1419435739517212,1.1423349380493164
1783328400000,1.1423349380493164,1.1424654722213745,1.1420739889144897,1.1422044038772583
1783329300000,1.1422044038772583,1.1423349380493164,1.1420739889144897,1.1422044038772583
1783330200000,1.1422044038772583,1.1423349380493164,1.1420739889144897,1.1422044038772583
1783331100000,1.1419435739517212,1.1419435739517212,1.141422152519226,1.1415525674819946
1783332000000,1.1416828632354736,1.1416828632354736,1.141291856765747,1.1416828632354736
1783332900000,1.1418131589889526,1.1423349380493164,1.1418131589889526,1.1419435739517212
1783333800000,1.1419435739517212,1.1424654722213745,1.1419435739517212,1.1422044038772583
1783334700000,1.1423349380493164,1.1424654722213745,1.1422044038772583,1.1423349380493164
1783335600000,1.1423349380493164,1.1423349380493164,1.1419435739517212,1.1422044038772583
1783336500000,1.1422044038772583,1.1422044038772583,1.1419435739517212,1.1420739889144897
1783337400000,1.1420739889144897,1.1423349380493164,1.1418131589889526,1.1418131589889526
1783338300000,1.1418131589889526,1.1419435739517212,1.1415525674819946,1.1419435739517212
1783339200000,1.1420739889144897,1.1422044038772583,1.1418131589889526,1.1420739889144897
1783340100000,1.1422044038772583,1.1422044038772583,1.1419435739517212,1.1420739889144897
1783341000000,1.1420739889144897,1.1422044038772583,1.1415525674819946,1.1415525674819946
1783341900000,1.1415525674819946,1.1419435739517212,1.1415525674819946,1.1416828632354736
1783342800000,1.141422152519226,1.1423349380493164,1.141422152519226,1.1422044038772583
1783343700000,1.1422044038772583,1.1425960063934326,1.1422044038772583,1.1423349380493164
1783344600000,1.1423349380493164,1.1424654722213745,1.1420739889144897,1.1420739889144897
1783345500000,1.1419435739517212,1.1420739889144897,1.1411616802215576,1.1415525674819946
1783346400000,1.1415525674819946,1.1422044038772583,1.1415525674819946,1.1420739889144897
1783347300000,1.1420739889144897,1.1420739889144897,1.1418131589889526,1.1418131589889526
1783348200000,1.1419435739517212,1.1420739889144897,1.1415525674819946,1.1415525674819946
1783349100000,1.1416828632354736,1.1420739889144897,1.1415525674819946,1.1419435739517212
1783350000000,1.1420739889144897,1.1422044038772583,1.1419435739517212,1.1419435739517212
1783350900000,1.1420739889144897,1.1422044038772583,1.1419435739517212,1.1420739889144897
1783351800000,1.1422044038772583,1.1425960063934326,1.1420739889144897,1.1425960063934326
1783352700000,1.1427265405654907,1.1428571939468384,1.1427265405654907,1.1428571939468384
1783353600000,1.1428571939468384,1.1432491540908813,1.1428571939468384,1.142987847328186
1783354500000,1.142987847328186,1.143379807472229,1.142987847328186,1.1432491540908813
1783355400000,1.1432491540908813,1.143379807472229,1.142987847328186,1.1431183815002441
1783356300000,1.1431183815002441,1.1435105800628662,1.1431183815002441,1.143379807472229
1783357200000,1.1435105800628662,1.1436413526535034,1.1435105800628662,1.1436413526535034
1783358100000,1.1437721252441406,1.1440337896347046,1.1437721252441406,1.1440337896347046
1783359000000,1.1439030170440674,1.1442956924438477,1.1439030170440674,1.1442956924438477
1783359900000,1.144164800643921,1.1442956924438477,1.1439030170440674,1.1440337896347046
1783360800000,1.1440337896347046,1.144164800643921,1.1439030170440674,1.1440337896347046
1783361700000,1.1440337896347046,1.1442956924438477,1.1440337896347046,1.1442956924438477
1783362600000,1.144164800643921,1.1445575952529907,1.144164800643921,1.1445575952529907
1783363500000,1.1445575952529907,1.144819736480713,1.1445575952529907,1.144688606262207
1783364400000,1.144426703453064,1.144688606262207,1.144426703453064,1.144426703453064
1783365300000,1.144426703453064,1.144426703453064,1.144164800643921,1.1442956924438477
1783366200000,1.1442956924438477,1.144426703453064,1.1442956924438477,1.1442956924438477
1783367100000,1.1442956924438477,1.1445575952529907,1.1442956924438477,1.1445575952529907
1783368000000,1.144426703453064,1.1445575952529907,1.144426703453064,1.144426703453064
1783368900000,1.144426703453064,1.1445575952529907,1.1442956924438477,1.144426703453064
1783369800000,1.1445575952529907,1.1445575952529907,1.1442956924438477,1.1442956924438477
1783370700000,1.144426703453064,1.144426703453064,1.1442956924438477,1.144426703453064
1783371600000,1.145081877708435,1.145081877708435,1.144164800643921,1.1445575952529907
1783372500000,1.1445575952529907,1.144688606262207,1.1442956924438477,1.1445575952529907
1783373400000,1.144426703453064,1.144688606262207,1.144426703453064,1.1445575952529907
1783374300000,1.1445575952529907,1.145081877708435,1.1445575952529907,1.145081877708435
1783375200000,1.144688606262207,1.144819736480713,1.1445575952529907,1.144688606262207
1783376100000,1.144688606262207,1.144688606262207,1.144688606262207,1.144688606262207
1783377000000,1.144688606262207,1.144688606262207,1.144688606262207,1.144688606262207
1783377900000,1.144688606262207,1.144819736480713,1.144688606262207,1.144688606262207
1783378800000,1.1449507474899292,1.145081877708435,1.144819736480713,1.1449507474899292
1783379700000,1.1449507474899292,1.145081877708435,1.144688606262207,1.144688606262207
1783380600000,1.144688606262207,1.144819736480713,1.144688606262207,1.144819736480713
1783381500000,1.144819736480713,1.144819736480713,1.144426703453064,1.144426703453064
1783382400000,1.144426703453064,1.1445575952529907,1.144426703453064,1.144426703453064
1783383300000,1.144426703453064,1.144426703453064,1.144164800643921,1.144164800643921
1783384200000,1.1442956924438477,1.144426703453064,1.144164800643921,1.1442956924438477
1783385100000,1.1442956924438477,1.144426703453064,1.1442956924438477,1.1442956924438477
1783386000000,1.1442956924438477,1.1442956924438477,1.144164800643921,1.1442956924438477
1783386900000,1.1442956924438477,1.1442956924438477,1.1440337896347046,1.144164800643921
1783387800000,1.1445575952529907,1.144819736480713,1.1442956924438477,1.1442956924438477
1783388700000,1.1442956924438477,1.1449507474899292,1.1442956924438477,1.144688606262207
1783389600000,1.144819736480713,1.1449507474899292,1.1445575952529907,1.1445575952529907
1783390500000,1.1445575952529907,1.144688606262207,1.1445575952529907,1.1445575952529907
1783391400000,1.144426703453064,1.144688606262207,1.144426703453064,1.144426703453064
1783392300000,1.144426703453064,1.1445575952529907,1.1442956924438477,1.1442956924438477
1783393200000,1.1442956924438477,1.1445575952529907,1.1442956924438477,1.144426703453064
1783394100000,1.144426703453064,1.1445575952529907,1.1442956924438477,1.1442956924438477
1783395000000,1.1442956924438477,1.144426703453064,1.1440337896347046,1.144164800643921
1783395900000,1.1440337896347046,1.144164800643921,1.1439030170440674,1.1440337896347046
1783396800000,1.1440337896347046,1.144164800643921,1.1440337896347046,1.144164800643921
1783397700000,1.144164800643921,1.144164800643921,1.1440337896347046,1.1440337896347046
1783398600000,1.1440337896347046,1.144164800643921,1.1440337896347046,1.144164800643921
1783399500000,1.1440337896347046,1.144164800643921,1.1439030170440674,1.1439030170440674
1783400400000,1.1440337896347046,1.1440337896347046,1.1437721252441406,1.1437721252441406
1783401300000,1.1437721252441406,1.1437721252441406,1.143379807472229,1.143379807472229
1783402200000,1.143379807472229,1.1436413526535034,1.1432491540908813,1.1432491540908813
1783403100000,1.1432491540908813,1.1435105800628662,1.1432491540908813,1.1435105800628662
1783404000000,1.1436413526535034,1.1436413526535034,1.1428571939468384,1.142987847328186
1783404900000,1.143379807472229,1.143379807472229,1.142987847328186,1.1431183815002441
1783405800000,1.1432491540908813,1.143379807472229,1.1432491540908813,1.1432491540908813
1783406700000,1.1432491540908813,1.1435105800628662,1.1431183815002441,1.1431183815002441
1783407600000,1.1432491540908813,1.1432491540908813,1.142987847328186,1.1431183815002441
1783408500000,1.1431183815002441,1.1435105800628662,1.142987847328186,1.142987847328186
1783409400000,1.142987847328186,1.1432491540908813,1.142987847328186,1.1432491540908813
1783410300000,1.142987847328186,1.1431183815002441,1.1428571939468384,1.142987847328186
1783411200000,1.142987847328186,1.1435105800628662,1.1428571939468384,1.1435105800628662
1783412100000,1.143379807472229,1.1436413526535034,1.1432491540908813,1.1436413526535034
1783413000000,1.1436413526535034,1.1439030170440674,1.1435105800628662,1.1435105800628662
1783413900000,1.143379807472229,1.1435105800628662,1.142987847328186,1.1431183815002441
1783414800000,1.1431183815002441,1.1431183815002441,1.142987847328186,1.142987847328186
1783415700000,1.1431183815002441,1.1431183815002441,1.142987847328186,1.1431183815002441
1783416600000,1.142987847328186,1.1432491540908813,1.142987847328186,1.1431183815002441
1783417500000,1.1432491540908813,1.1432491540908813,1.1428571939468384,1.1428571939468384
1783418400000,1.1427265405654907,1.1432491540908813,1.1427265405654907,1.1432491540908813
1783419300000,1.1432491540908813,1.143379807472229,1.1432491540908813,1.143379807472229
1783420200000,1.1432491540908813,1.1435105800628662,1.1432491540908813,1.143379807472229
1783421100000,1.143379807472229,1.1436413526535034,1.1432491540908813,1.1436413526535034
1783422000000,1.1436413526535034,1.1437721252441406,1.1435105800628662,1.1437721252441406
1783422900000,1.1436413526535034,1.144164800643921,1.1436413526535034,1.1440337896347046
1783423800000,1.1439030170440674,1.1440337896347046,1.1436413526535034,1.1436413526535034
1783424700000,1.1436413526535034,1.1437721252441406,1.142987847328186,1.1436413526535034
1783425600000,1.1435105800628662,1.1437721252441406,1.1435105800628662,1.1436413526535034
1783426500000,1.1437721252441406,1.1445575952529907,1.1436413526535034,1.1445575952529907
1783427400000,1.1445575952529907,1.1445575952529907,1.1439030170440674,1.1439030170440674
1783428300000,1.1440337896347046,1.1440337896347046,1.1437721252441406,1.1439030170440674
1783429200000,1.1439030170440674,1.1439030170440674,1.143379807472229,1.1437721252441406
1783430100000,1.1437721252441406,1.1439030170440674,1.1436413526535034,1.1437721252441406
1783431000000,1.1439030170440674,1.144426703453064,1.1439030170440674,1.144426703453064
1783431900000,1.1442956924438477,1.144426703453064,1.1437721252441406,1.1437721252441406
1783432800000,1.1440337896347046,1.1440337896347046,1.1428571939468384,1.142987847328186
1783433700000,1.142987847328186,1.143379807472229,1.142987847328186,1.1432491540908813
1783434600000,1.1432491540908813,1.1435105800628662,1.1431183815002441,1.1435105800628662
1783435500000,1.1436413526535034,1.1440337896347046,1.1435105800628662,1.1437721252441406
1783436400000,1.1436413526535034,1.1437721252441406,1.1432491540908813,1.1432491540908813
1783437300000,1.1432491540908813,1.1432491540908813,1.142987847328186,1.1431183815002441
1783438200000,1.1431183815002441,1.1431183815002441,1.142987847328186,1.142987847328186
1783439100000,1.142987847328186,1.142987847328186,1.1425960063934326,1.1425960063934326
1783440000000,1.1427265405654907,1.1428571939468384,1.1424654722213745,1.1427265405654907
1783440900000,1.1425960063934326,1.1425960063934326,1.1420739889144897,1.1422044038772583
1783441800000,1.1422044038772583,1.1423349380493164,1.1422044038772583,1.1423349380493164
1783442700000,1.1423349380493164,1.1425960063934326,1.1423349380493164,1.1425960063934326
1783443600000,1.1427265405654907,1.1428571939468384,1.1425960063934326,1.1425960063934326
1783444500000,1.1425960063934326,1.1428571939468384,1.1425960063934326,1.1427265405654907
1783445400000,1.1427265405654907,1.142987847328186,1.1427265405654907,1.142987847328186
1783446300000,1.142987847328186,1.1432491540908813,1.142987847328186,1.1431183815002441
1783447200000,1.1431183815002441,1.1431183815002441,1.1428571939468384,1.142987847328186
1783448100000,1.142987847328186,1.1432491540908813,1.142987847328186,1.1431183815002441
1783449000000,1.1431183815002441,1.1432491540908813,1.142987847328186,1.1431183815002441
1783449900000,1.1432491540908813,1.1432491540908813,1.1422044038772583,1.1422044038772583
1783450800000,1.1420739889144897,1.1420739889144897,1.1415525674819946,1.1415525674819946
1783451700000,1.141422152519226,1.1416828632354736,1.1411616802215576,1.1416828632354736
1783452600000,1.1416828632354736,1.1419435739517212,1.1416828632354736,1.1419435739517212
1783453500000,1.1418131589889526,1.1419435739517212,1.1418131589889526,1.1419435739517212
1783454400000,1.1418131589889526,1.1420739889144897,1.1416828632354736,1.1416828632354736
1783455300000,1.1416828632354736,1.1418131589889526,1.1416828632354736,1.1416828632354736
1783456200000,1.1416828632354736,1.1416828632354736,1.141422152519226,1.1415525674819946
1783457100000,1.1415525674819946,1.1415525674819946,1.141422152519226,1.1415525674819946
1783458000000,1.1427265405654907,1.1427265405654907,1.141291856765747,1.141291856765747
1783458900000,1.141422152519226,1.141422152519226,1.1409013271331787,1.1409013271331787
1783459800000,1.1410315036773682,1.1410315036773682,1.140380859375,1.1410315036773682
1783460700000,1.1410315036773682,1.1411616802215576,1.1407711505889893,1.1411616802215576
1783461600000,1.1411616802215576,1.1411616802215576,1.1409013271331787,1.1409013271331787
1783462500000,1.1409013271331787,1.1410315036773682,1.1407711505889893,1.1407711505889893
1783463400000,1.1409013271331787,1.1409013271331787,1.1406410932540894,1.1407711505889893
1783464300000,1.1407711505889893,1.1410315036773682,1.1407711505889893,1.1410315036773682
1783465200000,1.1410315036773682,1.1411616802215576,1.1407711505889893,1.1407711505889893
1783466100000,1.1407711505889893,1.1409013271331787,1.1407711505889893,1.1407711505889893
1783467000000,1.1407711505889893,1.1410315036773682,1.1407711505889893,1.1407711505889893
1783467900000,1.1407711505889893,1.1407711505889893,1.140380859375,1.1405109167099
1783468800000,1.140380859375,1.1409013271331787,1.140380859375,1.1409013271331787
1783469700000,1.1409013271331787,1.1411616802215576,1.1406410932540894,1.1410315036773682
1783470600000,1.1410315036773682,1.1415525674819946,1.1410315036773682,1.141422152519226
1783471500000,1.141291856765747,1.141422152519226,1.1410315036773682,1.1411616802215576
1783472400000,1.1411616802215576,1.141291856765747,1.1410315036773682,1.1410315036773682
1783473300000,1.1410315036773682,1.1410315036773682,1.1407711505889893,1.1407711505889893
1783474200000,1.1407711505889893,1.1407711505889893,1.1402509212493896,1.1402509212493896
1783475100000,1.1405109167099,1.1409013271331787,1.140380859375,1.1409013271331787
1783476000000,1.1409013271331787,1.1410315036773682,1.1407711505889893,1.1409013271331787
1783476900000,1.1411616802215576,1.1415525674819946,1.1411616802215576,1.141422152519226
1783477800000,1.141422152519226,1.1415525674819946,1.141291856765747,1.1415525674819946
1783478700000,1.1415525674819946,1.1415525674819946,1.141422152519226,1.1415525674819946
1783479600000,1.1415525674819946,1.1418131589889526,1.1415525674819946,1.1418131589889526
1783480500000,1.1419435739517212,1.1419435739517212,1.1418131589889526,1.1418131589889526
1783481400000,1.1418131589889526,1.1418131589889526,1.1416828632354736,1.1416828632354736
1783482300000,1.1418131589889526,1.1418131589889526,1.1416828632354736,1.1416828632354736
1783483200000,1.1416828632354736,1.1416828632354736,1.1415525674819946,1.1415525674819946
1783484100000,1.1415525674819946,1.1416828632354736,1.141422152519226,1.1416828632354736
1783485000000,1.1416828632354736,1.1419435739517212,1.1416828632354736,1.1418131589889526
1783485900000,1.1418131589889526,1.1418131589889526,1.1416828632354736,1.1418131589889526
1783486800000,1.1418131589889526,1.1422044038772583,1.1418131589889526,1.1419435739517212
1783487700000,1.1419435739517212,1.1419435739517212,1.1415525674819946,1.1416828632354736
1783488600000,1.1418131589889526,1.1423349380493164,1.1418131589889526,1.1423349380493164
1783489500000,1.1423349380493164,1.1423349380493164,1.1420739889144897,1.1423349380493164
1783490400000,1.1424654722213745,1.1425960063934326,1.1422044038772583,1.1422044038772583
1783491300000,1.1423349380493164,1.1425960063934326,1.1423349380493164,1.1425960063934326
1783492200000,1.1425960063934326,1.1427265405654907,1.1423349380493164,1.1424654722213745
1783493100000,1.1424654722213745,1.1424654722213745,1.1422044038772583,1.1424654722213745
1783494000000,1.1425960063934326,1.1425960063934326,1.1422044038772583,1.1423349380493164
1783494900000,1.1422044038772583,1.1431183815002441,1.1420739889144897,1.142987847328186
1783495800000,1.1432491540908813,1.143379807472229,1.142987847328186,1.1432491540908813
1783496700000,1.1432491540908813,1.1432491540908813,1.142987847328186,1.142987847328186
1783497600000,1.1428571939468384,1.1431183815002441,1.1427265405654907,1.1427265405654907
1783498500000,1.1428571939468384,1.1428571939468384,1.1409013271331787,1.1416828632354736
1783499400000,1.1418131589889526,1.1419435739517212,1.1409013271331787,1.1411616802215576
1783500300000,1.1416828632354736,1.1422044038772583,1.141422152519226,1.141422152519226
1783501200000,1.1411616802215576,1.141291856765747,1.1401208639144897,1.1401208639144897
1783502100000,1.1401208639144897,1.1410315036773682,1.1401208639144897,1.1407711505889893
1783503000000,1.1409013271331787,1.141291856765747,1.1409013271331787,1.141291856765747
1783503900000,1.141291856765747,1.141422152519226,1.1407711505889893,1.1409013271331787
1783504800000,1.1409013271331787,1.1410315036773682,1.1405109167099,1.1406410932540894
1783505700000,1.1405109167099,1.1416828632354736,1.1405109167099,1.141422152519226
1783506600000,1.141422152519226,1.1416828632354736,1.141422152519226,1.1416828632354736
1783507500000,1.1415525674819946,1.1416828632354736,1.1411616802215576,1.1411616802215576
1783508400000,1.1411616802215576,1.1411616802215576,1.1409013271331787,1.1410315036773682
1783509300000,1.1411616802215576,1.141291856765747,1.1409013271331787,1.1409013271331787
1783510200000,1.1409013271331787,1.1409013271331787,1.1397310495376587,1.1407711505889893
1783511100000,1.1406410932540894,1.1406410932540894,1.1399909257888794,1.1399909257888794
1783512000000,1.1402509212493896,1.1407711505889893,1.1401208639144897,1.1405109167099
1783512900000,1.1406410932540894,1.1409013271331787,1.1406410932540894,1.1407711505889893
1783513800000,1.1409013271331787,1.1409013271331787,1.1406410932540894,1.1409013271331787
1783514700000,1.1409013271331787,1.1410315036773682,1.1399909257888794,1.1399909257888794
1783515600000,1.1401208639144897,1.1406410932540894,1.1401208639144897,1.1405109167099
1783516500000,1.1402509212493896,1.1407711505889893,1.1401208639144897,1.1407711505889893
1783517400000,1.1407711505889893,1.141422152519226,1.1407711505889893,1.141422152519226
1783518300000,1.141422152519226,1.1416828632354736,1.1411616802215576,1.1411616802215576
1783519200000,1.141291856765747,1.1415525674819946,1.1410315036773682,1.1411616802215576
1783520100000,1.1410315036773682,1.141422152519226,1.1410315036773682,1.141291856765747
1783521000000,1.1410315036773682,1.1411616802215576,1.1407711505889893,1.1409013271331787
1783521900000,1.1409013271331787,1.1410315036773682,1.1409013271331787,1.1410315036773682
1783522800000,1.1409013271331787,1.141422152519226,1.1406410932540894,1.1406410932540894
1783523700000,1.140380859375,1.1405109167099,1.1402509212493896,1.140380859375
1783524600000,1.1401208639144897,1.1402509212493896,1.1394712924957275,1.1396011114120483
1783525500000,1.1396011114120483,1.1399909257888794,1.1396011114120483,1.1398608684539795
1783526400000,1.1398608684539795,1.1402509212493896,1.1398608684539795,1.1402509212493896
1783527300000,1.1399909257888794,1.1406410932540894,1.1399909257888794,1.1405109167099
1783528200000,1.1405109167099,1.141422152519226,1.1405109167099,1.141422152519226
1783529100000,1.141422152519226,1.1418131589889526,1.141422152519226,1.1416828632354736
1783530000000,1.1418131589889526,1.1425960063934326,1.1418131589889526,1.1425960063934326
1783530900000,1.1425960063934326,1.1428571939468384,1.1424654722213745,1.1428571939468384
1783531800000,1.142987847328186,1.142987847328186,1.1424654722213745,1.1424654722213745
1783532700000,1.1424654722213745,1.1425960063934326,1.1422044038772583,1.1422044038772583
1783533600000,1.1422044038772583,1.1431183815002441,1.1422044038772583,1.1431183815002441
1783534500000,1.142987847328186,1.1431183815002441,1.142987847328186,1.142987847328186
1783535400000,1.1428571939468384,1.1431183815002441,1.1427265405654907,1.1431183815002441
1783536300000,1.1431183815002441,1.1431183815002441,1.1428571939468384,1.142987847328186
1783537200000,1.1431183815002441,1.1432491540908813,1.142987847328186,1.1431183815002441
1783538100000,1.1432491540908813,1.1432491540908813,1.1431183815002441,1.1431183815002441
1783539000000,1.1432491540908813,1.1432491540908813,1.1431183815002441,1.1431183815002441
1783539900000,1.142987847328186,1.1432491540908813,1.1425960063934326,1.1431183815002441
1783540800000,1.142987847328186,1.1431183815002441,1.1428571939468384,1.1428571939468384
1783541700000,1.1428571939468384,1.1428571939468384,1.1423349380493164,1.1424654722213745
1783542600000,1.1423349380493164,1.1423349380493164,1.1418131589889526,1.1419435739517212
1783543500000,1.1419435739517212,1.1420739889144897,1.1419435739517212,1.1420739889144897
1783544400000,1.1420739889144897,1.1425960063934326,1.1418131589889526,1.1424654722213745
1783545300000,1.1423349380493164,1.1427265405654907,1.1420739889144897,1.1427265405654907
1783546200000,1.1423349380493164,1.1425960063934326,1.1419435739517212,1.1420739889144897
1783547100000,1.1420739889144897,1.1423349380493164,1.1419435739517212,1.1422044038772583
1783548000000,1.1420739889144897,1.1420739889144897,1.1419435739517212,1.1420739889144897
1783548900000,1.1420739889144897,1.1420739889144897,1.1420739889144897,1.1420739889144897
1783549800000,1.1420739889144897,1.1422044038772583,1.1420739889144897,1.1422044038772583
1783550700000,1.1422044038772583,1.1422044038772583,1.1420739889144897,1.1422044038772583
1783551600000,1.1422044038772583,1.1423349380493164,1.1420739889144897,1.1420739889144897
1783552500000,1.1420739889144897,1.1422044038772583,1.1420739889144897,1.1422044038772583
1783553400000,1.1422044038772583,1.1423349380493164,1.1422044038772583,1.1423349380493164
1783554300000,1.1424654722213745,1.1424654722213745,1.1423349380493164,1.1424654722213745
1783555200000,1.1424654722213745,1.1432491540908813,1.1424654722213745,1.1431183815002441
1783556100000,1.1431183815002441,1.1431183815002441,1.1428571939468384,1.142987847328186
1783557000000,1.1432491540908813,1.1432491540908813,1.142987847328186,1.142987847328186
1783557900000,1.142987847328186,1.142987847328186,1.1427265405654907,1.1428571939468384
1783558800000,1.1428571939468384,1.142987847328186,1.1425960063934326,1.1425960063934326
1783559700000,1.1427265405654907,1.1427265405654907,1.1424654722213745,1.1424654722213745
1783560600000,1.1424654722213745,1.1428571939468384,1.1423349380493164,1.1427265405654907
1783561500000,1.1425960063934326,1.1428571939468384,1.1424654722213745,1.1428571939468384
1783562400000,1.1428571939468384,1.1431183815002441,1.1428571939468384,1.142987847328186
1783563300000,1.1431183815002441,1.1431183815002441,1.142987847328186,1.142987847328186
1783564200000,1.142987847328186,1.142987847328186,1.1427265405654907,1.1428571939468384
1783565100000,1.142987847328186,1.142987847328186,1.1427265405654907,1.1427265405654907
1783566000000,1.1427265405654907,1.1428571939468384,1.1427265405654907,1.1428571939468384
1783566900000,1.1427265405654907,1.142987847328186,1.1425960063934326,1.1428571939468384
1783567800000,1.1431183815002441,1.143379807472229,1.1431183815002441,1.1431183815002441
1783568700000,1.1431183815002441,1.1431183815002441,1.142987847328186,1.142987847328186
1783569600000,1.142987847328186,1.1431183815002441,1.1428571939468384,1.142987847328186
1783570500000,1.142987847328186,1.1431183815002441,1.1427265405654907,1.1428571939468384
1783571400000,1.1428571939468384,1.142987847328186,1.1428571939468384,1.1428571939468384
1783572300000,1.1428571939468384,1.142987847328186,1.1428571939468384,1.142987847328186
1783573200000,1.142987847328186,1.1435105800628662,1.142987847328186,1.1435105800628662
1783574100000,1.1435105800628662,1.1435105800628662,1.1432491540908813,1.1435105800628662
1783575000000,1.1435105800628662,1.1436413526535034,1.143379807472229,1.143379807472229
1783575900000,1.1435105800628662,1.1436413526535034,1.143379807472229,1.143379807472229
1783576800000,1.1437721252441406,1.1440337896347046,1.1437721252441406,1.1437721252441406
1783577700000,1.1437721252441406,1.145081877708435,1.1437721252441406,1.1449507474899292
1783578600000,1.144819736480713,1.145081877708435,1.1445575952529907,1.144688606262207
1783579500000,1.144819736480713,1.144819736480713,1.144426703453064,1.144426703453064
1783580400000,1.1445575952529907,1.1445575952529907,1.1439030170440674,1.1440337896347046
1783581300000,1.1440337896347046,1.1442956924438477,1.1439030170440674,1.144164800643921
1783582200000,1.144164800643921,1.144164800643921,1.1437721252441406,1.1437721252441406
1783583100000,1.1439030170440674,1.1439030170440674,1.1436413526535034,1.1437721252441406
1783584000000,1.1439030170440674,1.144164800643921,1.1437721252441406,1.1437721252441406
1783584900000,1.1439030170440674,1.1440337896347046,1.1437721252441406,1.1440337896347046
1783585800000,1.1440337896347046,1.1440337896347046,1.1435105800628662,1.1435105800628662
1783586700000,1.1435105800628662,1.1435105800628662,1.1428571939468384,1.142987847328186
1783587600000,1.142987847328186,1.1431183815002441,1.1427265405654907,1.142987847328186
1783588500000,1.142987847328186,1.1431183815002441,1.1428571939468384,1.1431183815002441
1783589400000,1.142987847328186,1.1431183815002441,1.1428571939468384,1.1428571939468384
1783590300000,1.142987847328186,1.1435105800628662,1.142987847328186,1.143379807472229
1783591200000,1.143379807472229,1.143379807472229,1.1431183815002441,1.1432491540908813
1783592100000,1.1432491540908813,1.1432491540908813,1.142987847328186,1.1431183815002441
1783593000000,1.142987847328186,1.1435105800628662,1.142987847328186,1.1431183815002441
1783593900000,1.1431183815002441,1.1431183815002441,1.1424654722213745,1.1425960063934326
1783594800000,1.1425960063934326,1.1428571939468384,1.1425960063934326,1.1428571939468384
1783595700000,1.1428571939468384,1.142987847328186,1.1427265405654907,1.1427265405654907
1783596600000,1.1427265405654907,1.142987847328186,1.1427265405654907,1.142987847328186
1783597500000,1.142987847328186,1.1432491540908813,1.1428571939468384,1.1432491540908813
1783598400000,1.143379807472229,1.1439030170440674,1.1432491540908813,1.1436413526535034
1783599300000,1.1437721252441406,1.1437721252441406,1.1435105800628662,1.1435105800628662
1783600200000,1.1436413526535034,1.1439030170440674,1.142987847328186,1.142987847328186
1783601100000,1.1431183815002441,1.1431183815002441,1.1427265405654907,1.1427265405654907
1783602000000,1.1428571939468384,1.143379807472229,1.1428571939468384,1.1432491540908813
1783602900000,1.1435105800628662,1.1439030170440674,1.143379807472229,1.1437721252441406
1783603800000,1.1437721252441406,1.1439030170440674,1.1435105800628662,1.1437721252441406
1783604700000,1.1439030170440674,1.144164800643921,1.1437721252441406,1.144164800643921
1783605600000,1.1442956924438477,1.144819736480713,1.1442956924438477,1.144426703453064
1783606500000,1.1442956924438477,1.144426703453064,1.1440337896347046,1.1442956924438477
1783607400000,1.1442956924438477,1.144426703453064,1.1439030170440674,1.1439030170440674
1783608300000,1.1439030170440674,1.1439030170440674,1.1435105800628662,1.1436413526535034
1783609200000,1.1436413526535034,1.1439030170440674,1.143379807472229,1.1435105800628662
1783610100000,1.1435105800628662,1.1437721252441406,1.1432491540908813,1.1436413526535034
1783611000000,1.1437721252441406,1.1440337896347046,1.1435105800628662,1.1440337896347046
1783611900000,1.1439030170440674,1.1442956924438477,1.1439030170440674,1.144164800643921
1783612800000,1.1442956924438477,1.1442956924438477,1.144164800643921,1.1442956924438477
1783613700000,1.144426703453064,1.144426703453064,1.1439030170440674,1.1440337896347046
1783614600000,1.1439030170440674,1.1442956924438477,1.1439030170440674,1.1442956924438477
1783615500000,1.1442956924438477,1.144426703453064,1.1440337896347046,1.1440337896347046
1783616400000,1.1440337896347046,1.144164800643921,1.1439030170440674,1.1440337896347046
1783617300000,1.1439030170440674,1.144426703453064,1.1439030170440674,1.1442956924438477
1783618200000,1.1442956924438477,1.1442956924438477,1.1439030170440674,1.1440337896347046
1783619100000,1.1440337896347046,1.144164800643921,1.1440337896347046,1.1440337896347046
1783620000000,1.144164800643921,1.144164800643921,1.1437721252441406,1.1437721252441406
1783620900000,1.1439030170440674,1.1439030170440674,1.1435105800628662,1.1435105800628662
1783621800000,1.1435105800628662,1.1436413526535034,1.1435105800628662,1.1436413526535034
1783622700000,1.1436413526535034,1.1437721252441406,1.1435105800628662,1.1436413526535034
1783623600000,1.1437721252441406,1.1437721252441406,1.143379807472229,1.1435105800628662
1783624500000,1.1435105800628662,1.1435105800628662,1.1432491540908813,1.1432491540908813
1783625400000,1.1432491540908813,1.1432491540908813,1.142987847328186,1.142987847328186
1783626300000,1.142987847328186,1.1431183815002441,1.142987847328186,1.1431183815002441
1783627200000,1.1431183815002441,1.1432491540908813,1.1431183815002441,1.1432491540908813
1783628100000,1.1432491540908813,1.143379807472229,1.1432491540908813,1.1432491540908813
1783629000000,1.1432491540908813,1.143379807472229,1.1432491540908813,1.143379807472229
1783629900000,1.1432491540908813,1.1432491540908813,1.1431183815002441,1.1432491540908813
1783630800000,1.1437721252441406,1.1437721252441406,1.1428571939468384,1.142987847328186
1783631700000,1.1432491540908813,1.143379807472229,1.1424654722213745,1.1424654722213745
1783632600000,1.1425960063934326,1.1437721252441406,1.1425960063934326,1.1432491540908813
1783633500000,1.1431183815002441,1.1436413526535034,1.1431183815002441,1.1435105800628662
1783634400000,1.143379807472229,1.1436413526535034,1.1432491540908813,1.1435105800628662
1783635300000,1.1436413526535034,1.1436413526535034,1.1436413526535034,1.1436413526535034
1783636200000,1.1436413526535034,1.1436413526535034,1.1436413526535034,1.1436413526535034
1783637100000,1.1436413526535034,1.1436413526535034,1.1436413526535034,1.1436413526535034
1783638000000,1.1436413526535034,1.1437721252441406,1.1436413526535034,1.1436413526535034
1783638900000,1.1436413526535034,1.1436413526535034,1.1435105800628662,1.1435105800628662
1783639800000,1.1435105800628662,1.1436413526535034,1.1435105800628662,1.1436413526535034
1783640700000,1.1437721252441406,1.1437721252441406,1.1435105800628662,1.1436413526535034
1783641600000,1.1436413526535034,1.1437721252441406,1.1435105800628662,1.1435105800628662
1783642500000,1.1436413526535034,1.1436413526535034,1.143379807472229,1.143379807472229
1783643400000,1.143379807472229,1.1437721252441406,1.143379807472229,1.1437721252441406
1783644300000,1.1440337896347046,1.1445575952529907,1.1439030170440674,1.144426703453064
1783645200000,1.1442956924438477,1.144688606262207,1.144164800643921,1.144688606262207
1783646100000,1.144819736480713,1.145081877708435,1.1445575952529907,1.1445575952529907
1783647000000,1.1445575952529907,1.144819736480713,1.1445575952529907,1.144688606262207
1783647900000,1.144688606262207,1.145213007926941,1.1445575952529907,1.145213007926941
1783648800000,1.145081877708435,1.1458691358566284,1.145081877708435,1.1458691358566284
1783649700000,1.1461317539215088,1.1462632417678833,1.1460003852844238,1.1461317539215088
1783650600000,1.1461317539215088,1.1461317539215088,1.1458691358566284,1.1461317539215088
1783651500000,1.1462632417678833,1.1463946104049683,1.1461317539215088,1.1461317539215088
1783652400000,1.1462632417678833,1.1462632417678833,1.1458691358566284,1.1458691358566284
1783653300000,1.1458691358566284,1.1460003852844238,1.145737886428833,1.1458691358566284
1783654200000,1.1460003852844238,1.1460003852844238,1.145737886428833,1.145737886428833
1783655100000,1.145737886428833,1.145737886428833,1.145213007926941,1.1453442573547363
1783656000000,1.145213007926941,1.145213007926941,1.145081877708435,1.145213007926941
1783656900000,1.145213007926941,1.145213007926941,1.144819736480713,1.1449507474899292
1783657800000,1.1449507474899292,1.1449507474899292,1.1445575952529907,1.1445575952529907
1783658700000,1.1445575952529907,1.1445575952529907,1.144426703453064,1.1445575952529907
1783659600000,1.1445575952529907,1.144688606262207,1.144426703453064,1.144426703453064
1783660500000,1.144426703453064,1.144426703453064,1.1440337896347046,1.144164800643921
1783661400000,1.1440337896347046,1.144164800643921,1.1439030170440674,1.1440337896347046
1783662300000,1.144164800643921,1.144426703453064,1.144164800643921,1.1442956924438477
1783663200000,1.1442956924438477,1.144688606262207,1.1442956924438477,1.144688606262207
1783664100000,1.144688606262207,1.145081877708435,1.1445575952529907,1.1445575952529907
1783665000000,1.1445575952529907,1.1449507474899292,1.144426703453064,1.144426703453064
1783665900000,1.1442956924438477,1.1445575952529907,1.1442956924438477,1.1445575952529907
1783666800000,1.144426703453064,1.1445575952529907,1.144164800643921,1.1442956924438477
1783667700000,1.1440337896347046,1.1445575952529907,1.1440337896347046,1.1442956924438477
1783668600000,1.144426703453064,1.144426703453064,1.144164800643921,1.144426703453064
1783669500000,1.1442956924438477,1.144426703453064,1.1440337896347046,1.1440337896347046
1783670400000,1.1440337896347046,1.1445575952529907,1.1440337896347046,1.1440337896347046
1783671300000,1.1440337896347046,1.1440337896347046,1.1435105800628662,1.1437721252441406
1783672200000,1.1439030170440674,1.1439030170440674,1.1435105800628662,1.1437721252441406
1783673100000,1.1437721252441406,1.1437721252441406,1.143379807472229,1.143379807472229
1783674000000,1.143379807472229,1.1436413526535034,1.143379807472229,1.1436413526535034
1783674900000,1.1436413526535034,1.1436413526535034,1.143379807472229,1.1436413526535034
1783675800000,1.1435105800628662,1.1436413526535034,1.1432491540908813,1.1432491540908813
1783676700000,1.143379807472229,1.143379807472229,1.142987847328186,1.1431183815002441
1783677600000,1.1431183815002441,1.1432491540908813,1.142987847328186,1.1432491540908813
1783678500000,1.1432491540908813,1.1436413526535034,1.1432491540908813,1.1436413526535034
1783679400000,1.1436413526535034,1.1436413526535034,1.143379807472229,1.1435105800628662
1783680300000,1.1435105800628662,1.1439030170440674,1.143379807472229,1.1436413526535034
1783681200000,1.1436413526535034,1.1437721252441406,1.143379807472229,1.1435105800628662
1783682100000,1.143379807472229,1.1435105800628662,1.1431183815002441,1.1432491540908813
1783683000000,1.1432491540908813,1.143379807472229,1.142987847328186,1.1432491540908813
1783683900000,1.1432491540908813,1.1435105800628662,1.1432491540908813,1.1435105800628662
1783684800000,1.1435105800628662,1.1440337896347046,1.142987847328186,1.1440337896347046
1783685700000,1.1437721252441406,1.1437721252441406,1.1432491540908813,1.1432491540908813
1783686600000,1.143379807472229,1.143379807472229,1.1428571939468384,1.142987847328186
1783687500000,1.142987847328186,1.1432491540908813,1.1427265405654907,1.1432491540908813
1783688400000,1.1432491540908813,1.1432491540908813,1.1423349380493164,1.1424654722213745
1783689300000,1.1424654722213745,1.1425960063934326,1.1423349380493164,1.1424654722213745
1783690200000,1.1424654722213745,1.142987847328186,1.1423349380493164,1.142987847328186
1783691100000,1.1428571939468384,1.1428571939468384,1.1423349380493164,1.1423349380493164
1783692000000,1.1422044038772583,1.1425960063934326,1.1420739889144897,1.1425960063934326
1783692900000,1.1425960063934326,1.142987847328186,1.1424654722213745,1.1428571939468384
1783693800000,1.142987847328186,1.1431183815002441,1.1418131589889526,1.1425960063934326
1783694700000,1.1423349380493164,1.1425960063934326,1.1422044038772583,1.1425960063934326
1783695600000,1.1425960063934326,1.1431183815002441,1.1425960063934326,1.1431183815002441
1783696500000,1.1431183815002441,1.1437721252441406,1.1431183815002441,1.1435105800628662
1783697400000,1.1436413526535034,1.1437721252441406,1.1435105800628662,1.1436413526535034
1783698300000,1.1436413526535034,1.144164800643921,1.1435105800628662,1.144164800643921
1783699200000,1.1440337896347046,1.1442956924438477,1.1440337896347046,1.1442956924438477
1783700100000,1.1442956924438477,1.144426703453064,1.1440337896347046,1.1442956924438477
1783701000000,1.144164800643921,1.1442956924438477,1.1439030170440674,1.1439030170440674
1783701900000,1.1437721252441406,1.1439030170440674,1.143379807472229,1.143379807472229
1783702800000,1.143379807472229,1.143379807472229,1.142987847328186,1.1431183815002441
1783703700000,1.1431183815002441,1.1431183815002441,1.1425960063934326,1.1427265405654907
1783704600000,1.1428571939468384,1.1428571939468384,1.1423349380493164,1.1424654722213745
1783705500000,1.1424654722213745,1.1425960063934326,1.1420739889144897,1.1420739889144897
1783706400000,1.1420739889144897,1.1420739889144897,1.1419435739517212,1.1419435739517212
1783707300000,1.1420739889144897,1.1420739889144897,1.1418131589889526,1.1418131589889526
1783708200000,1.1416828632354736,1.1418131589889526,1.1415525674819946,1.1415525674819946
1783709100000,1.1416828632354736,1.1419435739517212,1.1416828632354736,1.1419435739517212
1783710000000,1.1419435739517212,1.1419435739517212,1.1418131589889526,1.1419435739517212
1783710900000,1.1418131589889526,1.1419435739517212,1.1418131589889526,1.1419435739517212
1783711800000,1.1419435739517212,1.1419435739517212,1.1418131589889526,1.1418131589889526
1783712700000,1.1418131589889526,1.1419435739517212,1.1416828632354736,1.1419435739517212
1783713600000,1.1419435739517212,1.1422044038772583,1.1418131589889526,1.1419435739517212
1783714500000,1.1419435739517212,1.1420739889144897,1.1416828632354736,1.1416828632354736
1783715400000,1.1416828632354736,1.1416828632354736,1.1415525674819946,1.1416828632354736
1783716300000,1.1416828632354736,1.1418131589889526,1.1416828632354736,1.1416828632354736
1783717200000,1.1419435739517212,1.1419435739517212,1.1419435739517212,1.1419435739517212
1783718100000,1.1419435739517212,1.1419435739517212,1.1419435739517212,1.1419435739517212
1783897200000,1.1397310495376587,1.1398608684539795,1.1397310495376587,1.1398608684539795
1783898100000,1.1399909257888794,1.1402509212493896,1.1399909257888794,1.1401208639144897
1783899000000,1.1401208639144897,1.1402509212493896,1.1399909257888794,1.1402509212493896
1783899900000,1.1402509212493896,1.1406410932540894,1.1402509212493896,1.1406410932540894
1783900800000,1.1407711505889893,1.1407711505889893,1.140380859375,1.140380859375
1783901700000,1.140380859375,1.1406410932540894,1.1401208639144897,1.1405109167099
1783902600000,1.1405109167099,1.1406410932540894,1.1398608684539795,1.1398608684539795
1783903500000,1.1399909257888794,1.1401208639144897,1.1398608684539795,1.1398608684539795
1783904400000,1.1398608684539795,1.1398608684539795,1.1393414735794067,1.1394712924957275
1783905300000,1.1394712924957275,1.1396011114120483,1.1389521360397339,1.1390818357467651
1783906200000,1.139211654663086,1.1398608684539795,1.139211654663086,1.1398608684539795
1783907100000,1.1398608684539795,1.1399909257888794,1.1397310495376587,1.1399909257888794
1783908000000,1.1401208639144897,1.1401208639144897,1.1397310495376587,1.1398608684539795
1783908900000,1.1397310495376587,1.1399909257888794,1.1397310495376587,1.1397310495376587
1783909800000,1.1398608684539795,1.1402509212493896,1.1398608684539795,1.1402509212493896
1783910700000,1.1402509212493896,1.1402509212493896,1.1398608684539795,1.1398608684539795
1783911600000,1.1398608684539795,1.1398608684539795,1.1394712924957275,1.1394712924957275
1783912500000,1.1396011114120483,1.1398608684539795,1.1396011114120483,1.1397310495376587
1783913400000,1.1398608684539795,1.1399909257888794,1.1398608684539795,1.1399909257888794
1783914300000,1.1399909257888794,1.1401208639144897,1.1398608684539795,1.1401208639144897
1783915200000,1.1402509212493896,1.1402509212493896,1.1399909257888794,1.1401208639144897
1783916100000,1.1402509212493896,1.1402509212493896,1.1401208639144897,1.1402509212493896
1783917000000,1.1405109167099,1.1406410932540894,1.140380859375,1.140380859375
1783917900000,1.140380859375,1.1407711505889893,1.140380859375,1.1407711505889893
1783918800000,1.1407711505889893,1.1411616802215576,1.1407711505889893,1.1411616802215576
1783919700000,1.1411616802215576,1.1411616802215576,1.1405109167099,1.1405109167099
1783920600000,1.1405109167099,1.1406410932540894,1.140380859375,1.1405109167099
1783921500000,1.140380859375,1.1407711505889893,1.1401208639144897,1.1401208639144897
1783922400000,1.1402509212493896,1.1402509212493896,1.1399909257888794,1.1399909257888794
1783923300000,1.1399909257888794,1.1405109167099,1.1399909257888794,1.1405109167099
1783924200000,1.1406410932540894,1.1410315036773682,1.1406410932540894,1.1409013271331787
1783925100000,1.1407711505889893,1.1410315036773682,1.140380859375,1.140380859375
1783926000000,1.1405109167099,1.141291856765747,1.1405109167099,1.1410315036773682
1783926900000,1.1411616802215576,1.1411616802215576,1.1410315036773682,1.1411616802215576
1783927800000,1.1411616802215576,1.1424654722213745,1.1410315036773682,1.1420739889144897
1783928700000,1.1419435739517212,1.1428571939468384,1.1419435739517212,1.1427265405654907
1783929600000,1.1427265405654907,1.1445575952529907,1.1427265405654907,1.1442956924438477
1783930500000,1.144426703453064,1.1449507474899292,1.144164800643921,1.144164800643921
1783931400000,1.144164800643921,1.144426703453064,1.1439030170440674,1.1442956924438477
1783932300000,1.1442956924438477,1.1442956924438477,1.1439030170440674,1.1439030170440674
1783933200000,1.1439030170440674,1.1440337896347046,1.1435105800628662,1.1435105800628662
1783934100000,1.1435105800628662,1.1436413526535034,1.1432491540908813,1.1435105800628662
1783935000000,1.1435105800628662,1.1436413526535034,1.1431183815002441,1.1432491540908813
1783935900000,1.1432491540908813,1.143379807472229,1.1431183815002441,1.143379807472229
1783936800000,1.1435105800628662,1.1437721252441406,1.143379807472229,1.1435105800628662
1783937700000,1.1435105800628662,1.1435105800628662,1.1432491540908813,1.1432491540908813
1783938600000,1.1432491540908813,1.143379807472229,1.142987847328186,1.143379807472229
1783939500000,1.1432491540908813,1.1439030170440674,1.1432491540908813,1.1439030170440674
1783940400000,1.1439030170440674,1.1440337896347046,1.1432491540908813,1.1432491540908813
1783941300000,1.143379807472229,1.143379807472229,1.1428571939468384,1.1432491540908813
1783942200000,1.1432491540908813,1.143379807472229,1.1431183815002441,1.1432491540908813
1783943100000,1.1432491540908813,1.143379807472229,1.1431183815002441,1.1431183815002441
1783944000000,1.1431183815002441,1.1432491540908813,1.1424654722213745,1.1425960063934326
1783944900000,1.1425960063934326,1.1428571939468384,1.1424654722213745,1.1427265405654907
1783945800000,1.1427265405654907,1.1432491540908813,1.1427265405654907,1.142987847328186
1783946700000,1.1428571939468384,1.1432491540908813,1.1427265405654907,1.1432491540908813
1783947600000,1.1435105800628662,1.1435105800628662,1.142987847328186,1.142987847328186
1783948500000,1.142987847328186,1.142987847328186,1.1427265405654907,1.1428571939468384
1783949400000,1.1427265405654907,1.1431183815002441,1.1423349380493164,1.1424654722213745
1783950300000,1.1423349380493164,1.1424654722213745,1.1418131589889526,1.1418131589889526
1783951200000,1.1418131589889526,1.1418131589889526,1.141422152519226,1.1416828632354736
1783952100000,1.1416828632354736,1.1416828632354736,1.1406410932540894,1.1410315036773682
1783953000000,1.1411616802215576,1.1411616802215576,1.1402509212493896,1.1405109167099
1783953900000,1.1406410932540894,1.1409013271331787,1.1401208639144897,1.1406410932540894
1783954800000,1.1409013271331787,1.1409013271331787,1.1401208639144897,1.1401208639144897
1783955700000,1.1401208639144897,1.1405109167099,1.1399909257888794,1.1402509212493896
1783956600000,1.1402509212493896,1.140380859375,1.1399909257888794,1.1402509212493896
1783957500000,1.140380859375,1.1406410932540894,1.1401208639144897,1.1406410932540894
1783958400000,1.1405109167099,1.1405109167099,1.140380859375,1.140380859375
1783959300000,1.1405109167099,1.1405109167099,1.1396011114120483,1.1396011114120483
1783960200000,1.1393414735794067,1.1393414735794067,1.1386927366256714,1.139211654663086
1783961100000,1.1393414735794067,1.1393414735794067,1.1388224363327026,1.1390818357467651
1783962000000,1.139211654663086,1.1393414735794067,1.1389521360397339,1.1390818357467651
1783962900000,1.1390818357467651,1.139211654663086,1.1389521360397339,1.1390818357467651
1783963800000,1.1390818357467651,1.139211654663086,1.1389521360397339,1.139211654663086
1783964700000,1.139211654663086,1.1393414735794067,1.1389521360397339,1.1389521360397339
1783965600000,1.1389521360397339,1.139211654663086,1.1388224363327026,1.1390818357467651
1783966500000,1.1389521360397339,1.1390818357467651,1.1389521360397339,1.1389521360397339
1783967400000,1.1389521360397339,1.139211654663086,1.1389521360397339,1.1390818357467651
1783968300000,1.1390818357467651,1.1390818357467651,1.1389521360397339,1.1389521360397339
1783969200000,1.1390818357467651,1.1390818357467651,1.1385631561279297,1.1385631561279297
1783970100000,1.1385631561279297,1.1386927366256714,1.1385631561279297,1.1386927366256714
1783971000000,1.1386927366256714,1.1388224363327026,1.1385631561279297,1.1386927366256714
1783971900000,1.1386927366256714,1.1386927366256714,1.1385631561279297,1.1385631561279297
1783972800000,1.1386927366256714,1.1388224363327026,1.1383039951324463,1.1383039951324463
1783973700000,1.1383039951324463,1.1383039951324463,1.1381744146347046,1.1381744146347046
1783974600000,1.1383039951324463,1.1383039951324463,1.1381744146347046,1.1383039951324463
1783975500000,1.1383039951324463,1.1384334564208984,1.1381744146347046,1.1384334564208984
1783976400000,1.1393414735794067,1.1393414735794067,1.1381744146347046,1.1385631561279297
1783977300000,1.1385631561279297,1.1390818357467651,1.1385631561279297,1.1385631561279297
1783978200000,1.1386927366256714,1.1390818357467651,1.1385631561279297,1.1385631561279297
1783979100000,1.1386927366256714,1.1389521360397339,1.1384334564208984,1.1384334564208984
1783980000000,1.1385631561279297,1.1386927366256714,1.1384334564208984,1.1385631561279297
1783980900000,1.1386927366256714,1.1386927366256714,1.1386927366256714,1.1386927366256714
1783981800000,1.1386927366256714,1.1388224363327026,1.1386927366256714,1.1388224363327026
1783982700000,1.1388224363327026,1.1388224363327026,1.1384334564208984,1.1384334564208984
1783983600000,1.1384334564208984,1.1385631561279297,1.1384334564208984,1.1385631561279297
1783984500000,1.1384334564208984,1.1385631561279297,1.1383039951324463,1.1384334564208984
1783985400000,1.1384334564208984,1.1386927366256714,1.1384334564208984,1.1385631561279297
1783986300000,1.1386927366256714,1.1386927366256714,1.1385631561279297,1.1385631561279297
1783987200000,1.1386927366256714,1.1388224363327026,1.1385631561279297,1.1388224363327026
1783988100000,1.1388224363327026,1.1388224363327026,1.1381744146347046,1.1383039951324463
1783989000000,1.1383039951324463,1.1388224363327026,1.1383039951324463,1.1388224363327026
1783989900000,1.1389521360397339,1.139211654663086,1.1389521360397339,1.1389521360397339
1783990800000,1.1388224363327026,1.1390818357467651,1.1388224363327026,1.1389521360397339
1783991700000,1.1390818357467651,1.139211654663086,1.1388224363327026,1.1388224363327026
1783992600000,1.1388224363327026,1.1390818357467651,1.1388224363327026,1.1390818357467651
1783993500000,1.1390818357467651,1.1393414735794067,1.1389521360397339,1.139211654663086
1783994400000,1.139211654663086,1.1393414735794067,1.139211654663086,1.1393414735794067
1783995300000,1.1393414735794067,1.1397310495376587,1.1393414735794067,1.1397310495376587
1783996200000,1.1397310495376587,1.1397310495376587,1.1396011114120483,1.1396011114120483
1783997100000,1.1396011114120483,1.1396011114120483,1.1394712924957275,1.1394712924957275
1783998000000,1.1394712924957275,1.1396011114120483,1.139211654663086,1.1394712924957275
1783998900000,1.1394712924957275,1.1396011114120483,1.139211654663086,1.1396011114120483
1783999800000,1.1396011114120483,1.1398608684539795,1.1396011114120483,1.1397310495376587
1784000700000,1.1397310495376587,1.1398608684539795,1.1397310495376587,1.1397310495376587
1784001600000,1.1397310495376587,1.1397310495376587,1.1394712924957275,1.1396011114120483
1784002500000,1.1396011114120483,1.1397310495376587,1.1396011114120483,1.1397310495376587
1784003400000,1.1396011114120483,1.1397310495376587,1.1394712924957275,1.1394712924957275
1784004300000,1.1396011114120483,1.1396011114120483,1.1390818357467651,1.1393414735794067
1784005200000,1.1394712924957275,1.1396011114120483,1.1394712924957275,1.1396011114120483
1784006100000,1.1396011114120483,1.1397310495376587,1.1396011114120483,1.1397310495376587
1784007000000,1.1397310495376587,1.1398608684539795,1.1396011114120483,1.1397310495376587
1784007900000,1.1397310495376587,1.1397310495376587,1.1394712924957275,1.1394712924957275
1784008800000,1.1394712924957275,1.1394712924957275,1.139211654663086,1.139211654663086
1784009700000,1.139211654663086,1.139211654663086,1.1389521360397339,1.1389521360397339
1784010600000,1.1390818357467651,1.1397310495376587,1.1390818357467651,1.139211654663086
1784011500000,1.1390818357467651,1.1390818357467651,1.1388224363327026,1.1389521360397339
1784012400000,1.1388224363327026,1.139211654663086,1.1388224363327026,1.1390818357467651
1784013300000,1.1389521360397339,1.1397310495376587,1.1389521360397339,1.1397310495376587
1784014200000,1.1396011114120483,1.1396011114120483,1.1393414735794067,1.1393414735794067
1784015100000,1.1396011114120483,1.1399909257888794,1.1396011114120483,1.1398608684539795
1784016000000,1.1398608684539795,1.1401208639144897,1.1397310495376587,1.1401208639144897
1784016900000,1.1399909257888794,1.1402509212493896,1.1399909257888794,1.1402509212493896
1784017800000,1.140380859375,1.1409013271331787,1.1401208639144897,1.1409013271331787
1784018700000,1.1409013271331787,1.1409013271331787,1.140380859375,1.140380859375
1784019600000,1.1402509212493896,1.1407711505889893,1.1402509212493896,1.1406410932540894
1784020500000,1.1406410932540894,1.1406410932540894,1.1401208639144897,1.1402509212493896
1784021400000,1.1401208639144897,1.1401208639144897,1.1398608684539795,1.1398608684539795
1784022300000,1.1398608684539795,1.1406410932540894,1.1398608684539795,1.140380859375
1784023200000,1.140380859375,1.1405109167099,1.1401208639144897,1.1401208639144897
1784024100000,1.1401208639144897,1.1402509212493896,1.1397310495376587,1.1398608684539795
1784025000000,1.1398608684539795,1.1399909257888794,1.1397310495376587,1.1397310495376587
1784025900000,1.1398608684539795,1.1398608684539795,1.1394712924957275,1.1394712924957275
1784026800000,1.1394712924957275,1.1401208639144897,1.1393414735794067,1.1396011114120483
1784027700000,1.1397310495376587,1.1399909257888794,1.1396011114120483,1.1398608684539795
1784028600000,1.1399909257888794,1.1407711505889893,1.1398608684539795,1.1407711505889893
1784029500000,1.1405109167099,1.1411616802215576,1.1405109167099,1.1410315036773682
1784030400000,1.1409013271331787,1.1410315036773682,1.1407711505889893,1.1409013271331787
1784031300000,1.1409013271331787,1.1418131589889526,1.1407711505889893,1.1418131589889526
1784032200000,1.1449507474899292,1.1462632417678833,1.1442956924438477,1.1461317539215088
1784033100000,1.1460003852844238,1.1461317539215088,1.144688606262207,1.144688606262207
1784034000000,1.144819736480713,1.145737886428833,1.144819736480713,1.144819736480713
1784034900000,1.144819736480713,1.1454753875732422,1.144819736480713,1.1453442573547363
1784035800000,1.1453442573547363,1.1456066370010376,1.145081877708435,1.1456066370010376
1784036700000,1.1456066370010376,1.145737886428833,1.145213007926941,1.1456066370010376
1784037600000,1.1453442573547363,1.1461317539215088,1.1453442573547363,1.1458691358566284
1784038500000,1.1458691358566284,1.1458691358566284,1.144819736480713,1.1449507474899292
1784039400000,1.144688606262207,1.1453442573547363,1.1445575952529907,1.1449507474899292
1784040300000,1.145213007926941,1.1453442573547363,1.144426703453064,1.144819736480713
1784041200000,1.144819736480713,1.1454753875732422,1.144688606262207,1.145213007926941
1784042100000,1.145213007926941,1.145213007926941,1.144426703453064,1.144426703453064
1784043000000,1.144426703453064,1.1445575952529907,1.1436413526535034,1.1436413526535034
1784043900000,1.1436413526535034,1.1439030170440674,1.142987847328186,1.142987847328186
1784044800000,1.1431183815002441,1.1431183815002441,1.1428571939468384,1.1431183815002441
1784045700000,1.1431183815002441,1.143379807472229,1.142987847328186,1.1432491540908813
1784046600000,1.143379807472229,1.1437721252441406,1.143379807472229,1.1436413526535034
1784047500000,1.1435105800628662,1.1436413526535034,1.143379807472229,1.1436413526535034
1784048400000,1.1435105800628662,1.1436413526535034,1.1428571939468384,1.1428571939468384
1784049300000,1.1425960063934326,1.142987847328186,1.1423349380493164,1.1428571939468384
1784050200000,1.1428571939468384,1.142987847328186,1.1427265405654907,1.1428571939468384
1784051100000,1.142987847328186,1.1431183815002441,1.1425960063934326,1.1425960063934326
1784052000000,1.1427265405654907,1.1428571939468384,1.1425960063934326,1.1427265405654907
1784052900000,1.1427265405654907,1.1428571939468384,1.1424654722213745,1.1424654722213745
1784053800000,1.1424654722213745,1.1425960063934326,1.1420739889144897,1.1420739889144897
1784054700000,1.1422044038772583,1.1425960063934326,1.1422044038772583,1.1425960063934326
1784055600000,1.1427265405654907,1.1428571939468384,1.1425960063934326,1.1428571939468384
1784056500000,1.1428571939468384,1.1428571939468384,1.1427265405654907,1.1428571939468384
1784057400000,1.1427265405654907,1.1427265405654907,1.1425960063934326,1.1425960063934326
1784058300000,1.1425960063934326,1.1427265405654907,1.1424654722213745,1.1424654722213745
1784059200000,1.1423349380493164,1.1425960063934326,1.1422044038772583,1.1424654722213745
1784060100000,1.1423349380493164,1.1424654722213745,1.1423349380493164,1.1423349380493164
1784061000000,1.1422044038772583,1.1424654722213745,1.1422044038772583,1.1423349380493164
1784061900000,1.1423349380493164,1.1424654722213745,1.1423349380493164,1.1423349380493164
1784062800000,1.1424654722213745,1.1431183815002441,1.1424654722213745,1.1428571939468384
1784063700000,1.1428571939468384,1.142987847328186,1.1423349380493164,1.1428571939468384
1784064600000,1.1427265405654907,1.1428571939468384,1.1424654722213745,1.1425960063934326
1784065500000,1.1423349380493164,1.1427265405654907,1.1422044038772583,1.1425960063934326
1784066400000,1.1424654722213745,1.1424654722213745,1.1420739889144897,1.1422044038772583
1784067300000,1.1422044038772583,1.1423349380493164,1.1422044038772583,1.1423349380493164
1784068200000,1.1423349380493164,1.1424654722213745,1.1423349380493164,1.1424654722213745
1784069100000,1.1424654722213745,1.1424654722213745,1.1422044038772583,1.1424654722213745
1784070000000,1.1423349380493164,1.1425960063934326,1.1423349380493164,1.1424654722213745
1784070900000,1.1424654722213745,1.1425960063934326,1.1424654722213745,1.1425960063934326
1784071800000,1.1425960063934326,1.1427265405654907,1.1424654722213745,1.1427265405654907
1784072700000,1.1427265405654907,1.1428571939468384,1.1427265405654907,1.1427265405654907
1784073600000,1.1427265405654907,1.142987847328186,1.1427265405654907,1.1428571939468384
1784074500000,1.142987847328186,1.1432491540908813,1.1428571939468384,1.1432491540908813
1784075400000,1.143379807472229,1.143379807472229,1.142987847328186,1.142987847328186
1784076300000,1.142987847328186,1.1437721252441406,1.142987847328186,1.1437721252441406
1784077200000,1.1437721252441406,1.1439030170440674,1.1435105800628662,1.1439030170440674
1784078100000,1.1439030170440674,1.1440337896347046,1.1439030170440674,1.1439030170440674
1784079000000,1.1439030170440674,1.1440337896347046,1.1436413526535034,1.1436413526535034
1784079900000,1.1437721252441406,1.1439030170440674,1.1436413526535034,1.1439030170440674
1784080800000,1.1439030170440674,1.1442956924438477,1.1437721252441406,1.1440337896347046
1784081700000,1.1439030170440674,1.1439030170440674,1.1436413526535034,1.1437721252441406
1784082600000,1.1439030170440674,1.144426703453064,1.1439030170440674,1.144426703453064
1784083500000,1.144426703453064,1.144426703453064,1.1442956924438477,1.144426703453064
1784084400000,1.1442956924438477,1.1445575952529907,1.144164800643921,1.144164800643921
1784085300000,1.1440337896347046,1.1440337896347046,1.1437721252441406,1.1437721252441406
1784086200000,1.1437721252441406,1.1440337896347046,1.1437721252441406,1.1437721252441406
1784087100000,1.1437721252441406,1.144164800643921,1.1437721252441406,1.144164800643921
1784088000000,1.144164800643921,1.144164800643921,1.1440337896347046,1.1440337896347046
1784088900000,1.1440337896347046,1.1442956924438477,1.1440337896347046,1.1442956924438477
1784089800000,1.144164800643921,1.144426703453064,1.1440337896347046,1.144164800643921
1784090700000,1.144164800643921,1.1442956924438477,1.1440337896347046,1.1440337896347046
1784091600000,1.1440337896347046,1.1440337896347046,1.1439030170440674,1.1440337896347046
1784092500000,1.1440337896347046,1.144164800643921,1.1440337896347046,1.1440337896347046
1784093400000,1.1440337896347046,1.144426703453064,1.1440337896347046,1.144426703453064
1784094300000,1.144426703453064,1.144688606262207,1.144426703453064,1.144426703453064
1784095200000,1.144426703453064,1.1445575952529907,1.1442956924438477,1.1442956924438477
1784096100000,1.1442956924438477,1.144688606262207,1.1442956924438477,1.1445575952529907
1784097000000,1.1445575952529907,1.1445575952529907,1.144164800643921,1.144164800643921
1784097900000,1.144164800643921,1.144164800643921,1.1432491540908813,1.1432491540908813
1784098800000,1.1432491540908813,1.1435105800628662,1.142987847328186,1.143379807472229
1784099700000,1.143379807472229,1.143379807472229,1.1423349380493164,1.1423349380493164
1784100600000,1.1425960063934326,1.1427265405654907,1.1425960063934326,1.1425960063934326
1784101500000,1.1425960063934326,1.1428571939468384,1.1425960063934326,1.1425960063934326
1784102400000,1.1427265405654907,1.1431183815002441,1.1425960063934326,1.1425960063934326
1784103300000,1.1425960063934326,1.1428571939468384,1.1425960063934326,1.1427265405654907
1784104200000,1.1428571939468384,1.142987847328186,1.1427265405654907,1.1427265405654907
1784105100000,1.1428571939468384,1.1428571939468384,1.1424654722213745,1.1427265405654907
1784106000000,1.1427265405654907,1.1428571939468384,1.1424654722213745,1.1428571939468384
1784106900000,1.1427265405654907,1.1428571939468384,1.1425960063934326,1.1425960063934326
1784107800000,1.1425960063934326,1.1425960063934326,1.1422044038772583,1.1424654722213745
1784108700000,1.1424654722213745,1.1424654722213745,1.1420739889144897,1.1420739889144897
1784109600000,1.1420739889144897,1.1422044038772583,1.1416828632354736,1.1418131589889526
1784110500000,1.1418131589889526,1.1420739889144897,1.1415525674819946,1.1416828632354736
1784111400000,1.1416828632354736,1.1418131589889526,1.141422152519226,1.141422152519226
1784112300000,1.1415525674819946,1.1418131589889526,1.1415525674819946,1.1415525674819946
1784113200000,1.1419435739517212,1.1422044038772583,1.1419435739517212,1.1420739889144897
1784114100000,1.1420739889144897,1.1420739889144897,1.1419435739517212,1.1419435739517212
1784115000000,1.1419435739517212,1.1422044038772583,1.1419435739517212,1.1419435739517212
1784115900000,1.1418131589889526,1.1418131589889526,1.141422152519226,1.1416828632354736
1784116800000,1.1416828632354736,1.1418131589889526,1.1410315036773682,1.1411616802215576
1784117700000,1.141291856765747,1.1416828632354736,1.1411616802215576,1.1415525674819946
1784118600000,1.1420739889144897,1.1428571939468384,1.1420739889144897,1.1428571939468384
1784119500000,1.1428571939468384,1.1432491540908813,1.1428571939468384,1.1432491540908813
1784120400000,1.1431183815002441,1.1436413526535034,1.1431183815002441,1.1431183815002441
1784121300000,1.1431183815002441,1.1435105800628662,1.1427265405654907,1.1428571939468384
1784122200000,1.1427265405654907,1.1431183815002441,1.1427265405654907,1.142987847328186
1784123100000,1.142987847328186,1.1437721252441406,1.142987847328186,1.1436413526535034
1784124000000,1.1435105800628662,1.1437721252441406,1.143379807472229,1.1435105800628662
1784124900000,1.1436413526535034,1.1439030170440674,1.143379807472229,1.1435105800628662
1784125800000,1.1436413526535034,1.1440337896347046,1.1436413526535034,1.1440337896347046
1784126700000,1.1442956924438477,1.144426703453064,1.1437721252441406,1.1439030170440674
1784127600000,1.1440337896347046,1.144426703453064,1.1440337896347046,1.144164800643921
1784128500000,1.1439030170440674,1.1442956924438477,1.1437721252441406,1.144164800643921
1784129400000,1.1442956924438477,1.1442956924438477,1.1435105800628662,1.1437721252441406
1784130300000,1.1437721252441406,1.1440337896347046,1.1435105800628662,1.1439030170440674
1784131200000,1.1439030170440674,1.1439030170440674,1.143379807472229,1.1437721252441406
1784132100000,1.1437721252441406,1.1442956924438477,1.1437721252441406,1.1442956924438477
1784133000000,1.144164800643921,1.144164800643921,1.1437721252441406,1.1437721252441406
1784133900000,1.1439030170440674,1.1445575952529907,1.1437721252441406,1.1445575952529907
1784134800000,1.1445575952529907,1.1453442573547363,1.1445575952529907,1.145213007926941
1784135700000,1.145213007926941,1.1458691358566284,1.145213007926941,1.1458691358566284
1784136600000,1.1460003852844238,1.147315263748169,1.1460003852844238,1.147315263748169
1784137500000,1.1471836566925049,1.1477103233337402,1.1471836566925049,1.1477103233337402
1784138400000,1.1477103233337402,1.1479737758636475,1.1475785970687866,1.1475785970687866
1784139300000,1.1475785970687866,1.1481056213378906,1.1475785970687866,1.1481056213378906
1784140200000,1.1482374668121338,1.148369312286377,1.1478420495986938,1.1478420495986938
1784141100000,1.1475785970687866,1.1477103233337402,1.1471836566925049,1.1471836566925049
1784142000000,1.1469204425811768,1.1477103233337402,1.1469204425811768,1.1477103233337402
1784142900000,1.1477103233337402,1.1477103233337402,1.147446870803833,1.1477103233337402
1784143800000,1.1475785970687866,1.1475785970687866,1.1466574668884277,1.1466574668884277
1784144700000,1.1466574668884277,1.1467890739440918,1.1465259790420532,1.1467890739440918
1784145600000,1.1467890739440918,1.1467890739440918,1.1463946104049683,1.1463946104049683
1784146500000,1.1465259790420532,1.1466574668884277,1.1465259790420532,1.1466574668884277
1784147400000,1.1467890739440918,1.1467890739440918,1.1465259790420532,1.1465259790420532
1784148300000,1.1466574668884277,1.1467890739440918,1.1466574668884277,1.1466574668884277
1784149200000,1.1467890739440918,1.147315263748169,1.1463946104049683,1.1469204425811768
1784150100000,1.1469204425811768,1.1470520496368408,1.1466574668884277,1.1469204425811768
1784151000000,1.1469204425811768,1.1470520496368408,1.1466574668884277,1.1467890739440918
1784151900000,1.1469204425811768,1.1471836566925049,1.1466574668884277,1.1467890739440918
1784152800000,1.1469204425811768,1.1470520496368408,1.1469204425811768,1.1470520496368408
1784153700000,1.1470520496368408,1.1470520496368408,1.1469204425811768,1.1470520496368408
1784154600000,1.1470520496368408,1.1471836566925049,1.1470520496368408,1.1470520496368408
1784155500000,1.1470520496368408,1.1470520496368408,1.1469204425811768,1.1469204425811768
1784156400000,1.1471836566925049,1.1471836566925049,1.1470520496368408,1.1471836566925049
1784157300000,1.1471836566925049,1.147315263748169,1.1471836566925049,1.147315263748169
1784158200000,1.147315263748169,1.147315263748169,1.1471836566925049,1.147315263748169
1784159100000,1.147446870803833,1.147446870803833,1.147315263748169,1.147315263748169
1784160000000,1.147315263748169,1.1477103233337402,1.147315263748169,1.1477103233337402
1784160900000,1.1477103233337402,1.1477103233337402,1.147315263748169,1.1475785970687866
1784161800000,1.147446870803833,1.1475785970687866,1.1471836566925049,1.147315263748169
1784162700000,1.147315263748169,1.1477103233337402,1.1470520496368408,1.1477103233337402
1784163600000,1.1477103233337402,1.1477103233337402,1.147446870803833,1.1475785970687866
1784164500000,1.1475785970687866,1.1475785970687866,1.1471836566925049,1.147446870803833
1784165400000,1.147315263748169,1.147315263748169,1.1469204425811768,1.1470520496368408
1784166300000,1.1470520496368408,1.1470520496368408,1.1467890739440918,1.1469204425811768
1784167200000,1.1469204425811768,1.1469204425811768,1.1463946104049683,1.1463946104049683
1784168100000,1.1463946104049683,1.1467890739440918,1.1463946104049683,1.1466574668884277
1784169000000,1.1467890739440918,1.1467890739440918,1.1465259790420532,1.1466574668884277
1784169900000,1.1466574668884277,1.1467890739440918,1.1465259790420532,1.1467890739440918
1784170800000,1.1467890739440918,1.1470520496368408,1.1466574668884277,1.1467890739440918
1784171700000,1.1469204425811768,1.1471836566925049,1.1469204425811768,1.1471836566925049
1784172600000,1.1471836566925049,1.1471836566925049,1.1470520496368408,1.1470520496368408
1784173500000,1.1470520496368408,1.1470520496368408,1.1469204425811768,1.1469204425811768
1784174400000,1.1469204425811768,1.1469204425811768,1.1467890739440918,1.1467890739440918
1784175300000,1.1467890739440918,1.1467890739440918,1.1466574668884277,1.1466574668884277
1784176200000,1.1466574668884277,1.1470520496368408,1.1466574668884277,1.1469204425811768
1784177100000,1.1469204425811768,1.1469204425811768,1.1469204425811768,1.1469204425811768
1784178000000,1.1469204425811768,1.1470520496368408,1.1469204425811768,1.1470520496368408
1784178900000,1.1470520496368408,1.1471836566925049,1.1470520496368408,1.1470520496368408
1784179800000,1.1470520496368408,1.1471836566925049,1.1470520496368408,1.1470520496368408
1784180700000,1.1470520496368408,1.1470520496368408,1.1466574668884277,1.1466574668884277
1784181600000,1.1467890739440918,1.1471836566925049,1.1467890739440918,1.1471836566925049
1784182500000,1.1471836566925049,1.1471836566925049,1.1469204425811768,1.1471836566925049
1784183400000,1.1471836566925049,1.1471836566925049,1.1469204425811768,1.1469204425811768
1784184300000,1.1470520496368408,1.147446870803833,1.1469204425811768,1.1471836566925049
1784185200000,1.1471836566925049,1.1471836566925049,1.1470520496368408,1.1471836566925049
1784186100000,1.1471836566925049,1.1475785970687866,1.1471836566925049,1.1471836566925049
1784187000000,1.147315263748169,1.1475785970687866,1.1471836566925049,1.147446870803833
1784187900000,1.147446870803833,1.1479737758636475,1.1471836566925049,1.147315263748169
1784188800000,1.1471836566925049,1.147446870803833,1.1467890739440918,1.1467890739440918
1784189700000,1.1467890739440918,1.1470520496368408,1.1466574668884277,1.1467890739440918
1784190600000,1.1469204425811768,1.1471836566925049,1.1469204425811768,1.1471836566925049
1784191500000,1.1470520496368408,1.1470520496368408,1.1466574668884277,1.1469204425811768
1784192400000,1.1469204425811768,1.1469204425811768,1.1466574668884277,1.1467890739440918
1784193300000,1.1469204425811768,1.1470520496368408,1.1466574668884277,1.1466574668884277
1784194200000,1.1466574668884277,1.1467890739440918,1.1463946104049683,1.1466574668884277
1784195100000,1.1467890739440918,1.1470520496368408,1.1467890739440918,1.1469204425811768
1784196000000,1.1469204425811768,1.1469204425811768,1.1467890739440918,1.1469204425811768
1784196900000,1.1469204425811768,1.1471836566925049,1.1469204425811768,1.1469204425811768
1784197800000,1.1469204425811768,1.1469204425811768,1.1466574668884277,1.1467890739440918
1784198700000,1.1467890739440918,1.1469204425811768,1.1463946104049683,1.1463946104049683
1784199600000,1.1462632417678833,1.1465259790420532,1.1462632417678833,1.1463946104049683
1784200500000,1.1463946104049683,1.1466574668884277,1.1461317539215088,1.1462632417678833
1784201400000,1.1463946104049683,1.1469204425811768,1.1463946104049683,1.1469204425811768
1784202300000,1.1467890739440918,1.1471836566925049,1.1465259790420532,1.1471836566925049
1784203200000,1.1471836566925049,1.147315263748169,1.1467890739440918,1.1467890739440918
1784204100000,1.1467890739440918,1.1467890739440918,1.1465259790420532,1.1466574668884277
1784205000000,1.1466574668884277,1.1467890739440918,1.145737886428833,1.145737886428833
1784205900000,1.1456066370010376,1.1458691358566284,1.145081877708435,1.145081877708435
1784206800000,1.145081877708435,1.1456066370010376,1.1449507474899292,1.1456066370010376
1784207700000,1.1456066370010376,1.1461317539215088,1.1453442573547363,1.1461317539215088
1784208600000,1.1462632417678833,1.1462632417678833,1.1458691358566284,1.1458691358566284
1784209500000,1.1456066370010376,1.1458691358566284,1.1454753875732422,1.1454753875732422
1784210400000,1.1453442573547363,1.145737886428833,1.1449507474899292,1.145081877708435
1784211300000,1.145081877708435,1.1454753875732422,1.145081877708435,1.1453442573547363
1784212200000,1.1453442573547363,1.1454753875732422,1.144688606262207,1.144688606262207
1784213100000,1.1449507474899292,1.1449507474899292,1.1442956924438477,1.144688606262207
1784214000000,1.1445575952529907,1.1445575952529907,1.1440337896347046,1.144426703453064
1784214900000,1.1445575952529907,1.1445575952529907,1.144426703453064,1.144426703453064
1784215800000,1.1442956924438477,1.1449507474899292,1.1442956924438477,1.1449507474899292
1784216700000,1.145081877708435,1.145213007926941,1.1449507474899292,1.1449507474899292
1784217600000,1.145081877708435,1.145081877708435,1.144426703453064,1.1445575952529907
1784218500000,1.1445575952529907,1.144688606262207,1.1439030170440674,1.1439030170440674
1784219400000,1.1440337896347046,1.144164800643921,1.1437721252441406,1.1439030170440674
1784220300000,1.1440337896347046,1.1440337896347046,1.1437721252441406,1.1437721252441406
1784221200000,1.1437721252441406,1.1437721252441406,1.1435105800628662,1.1435105800628662
1784222100000,1.1435105800628662,1.1437721252441406,1.1435105800628662,1.1437721252441406
1784223000000,1.1437721252441406,1.1439030170440674,1.1435105800628662,1.1437721252441406
1784223900000,1.1437721252441406,1.144164800643921,1.1437721252441406,1.1440337896347046
1784224800000,1.1440337896347046,1.144164800643921,1.1437721252441406,1.144164800643921
1784225700000,1.1440337896347046,1.144164800643921,1.1440337896347046,1.1440337896347046
1784226600000,1.1440337896347046,1.1440337896347046,1.1439030170440674,1.1440337896347046
1784227500000,1.1440337896347046,1.144164800643921,1.1440337896347046,1.144164800643921
1784228400000,1.144164800643921,1.1442956924438477,1.144164800643921,1.144164800643921
1784229300000,1.144164800643921,1.144164800643921,1.1437721252441406,1.1439030170440674
1784230200000,1.1437721252441406,1.144164800643921,1.1437721252441406,1.144164800643921
1784231100000,1.1440337896347046,1.144426703453064,1.1440337896347046,1.144426703453064
1784232000000,1.1442956924438477,1.1445575952529907,1.1442956924438477,1.1442956924438477
1784232900000,1.144426703453064,1.144426703453064,1.144164800643921,1.1442956924438477
1784233800000,1.1442956924438477,1.144688606262207,1.1442956924438477,1.144688606262207
1784234700000,1.1445575952529907,1.144819736480713,1.1445575952529907,1.144819736480713
1784235600000,1.144426703453064,1.144819736480713,1.1442956924438477,1.1445575952529907
1784236500000,1.1445575952529907,1.1445575952529907,1.1442956924438477,1.1442956924438477
1784237400000,1.1445575952529907,1.144688606262207,1.1442956924438477,1.1442956924438477
1784238300000,1.1445575952529907,1.144688606262207,1.144426703453064,1.1445575952529907
1784239200000,1.1445575952529907,1.144819736480713,1.1445575952529907,1.144819736480713
1784240100000,1.144819736480713,1.144819736480713,1.144688606262207,1.144688606262207
1784241000000,1.144688606262207,1.144688606262207,1.144688606262207,1.144688606262207
1784241900000,1.144688606262207,1.144688606262207,1.1445575952529907,1.144688606262207
1784242800000,1.144688606262207,1.144688606262207,1.1445575952529907,1.144688606262207
1784243700000,1.144819736480713,1.144819736480713,1.144688606262207,1.144819736480713
1784244600000,1.144819736480713,1.1449507474899292,1.144819736480713,1.1449507474899292
1784245500000,1.144819736480713,1.144819736480713,1.144688606262207,1.144819736480713
1784246400000,1.144819736480713,1.1449507474899292,1.144688606262207,1.144819736480713
1784247300000,1.144819736480713,1.1449507474899292,1.1445575952529907,1.1445575952529907
1784248200000,1.1445575952529907,1.144688606262207,1.144426703453064,1.1445575952529907
1784249100000,1.1445575952529907,1.1449507474899292,1.1445575952529907,1.1449507474899292
1784250000000,1.1449507474899292,1.145081877708435,1.144688606262207,1.144819736480713
1784250900000,1.144819736480713,1.1449507474899292,1.144819736480713,1.144819736480713
1784251800000,1.144688606262207,1.144688606262207,1.1445575952529907,1.144688606262207
1784252700000,1.144688606262207,1.144688606262207,1.144164800643921,1.144164800643921
1784253600000,1.1442956924438477,1.144426703453064,1.1442956924438477,1.144426703453064
1784254500000,1.144426703453064,1.144426703453064,1.1442956924438477,1.1442956924438477
1784255400000,1.1442956924438477,1.1442956924438477,1.1440337896347046,1.144164800643921
1784256300000,1.144164800643921,1.144164800643921,1.1440337896347046,1.1440337896347046
1784257200000,1.1440337896347046,1.1442956924438477,1.1440337896347046,1.144164800643921
1784258100000,1.144164800643921,1.1442956924438477,1.144164800643921,1.144164800643921
1784259000000,1.1442956924438477,1.1442956924438477,1.1439030170440674,1.1440337896347046
1784259900000,1.1439030170440674,1.1442956924438477,1.1439030170440674,1.1442956924438477
1784260800000,1.1442956924438477,1.1442956924438477,1.144164800643921,1.144164800643921
1784261700000,1.144164800643921,1.144164800643921,1.1440337896347046,1.1440337896347046
1784262600000,1.1440337896347046,1.144164800643921,1.1439030170440674,1.1440337896347046
1784263500000,1.1440337896347046,1.1440337896347046,1.1439030170440674,1.1439030170440674
1784264400000,1.1439030170440674,1.1440337896347046,1.1439030170440674,1.1440337896347046
1784265300000,1.1440337896347046,1.1440337896347046,1.1439030170440674,1.1440337896347046
1784266200000,1.1440337896347046,1.144688606262207,1.1440337896347046,1.1445575952529907
1784267100000,1.144426703453064,1.1445575952529907,1.1442956924438477,1.1442956924438477
1784268000000,1.1442956924438477,1.144819736480713,1.1442956924438477,1.144819736480713
1784268900000,1.1449507474899292,1.1453442573547363,1.1449507474899292,1.145213007926941
1784269800000,1.145213007926941,1.1453442573547363,1.145213007926941,1.1453442573547363
1784270700000,1.145213007926941,1.1454753875732422,1.145213007926941,1.1453442573547363
1784271600000,1.1453442573547363,1.1456066370010376,1.145081877708435,1.145081877708435
1784272500000,1.145213007926941,1.145213007926941,1.144688606262207,1.1449507474899292
1784273400000,1.145081877708435,1.145213007926941,1.144819736480713,1.1449507474899292
1784274300000,1.145081877708435,1.145213007926941,1.1449507474899292,1.1449507474899292
1784275200000,1.144819736480713,1.145081877708435,1.1445575952529907,1.1445575952529907
1784276100000,1.1442956924438477,1.1442956924438477,1.1440337896347046,1.1442956924438477
1784277000000,1.1442956924438477,1.144688606262207,1.1442956924438477,1.1445575952529907
1784277900000,1.1445575952529907,1.144688606262207,1.1442956924438477,1.1445575952529907
1784278800000,1.144426703453064,1.1445575952529907,1.1440337896347046,1.1440337896347046
1784279700000,1.144164800643921,1.1445575952529907,1.144164800643921,1.1445575952529907
1784280600000,1.1445575952529907,1.1445575952529907,1.1440337896347046,1.1440337896347046
1784281500000,1.144164800643921,1.144426703453064,1.1440337896347046,1.1442956924438477
1784282400000,1.1442956924438477,1.1442956924438477,1.1439030170440674,1.1442956924438477
1784283300000,1.1442956924438477,1.1442956924438477,1.1435105800628662,1.1435105800628662
1784284200000,1.1436413526535034,1.1436413526535034,1.143379807472229,1.1435105800628662
1784285100000,1.1436413526535034,1.1436413526535034,1.142987847328186,1.142987847328186
1784286000000,1.142987847328186,1.1432491540908813,1.1428571939468384,1.1432491540908813
1784286900000,1.1432491540908813,1.143379807472229,1.1431183815002441,1.143379807472229
1784287800000,1.143379807472229,1.1439030170440674,1.143379807472229,1.1436413526535034
1784288700000,1.1436413526535034,1.1437721252441406,1.1432491540908813,1.143379807472229
1784289600000,1.143379807472229,1.1439030170440674,1.143379807472229,1.1435105800628662
1784290500000,1.1436413526535034,1.1437721252441406,1.1435105800628662,1.1437721252441406
1784291400000,1.1436413526535034,1.1436413526535034,1.142987847328186,1.142987847328186
1784292300000,1.142987847328186,1.1432491540908813,1.142987847328186,1.1431183815002441
1784293200000,1.1432491540908813,1.1435105800628662,1.142987847328186,1.143379807472229
1784294100000,1.1432491540908813,1.1432491540908813,1.1428571939468384,1.142987847328186
1784295000000,1.1428571939468384,1.1435105800628662,1.1428571939468384,1.143379807472229
1784295900000,1.1435105800628662,1.1440337896347046,1.1435105800628662,1.1439030170440674
1784296800000,1.1439030170440674,1.1440337896347046,1.1436413526535034,1.1439030170440674
1784297700000,1.1440337896347046,1.144426703453064,1.1439030170440674,1.1439030170440674
1784298600000,1.1439030170440674,1.1445575952529907,1.1439030170440674,1.1445575952529907
1784299500000,1.144426703453064,1.144688606262207,1.144164800643921,1.1442956924438477
1784300400000,1.1442956924438477,1.1445575952529907,1.144164800643921,1.144164800643921
1784301300000,1.1442956924438477,1.144688606262207,1.1442956924438477,1.1445575952529907
1784302200000,1.144426703453064,1.1445575952529907,1.144164800643921,1.144164800643921
1784303100000,1.1440337896347046,1.144426703453064,1.1440337896347046,1.1442956924438477
1784304000000,1.1442956924438477,1.1442956924438477,1.1437721252441406,1.1442956924438477
1784304900000,1.1442956924438477,1.144426703453064,1.144164800643921,1.144426703453064
1784305800000,1.144426703453064,1.144426703453064,1.1442956924438477,1.1442956924438477
1784306700000,1.1442956924438477,1.1442956924438477,1.1440337896347046,1.144164800643921
1784307600000,1.144164800643921,1.144164800643921,1.1437721252441406,1.1437721252441406
1784308500000,1.1437721252441406,1.1439030170440674,1.1436413526535034,1.1439030170440674
1784309400000,1.1439030170440674,1.1439030170440674,1.1437721252441406,1.1437721252441406
1784310300000,1.1437721252441406,1.1437721252441406,1.1437721252441406,1.1437721252441406
1784311200000,1.1437721252441406,1.1439030170440674,1.1437721252441406,1.1437721252441406
1784312100000,1.1439030170440674,1.1440337896347046,1.1437721252441406,1.1440337896347046
1784313000000,1.1440337896347046,1.1440337896347046,1.1439030170440674,1.1439030170440674
1784313900000,1.1439030170440674,1.1440337896347046,1.1439030170440674,1.1440337896347046
1784314800000,1.1439030170440674,1.1440337896347046,1.1439030170440674,1.1439030170440674
1784315700000,1.1439030170440674,1.1440337896347046,1.1437721252441406,1.1440337896347046
1784316600000,1.1439030170440674,1.144164800643921,1.1437721252441406,1.144164800643921
1784317500000,1.144164800643921,1.144426703453064,1.144164800643921,1.144426703453064
1784318400000,1.144426703453064,1.1445575952529907,1.1442956924438477,1.1442956924438477
1784319300000,1.1442956924438477,1.1442956924438477,1.1439030170440674,1.1440337896347046
1784320200000,1.144164800643921,1.144164800643921,1.1440337896347046,1.1440337896347046
1784321100000,1.1440337896347046,1.144164800643921,1.1440337896347046,1.1440337896347046
1784322000000,1.1442956924438477,1.1445575952529907,1.1442956924438477,1.1445575952529907
1784322900000,1.1445575952529907,1.1445575952529907,1.1445575952529907,1.1445575952529907
1784502000000,1.142987847328186,1.142987847328186,1.1428571939468384,1.1428571939468384
1784502900000,1.1428571939468384,1.1428571939468384,1.1427265405654907,1.1428571939468384
1784503800000,1.1428571939468384,1.142987847328186,1.1428571939468384,1.142987847328186
1784504700000,1.142987847328186,1.1431183815002441,1.1428571939468384,1.142987847328186
1784505600000,1.142987847328186,1.143379807472229,1.142987847328186,1.1432491540908813
1784506500000,1.143379807472229,1.1436413526535034,1.143379807472229,1.1435105800628662
1784507400000,1.1435105800628662,1.1435105800628662,1.143379807472229,1.1435105800628662
1784508300000,1.1435105800628662,1.1436413526535034,1.1435105800628662,1.1436413526535034
1784509200000,1.1437721252441406,1.1439030170440674,1.1435105800628662,1.1435105800628662
1784510100000,1.1435105800628662,1.1437721252441406,1.1435105800628662,1.1437721252441406
1784511000000,1.1439030170440674,1.1439030170440674,1.1435105800628662,1.1435105800628662
1784511900000,1.1436413526535034,1.1439030170440674,1.1436413526535034,1.1439030170440674
1784512800000,1.1439030170440674,1.144164800643921,1.1439030170440674,1.1440337896347046
1784513700000,1.1439030170440674,1.144164800643921,1.1439030170440674,1.144164800643921
1784514600000,1.144164800643921,1.1445575952529907,1.144164800643921,1.1445575952529907
1784515500000,1.144426703453064,1.1445575952529907,1.1442956924438477,1.144426703453064
1784516400000,1.144426703453064,1.144426703453064,1.1442956924438477,1.144426703453064
1784517300000,1.144426703453064,1.144426703453064,1.144426703453064,1.144426703453064
1784518200000,1.144426703453064,1.1445575952529907,1.144426703453064,1.1445575952529907
1784519100000,1.1445575952529907,1.1445575952529907,1.1445575952529907,1.1445575952529907
1784520000000,1.1445575952529907,1.1445575952529907,1.144426703453064,1.1445575952529907
1784520900000,1.1445575952529907,1.144819736480713,1.1445575952529907,1.144819736480713
1784521800000,1.144688606262207,1.144819736480713,1.144688606262207,1.144819736480713
1784522700000,1.144819736480713,1.144819736480713,1.144688606262207,1.144819736480713
1784523600000,1.144819736480713,1.144819736480713,1.1445575952529907,1.144688606262207
1784524500000,1.144688606262207,1.144688606262207,1.1445575952529907,1.1445575952529907
1784525400000,1.1445575952529907,1.1445575952529907,1.144426703453064,1.144426703453064
1784526300000,1.144426703453064,1.1445575952529907,1.1442956924438477,1.144426703453064
1784527200000,1.144426703453064,1.1445575952529907,1.1439030170440674,1.1440337896347046
1784528100000,1.1440337896347046,1.1442956924438477,1.1439030170440674,1.1440337896347046
1784529000000,1.1440337896347046,1.144164800643921,1.1437721252441406,1.1439030170440674
1784529900000,1.1440337896347046,1.1442956924438477,1.1437721252441406,1.1437721252441406
1784530800000,1.1437721252441406,1.1442956924438477,1.1437721252441406,1.1437721252441406
1784531700000,1.1437721252441406,1.144426703453064,1.1437721252441406,1.144426703453064
1784532600000,1.1449507474899292,1.145213007926941,1.144688606262207,1.145081877708435
1784533500000,1.145081877708435,1.145081877708435,1.1445575952529907,1.144688606262207
1784534400000,1.144819736480713,1.144819736480713,1.1445575952529907,1.1445575952529907
1784535300000,1.1445575952529907,1.1445575952529907,1.144164800643921,1.144164800643921
1784536200000,1.144164800643921,1.144688606262207,1.144164800643921,1.1445575952529907
1784537100000,1.144426703453064,1.144426703453064,1.144164800643921,1.1442956924438477
1784538000000,1.1442956924438477,1.1442956924438477,1.1436413526535034,1.1437721252441406
1784538900000,1.1437721252441406,1.1437721252441406,1.143379807472229,1.143379807472229
1784539800000,1.143379807472229,1.1435105800628662,1.1432491540908813,1.1435105800628662
1784540700000,1.143379807472229,1.143379807472229,1.1431183815002441,1.143379807472229
1784541600000,1.143379807472229,1.1436413526535034,1.1432491540908813,1.1435105800628662
1784542500000,1.1435105800628662,1.1436413526535034,1.1435105800628662,1.1436413526535034
1784543400000,1.1435105800628662,1.1439030170440674,1.1435105800628662,1.1437721252441406
1784544300000,1.1437721252441406,1.1437721252441406,1.1435105800628662,1.1435105800628662
1784545200000,1.1435105800628662,1.1436413526535034,1.1432491540908813,1.143379807472229
1784546100000,1.143379807472229,1.1436413526535034,1.143379807472229,1.1436413526535034
1784547000000,1.1440337896347046,1.1442956924438477,1.1439030170440674,1.1439030170440674
1784547900000,1.1437721252441406,1.1437721252441406,1.1432491540908813,1.1432491540908813
1784548800000,1.1431183815002441,1.1432491540908813,1.1424654722213745,1.1424654722213745
1784549700000,1.1424654722213745,1.1424654722213745,1.1420739889144897,1.1422044038772583
1784550600000,1.1422044038772583,1.1425960063934326,1.1422044038772583,1.1423349380493164
1784551500000,1.1424654722213745,1.142987847328186,1.1424654722213745,1.1427265405654907
1784552400000,1.1427265405654907,1.1427265405654907,1.1422044038772583,1.1423349380493164
1784553300000,1.1422044038772583,1.1423349380493164,1.1420739889144897,1.1423349380493164
1784554200000,1.1422044038772583,1.1423349380493164,1.1418131589889526,1.1418131589889526
1784555100000,1.1418131589889526,1.1420739889144897,1.1418131589889526,1.1420739889144897
1784556000000,1.1419435739517212,1.1419435739517212,1.1415525674819946,1.1416828632354736
1784556900000,1.1418131589889526,1.1420739889144897,1.1416828632354736,1.1419435739517212
1784557800000,1.1419435739517212,1.1419435739517212,1.1410315036773682,1.1410315036773682
1784558700000,1.1409013271331787,1.141422152519226,1.1406410932540894,1.1410315036773682
1784559600000,1.1410315036773682,1.141291856765747,1.1410315036773682,1.1411616802215576
1784560500000,1.1410315036773682,1.141291856765747,1.1409013271331787,1.1411616802215576
1784561400000,1.141291856765747,1.141422152519226,1.1410315036773682,1.1410315036773682
1784562300000,1.1411616802215576,1.1415525674819946,1.1411616802215576,1.1415525674819946
1784563200000,1.141422152519226,1.1419435739517212,1.141422152519226,1.1419435739517212
1784564100000,1.1419435739517212,1.1419435739517212,1.1416828632354736,1.1418131589889526
1784565000000,1.1418131589889526,1.1418131589889526,1.141422152519226,1.141422152519226
1784565900000,1.141422152519226,1.141422152519226,1.141291856765747,1.141422152519226
1784566800000,1.1415525674819946,1.1418131589889526,1.141422152519226,1.141422152519226
1784567700000,1.1415525674819946,1.1418131589889526,1.1415525674819946,1.1418131589889526
1784568600000,1.1416828632354736,1.1418131589889526,1.1416828632354736,1.1416828632354736
1784569500000,1.1416828632354736,1.1418131589889526,1.1416828632354736,1.1416828632354736
1784570400000,1.1416828632354736,1.1419435739517212,1.1416828632354736,1.1419435739517212
1784571300000,1.1419435739517212,1.1422044038772583,1.1419435739517212,1.1420739889144897
1784572200000,1.1420739889144897,1.1420739889144897,1.1418131589889526,1.1418131589889526
1784573100000,1.1416828632354736,1.1418131589889526,1.1416828632354736,1.1418131589889526
1784574000000,1.1419435739517212,1.1419435739517212,1.1418131589889526,1.1418131589889526
1784574900000,1.1418131589889526,1.1418131589889526,1.1416828632354736,1.1418131589889526
1784575800000,1.1420739889144897,1.1420739889144897,1.1419435739517212,1.1419435739517212
1784576700000,1.1419435739517212,1.1420739889144897,1.1418131589889526,1.1419435739517212
1784577600000,1.1419435739517212,1.1419435739517212,1.1416828632354736,1.1418131589889526
1784578500000,1.1416828632354736,1.1418131589889526,1.1415525674819946,1.1418131589889526
1784579400000,1.1418131589889526,1.1418131589889526,1.1416828632354736,1.1416828632354736
1784580300000,1.1416828632354736,1.1418131589889526,1.1416828632354736,1.1416828632354736
1784581200000,1.1419435739517212,1.1423349380493164,1.1415525674819946,1.1419435739517212
1784582100000,1.1416828632354736,1.1419435739517212,1.1415525674819946,1.1416828632354736
1784583000000,1.1416828632354736,1.1416828632354736,1.141291856765747,1.1415525674819946
1784583900000,1.1415525674819946,1.1416828632354736,1.141422152519226,1.1416828632354736
1784584800000,1.141422152519226,1.1415525674819946,1.141291856765747,1.1415525674819946
1784585700000,1.1415525674819946,1.1415525674819946,1.1415525674819946,1.1415525674819946
1784586600000,1.1415525674819946,1.1415525674819946,1.141422152519226,1.1415525674819946
1784587500000,1.1415525674819946,1.1416828632354736,1.1415525674819946,1.1416828632354736
1784588400000,1.1416828632354736,1.1416828632354736,1.1415525674819946,1.1416828632354736
1784589300000,1.1416828632354736,1.1416828632354736,1.1415525674819946,1.1416828632354736
1784590200000,1.1416828632354736,1.1416828632354736,1.1416828632354736,1.1416828632354736
1784591100000,1.1416828632354736,1.1418131589889526,1.1416828632354736,1.1418131589889526
1784592000000,1.1419435739517212,1.1420739889144897,1.1418131589889526,1.1419435739517212
1784592900000,1.1419435739517212,1.1419435739517212,1.1415525674819946,1.1415525674819946
1784593800000,1.1415525674819946,1.1416828632354736,1.1415525674819946,1.1416828632354736
1784594700000,1.1418131589889526,1.1419435739517212,1.1416828632354736,1.1416828632354736
1784595600000,1.1415525674819946,1.1418131589889526,1.1415525674819946,1.1416828632354736
1784596500000,1.1416828632354736,1.1418131589889526,1.1416828632354736,1.1418131589889526
1784597400000,1.1419435739517212,1.1419435739517212,1.1416828632354736,1.1419435739517212
1784598300000,1.1418131589889526,1.1419435739517212,1.1418131589889526,1.1418131589889526
1784599200000,1.1418131589889526,1.1419435739517212,1.1418131589889526,1.1418131589889526
1784600100000,1.1418131589889526,1.1419435739517212,1.1416828632354736,1.1416828632354736
1784601000000,1.1416828632354736,1.1418131589889526,1.1416828632354736,1.1416828632354736
1784601900000,1.1415525674819946,1.1416828632354736,1.141422152519226,1.141422152519226
1784602800000,1.1415525674819946,1.1415525674819946,1.141291856765747,1.141291856765747
1784603700000,1.141291856765747,1.141422152519226,1.141291856765747,1.141422152519226
1784604600000,1.141422152519226,1.1416828632354736,1.141422152519226,1.1416828632354736
1784605500000,1.1416828632354736,1.1418131589889526,1.1415525674819946,1.1415525674819946
1784606400000,1.1415525674819946,1.1418131589889526,1.1415525674819946,1.1418131589889526
1784607300000,1.1418131589889526,1.1419435739517212,1.1418131589889526,1.1418131589889526
1784608200000,1.1418131589889526,1.1419435739517212,1.1418131589889526,1.1419435739517212
1784609100000,1.1419435739517212,1.1420739889144897,1.1419435739517212,1.1420739889144897
1784610000000,1.1420739889144897,1.1422044038772583,1.1419435739517212,1.1419435739517212
1784610900000,1.1419435739517212,1.1420739889144897,1.1419435739517212,1.1420739889144897
1784611800000,1.1420739889144897,1.1424654722213745,1.1420739889144897,1.1424654722213745
1784612700000,1.1423349380493164,1.1423349380493164,1.1420739889144897,1.1420739889144897
1784613600000,1.1422044038772583,1.1423349380493164,1.1420739889144897,1.1423349380493164
1784614500000,1.1422044038772583,1.1424654722213745,1.1422044038772583,1.1423349380493164
1784615400000,1.1423349380493164,1.1425960063934326,1.1423349380493164,1.1425960063934326
1784616300000,1.1425960063934326,1.1425960063934326,1.1423349380493164,1.1425960063934326
1784617200000,1.1425960063934326,1.142987847328186,1.1425960063934326,1.1425960063934326
1784618100000,1.1425960063934326,1.142987847328186,1.1425960063934326,1.1428571939468384
1784619000000,1.1427265405654907,1.1428571939468384,1.1425960063934326,1.1425960063934326
1784619900000,1.1425960063934326,1.1425960063934326,1.1424654722213745,1.1425960063934326
1784620800000,1.1425960063934326,1.1427265405654907,1.1425960063934326,1.1427265405654907
1784621700000,1.1425960063934326,1.1428571939468384,1.1425960063934326,1.1425960063934326
1784622600000,1.1424654722213745,1.1425960063934326,1.1423349380493164,1.1425960063934326
1784623500000,1.1427265405654907,1.1427265405654907,1.1424654722213745,1.1424654722213745
1784624400000,1.1424654722213745,1.1425960063934326,1.1424654722213745,1.1425960063934326
1784625300000,1.1425960063934326,1.1428571939468384,1.1424654722213745,1.1424654722213745
1784626200000,1.1424654722213745,1.1431183815002441,1.1424654722213745,1.1427265405654907
1784627100000,1.1425960063934326,1.1428571939468384,1.1425960063934326,1.1425960063934326
1784628000000,1.1425960063934326,1.1431183815002441,1.1425960063934326,1.1427265405654907
1784628900000,1.1428571939468384,1.142987847328186,1.1427265405654907,1.142987847328186
1784629800000,1.142987847328186,1.1431183815002441,1.1427265405654907,1.1428571939468384
1784630700000,1.1427265405654907,1.1427265405654907,1.1423349380493164,1.1424654722213745
1784631600000,1.1424654722213745,1.1424654722213745,1.1420739889144897,1.1423349380493164
1784632500000,1.1422044038772583,1.1424654722213745,1.1422044038772583,1.1423349380493164
1784633400000,1.1424654722213745,1.1425960063934326,1.1423349380493164,1.1425960063934326
1784634300000,1.1425960063934326,1.1425960063934326,1.1420739889144897,1.1422044038772583
1784635200000,1.1423349380493164,1.1423349380493164,1.1419435739517212,1.1420739889144897
1784636100000,1.1419435739517212,1.1420739889144897,1.1419435739517212,1.1419435739517212
1784637000000,1.1420739889144897,1.1422044038772583,1.1418131589889526,1.1418131589889526
1784637900000,1.1419435739517212,1.1422044038772583,1.1418131589889526,1.1420739889144897
1784638800000,1.1419435739517212,1.1420739889144897,1.1418131589889526,1.1420739889144897
1784639700000,1.1419435739517212,1.1419435739517212,1.141291856765747,1.141291856765747
1784640600000,1.141422152519226,1.1416828632354736,1.1409013271331787,1.1409013271331787
1784641500000,1.1409013271331787,1.1415525674819946,1.1409013271331787,1.1415525674819946
1784642400000,1.1415525674819946,1.1422044038772583,1.1415525674819946,1.1422044038772583
1784643300000,1.1420739889144897,1.1420739889144897,1.141422152519226,1.141422152519226
1784644200000,1.1411616802215576,1.141291856765747,1.1407711505889893,1.1411616802215576
1784645100000,1.1410315036773682,1.1410315036773682,1.1406410932540894,1.1409013271331787
1784646000000,1.1409013271331787,1.1409013271331787,1.1406410932540894,1.1407711505889893
1784646900000,1.1409013271331787,1.141422152519226,1.1409013271331787,1.141291856765747
1784647800000,1.141291856765747,1.141422152519226,1.1410315036773682,1.1410315036773682
1784648700000,1.1409013271331787,1.1410315036773682,1.1407711505889893,1.1410315036773682
1784649600000,1.1410315036773682,1.141291856765747,1.1410315036773682,1.1411616802215576
1784650500000,1.1411616802215576,1.1411616802215576,1.1410315036773682,1.1411616802215576
1784651400000,1.1410315036773682,1.141422152519226,1.1410315036773682,1.141422152519226
1784652300000,1.141291856765747,1.141291856765747,1.1411616802215576,1.1411616802215576
1784653200000,1.1411616802215576,1.141291856765747,1.1410315036773682,1.141291856765747
1784654100000,1.1411616802215576,1.141291856765747,1.1411616802215576,1.141291856765747
1784655000000,1.141291856765747,1.141291856765747,1.1410315036773682,1.1410315036773682
1784655900000,1.1410315036773682,1.1411616802215576,1.1410315036773682,1.1410315036773682
1784656800000,1.1409013271331787,1.1409013271331787,1.1405109167099,1.1405109167099
1784657700000,1.1405109167099,1.1406410932540894,1.1402509212493896,1.1405109167099
1784658600000,1.1406410932540894,1.1406410932540894,1.1402509212493896,1.1405109167099
1784659500000,1.1405109167099,1.1406410932540894,1.140380859375,1.1406410932540894
1784660400000,1.1407711505889893,1.1407711505889893,1.140380859375,1.140380859375
1784661300000,1.1405109167099,1.1407711505889893,1.1405109167099,1.1406410932540894
1784662200000,1.1406410932540894,1.1406410932540894,1.140380859375,1.1405109167099
1784663100000,1.1405109167099,1.1406410932540894,1.140380859375,1.140380859375
1784664000000,1.1405109167099,1.1406410932540894,1.140380859375,1.1405109167099
1784664900000,1.140380859375,1.140380859375,1.1402509212493896,1.140380859375
1784665800000,1.140380859375,1.140380859375,1.140380859375,1.140380859375
1784666700000,1.1405109167099,1.1405109167099,1.1401208639144897,1.1401208639144897
1784667600000,1.1399909257888794,1.1402509212493896,1.1398608684539795,1.1402509212493896
1784668500000,1.1401208639144897,1.140380859375,1.1401208639144897,1.1402509212493896
1784669400000,1.140380859375,1.1406410932540894,1.1402509212493896,1.1405109167099
1784670300000,1.1405109167099,1.1406410932540894,1.1402509212493896,1.1406410932540894
1784671200000,1.140380859375,1.140380859375,1.1402509212493896,1.1402509212493896
1784672100000,1.1402509212493896,1.140380859375,1.1402509212493896,1.140380859375
1784673000000,1.140380859375,1.140380859375,1.1402509212493896,1.140380859375
1784673900000,1.140380859375,1.140380859375,1.1402509212493896,1.1402509212493896
1784674800000,1.1402509212493896,1.1402509212493896,1.1401208639144897,1.1402509212493896
1784675700000,1.1402509212493896,1.1402509212493896,1.1402509212493896,1.1402509212493896
1784676600000,1.1402509212493896,1.140380859375,1.1402509212493896,1.140380859375
1784677500000,1.140380859375,1.1405109167099,1.140380859375,1.1405109167099
1784678400000,1.140380859375,1.1406410932540894,1.140380859375,1.1406410932540894
1784679300000,1.1406410932540894,1.1410315036773682,1.1406410932540894,1.1410315036773682
1784680200000,1.1410315036773682,1.1410315036773682,1.1405109167099,1.1405109167099
1784681100000,1.1406410932540894,1.1407711505889893,1.1405109167099,1.1407711505889893
1784682000000,1.1407711505889893,1.1410315036773682,1.1406410932540894,1.1409013271331787
1784682900000,1.1409013271331787,1.1409013271331787,1.1406410932540894,1.1406410932540894
1784683800000,1.1406410932540894,1.1406410932540894,1.1401208639144897,1.140380859375
1784684700000,1.1405109167099,1.1406410932540894,1.1405109167099,1.1406410932540894
1784685600000,1.1406410932540894,1.1407711505889893,1.1405109167099,1.1407711505889893
1784686500000,1.1407711505889893,1.141291856765747,1.1407711505889893,1.1411616802215576
1784687400000,1.1410315036773682,1.1411616802215576,1.1409013271331787,1.1410315036773682
1784688300000,1.1410315036773682,1.1410315036773682,1.1409013271331787,1.1409013271331787
1784689200000,1.1409013271331787,1.1410315036773682,1.1407711505889893,1.1409013271331787
1784690100000,1.1409013271331787,1.1411616802215576,1.1409013271331787,1.1410315036773682
1784691000000,1.1411616802215576,1.1411616802215576,1.1409013271331787,1.1409013271331787
1784691900000,1.1410315036773682,1.1410315036773682,1.1409013271331787,1.1410315036773682
1784692800000,1.1410315036773682,1.1410315036773682,1.1409013271331787,1.1409013271331787
1784693700000,1.1410315036773682,1.1410315036773682,1.1409013271331787,1.1410315036773682
1784694600000,1.1410315036773682,1.1411616802215576,1.1410315036773682,1.1411616802215576
1784695500000,1.1411616802215576,1.1411616802215576,1.1410315036773682,1.1411616802215576
1784696400000,1.1411616802215576,1.141291856765747,1.1411616802215576,1.1411616802215576
1784697300000,1.1411616802215576,1.141291856765747,1.1410315036773682,1.1411616802215576
1784698200000,1.1410315036773682,1.1410315036773682,1.1409013271331787,1.1410315036773682
1784699100000,1.1410315036773682,1.141291856765747,1.1409013271331787,1.141291856765747
1784700000000,1.141291856765747,1.1416828632354736,1.141291856765747,1.1415525674819946
1784700900000,1.141422152519226,1.1415525674819946,1.1410315036773682,1.1410315036773682
1784701800000,1.1410315036773682,1.141422152519226,1.1410315036773682,1.141422152519226
1784702700000,1.141422152519226,1.1415525674819946,1.141291856765747,1.141422152519226
1784703600000,1.141422152519226,1.1415525674819946,1.141291856765747,1.141422152519226
1784704500000,1.1415525674819946,1.1418131589889526,1.141422152519226,1.1415525674819946
1784705400000,1.1420739889144897,1.1420739889144897,1.1410315036773682,1.1410315036773682
1784706300000,1.1409013271331787,1.141422152519226,1.1407711505889893,1.141291856765747
1784707200000,1.141291856765747,1.141291856765747,1.1409013271331787,1.1409013271331787
1784708100000,1.1407711505889893,1.1411616802215576,1.1407711505889893,1.1411616802215576
1784709000000,1.141291856765747,1.1415525674819946,1.141291856765747,1.1415525674819946
1784709900000,1.141422152519226,1.141422152519226,1.1411616802215576,1.141291856765747
1784710800000,1.141422152519226,1.1415525674819946,1.141291856765747,1.141291856765747
1784711700000,1.141291856765747,1.141291856765747,1.1411616802215576,1.1411616802215576
1784712600000,1.141291856765747,1.1415525674819946,1.1411616802215576,1.141291856765747
1784713500000,1.141291856765747,1.141291856765747,1.1407711505889893,1.1407711505889893
1784714400000,1.1407711505889893,1.1409013271331787,1.140380859375,1.1406410932540894
1784715300000,1.1406410932540894,1.1410315036773682,1.1405109167099,1.1409013271331787
1784716200000,1.1407711505889893,1.1409013271331787,1.1407711505889893,1.1407711505889893
1784717100000,1.1407711505889893,1.1410315036773682,1.1406410932540894,1.1406410932540894
1784718000000,1.1407711505889893,1.1407711505889893,1.1406410932540894,1.1407711505889893
1784718900000,1.1409013271331787,1.1409013271331787,1.1406410932540894,1.1407711505889893
1784719800000,1.1407711505889893,1.1410315036773682,1.1407711505889893,1.1407711505889893
1784720700000,1.1407711505889893,1.1410315036773682,1.1407711505889893,1.1409013271331787
1784721600000,1.1410315036773682,1.141291856765747,1.1410315036773682,1.141291856765747
1784722500000,1.141422152519226,1.141422152519226,1.141291856765747,1.141291856765747
1784723400000,1.1415525674819946,1.1416828632354736,1.141422152519226,1.141422152519226
1784724300000,1.141422152519226,1.141422152519226,1.1410315036773682,1.141291856765747
1784725200000,1.1411616802215576,1.1415525674819946,1.1411616802215576,1.141291856765747
1784726100000,1.141291856765747,1.1419435739517212,1.141291856765747,1.1418131589889526
1784727000000,1.1419435739517212,1.1423349380493164,1.1419435739517212,1.1422044038772583
1784727900000,1.1420739889144897,1.1420739889144897,1.1416828632354736,1.1416828632354736
1784728800000,1.1418131589889526,1.1420739889144897,1.141422152519226,1.1420739889144897
1784729700000,1.1419435739517212,1.1420739889144897,1.141422152519226,1.141422152519226
1784730600000,1.141422152519226,1.1415525674819946,1.141291856765747,1.1415525674819946
1784731500000,1.141422152519226,1.1416828632354736,1.1411616802215576,1.141291856765747
1784732400000,1.1411616802215576,1.141422152519226,1.1411616802215576,1.141422152519226
1784733300000,1.141291856765747,1.1416828632354736,1.1411616802215576,1.1416828632354736
1784734200000,1.1416828632354736,1.1416828632354736,1.1411616802215576,1.141291856765747
1784735100000,1.141291856765747,1.1416828632354736,1.141291856765747,1.1416828632354736
1784736000000,1.1416828632354736,1.1416828632354736,1.1410315036773682,1.1410315036773682
1784736900000,1.1411616802215576,1.141422152519226,1.1410315036773682,1.141422152519226
1784737800000,1.141422152519226,1.1415525674819946,1.1411616802215576,1.1411616802215576
1784738700000,1.1411616802215576,1.141291856765747,1.1411616802215576,1.141291856765747
1784739600000,1.141291856765747,1.1415525674819946,1.141291856765747,1.141422152519226
1784740500000,1.141422152519226,1.1415525674819946,1.141422152519226,1.141422152519226
1784741400000,1.141422152519226,1.141422152519226,1.1411616802215576,1.141291856765747
1784742300000,1.141291856765747,1.141422152519226,1.141291856765747,1.141291856765747
1784743200000,1.141422152519226,1.141422152519226,1.1411616802215576,1.1411616802215576
1784744100000,1.1411616802215576,1.141422152519226,1.1411616802215576,1.141291856765747
1784745000000,1.141291856765747,1.141422152519226,1.141291856765747,1.141291856765747
1784745900000,1.141291856765747,1.141422152519226,1.141291856765747,1.141422152519226
1784746800000,1.141422152519226,1.1415525674819946,1.141291856765747,1.141291856765747
1784747700000,1.141291856765747,1.1415525674819946,1.141291856765747,1.141422152519226
1784748600000,1.141422152519226,1.141422152519226,1.141291856765747,1.141422152519226
1784749500000,1.1415525674819946,1.1415525674819946,1.141291856765747,1.141422152519226
1784750400000,1.141422152519226,1.1415525674819946,1.141422152519226,1.1415525674819946
1784751300000,1.1415525674819946,1.1415525674819946,1.141422152519226,1.1415525674819946
1784752200000,1.1415525674819946,1.1415525674819946,1.141422152519226,1.1415525674819946
1784753100000,1.1415525674819946,1.1415525674819946,1.141422152519226,1.141422152519226
1784754000000,1.1409013271331787,1.1415525674819946,1.1409013271331787,1.1411616802215576
1784754900000,1.1415525674819946,1.1415525674819946,1.1410315036773682,1.1411616802215576
1784755800000,1.1411616802215576,1.141291856765747,1.1409013271331787,1.141291856765747
1784756700000,1.1410315036773682,1.141422152519226,1.1409013271331787,1.1409013271331787
1784757600000,1.141291856765747,1.141291856765747,1.1410315036773682,1.1410315036773682
1784758500000,1.1411616802215576,1.1411616802215576,1.1410315036773682,1.1410315036773682
1784759400000,1.1410315036773682,1.1411616802215576,1.1409013271331787,1.1410315036773682
1784760300000,1.1410315036773682,1.1411616802215576,1.1409013271331787,1.1410315036773682
1784761200000,1.1411616802215576,1.141291856765747,1.1411616802215576,1.141291856765747
1784762100000,1.141291856765747,1.141422152519226,1.141291856765747,1.141291856765747
1784763000000,1.141291856765747,1.141422152519226,1.141291856765747,1.141422152519226
1784763900000,1.141422152519226,1.1415525674819946,1.141291856765747,1.141422152519226
1784764800000,1.1415525674819946,1.1416828632354736,1.141422152519226,1.141422152519226
1784765700000,1.141422152519226,1.1416828632354736,1.141422152519226,1.1415525674819946
1784766600000,1.1415525674819946,1.1416828632354736,1.1415525674819946,1.1416828632354736
1784767500000,1.1416828632354736,1.1420739889144897,1.1415525674819946,1.1420739889144897
1784768400000,1.1420739889144897,1.1423349380493164,1.1420739889144897,1.1420739889144897
1784769300000,1.1422044038772583,1.1422044038772583,1.1420739889144897,1.1420739889144897
1784770200000,1.1422044038772583,1.1423349380493164,1.1420739889144897,1.1422044038772583
1784771100000,1.1420739889144897,1.1420739889144897,1.1419435739517212,1.1419435739517212
1784772000000,1.1419435739517212,1.1422044038772583,1.1419435739517212,1.1422044038772583
1784772900000,1.1422044038772583,1.1423349380493164,1.1422044038772583,1.1423349380493164
1784773800000,1.1424654722213745,1.142987847328186,1.1424654722213745,1.1428571939468384
1784774700000,1.1428571939468384,1.1431183815002441,1.1428571939468384,1.1431183815002441
1784775600000,1.1432491540908813,1.1432491540908813,1.1428571939468384,1.1428571939468384
1784776500000,1.1427265405654907,1.1432491540908813,1.1427265405654907,1.1432491540908813
1784777400000,1.1431183815002441,1.143379807472229,1.1431183815002441,1.143379807472229
1784778300000,1.1432491540908813,1.143379807472229,1.1432491540908813,1.1432491540908813
1784779200000,1.1431183815002441,1.1439030170440674,1.1431183815002441,1.1436413526535034
1784780100000,1.1437721252441406,1.1437721252441406,1.143379807472229,1.1437721252441406
1784781000000,1.1437721252441406,1.1439030170440674,1.1435105800628662,1.1436413526535034
1784781900000,1.1435105800628662,1.1437721252441406,1.143379807472229,1.1436413526535034
1784782800000,1.1436413526535034,1.1437721252441406,1.1436413526535034,1.1436413526535034
1784783700000,1.1435105800628662,1.1435105800628662,1.1432491540908813,1.143379807472229
1784784600000,1.143379807472229,1.143379807472229,1.1432491540908813,1.1432491540908813
1784785500000,1.143379807472229,1.1435105800628662,1.1432491540908813,1.143379807472229
1784786400000,1.143379807472229,1.1436413526535034,1.1432491540908813,1.1435105800628662
1784787300000,1.1435105800628662,1.1435105800628662,1.1431183815002441,1.1431183815002441
1784788200000,1.1431183815002441,1.1431183815002441,1.1427265405654907,1.142987847328186
1784789100000,1.142987847328186,1.1431183815002441,1.1427265405654907,1.1428571939468384
1784790000000,1.1427265405654907,1.1428571939468384,1.1425960063934326,1.1428571939468384
1784790900000,1.142987847328186,1.142987847328186,1.1427265405654907,1.1428571939468384
1784791800000,1.1428571939468384,1.142987847328186,1.1425960063934326,1.1425960063934326
1784792700000,1.1425960063934326,1.1428571939468384,1.1424654722213745,1.1427265405654907
1784793600000,1.1428571939468384,1.1428571939468384,1.1423349380493164,1.1423349380493164
1784794500000,1.1422044038772583,1.1422044038772583,1.1419435739517212,1.1420739889144897
1784795400000,1.1419435739517212,1.1419435739517212,1.1411616802215576,1.1411616802215576
1784796300000,1.141291856765747,1.1415525674819946,1.1411616802215576,1.141422152519226
1784797200000,1.141291856765747,1.1418131589889526,1.141291856765747,1.1415525674819946
1784798100000,1.141422152519226,1.1415525674819946,1.141291856765747,1.141291856765747
1784799000000,1.141422152519226,1.1416828632354736,1.141422152519226,1.1416828632354736
1784799900000,1.1418131589889526,1.1418131589889526,1.1415525674819946,1.1415525674819946
1784800800000,1.1416828632354736,1.1416828632354736,1.141291856765747,1.141291856765747
1784801700000,1.141422152519226,1.141422152519226,1.1410315036773682,1.1411616802215576
1784802600000,1.141291856765747,1.141291856765747,1.1410315036773682,1.1410315036773682
1784803500000,1.1410315036773682,1.1411616802215576,1.1407711505889893,1.1407711505889893
1784804400000,1.1406410932540894,1.1409013271331787,1.1406410932540894,1.1409013271331787
1784805300000,1.1409013271331787,1.1409013271331787,1.1401208639144897,1.1401208639144897
1784806200000,1.1401208639144897,1.1401208639144897,1.1388224363327026,1.1389521360397339
1784807100000,1.1390818357467651,1.1398608684539795,1.1390818357467651,1.1398608684539795
1784808000000,1.1397310495376587,1.1397310495376587,1.1393414735794067,1.1397310495376587
1784808900000,1.1394712924957275,1.1394712924957275,1.1384334564208984,1.1389521360397339
1784809800000,1.1386927366256714,1.1388224363327026,1.1381744146347046,1.1383039951324463
1784810700000,1.1381744146347046,1.1388224363327026,1.138044834136963,1.1388224363327026
1784811600000,1.1389521360397339,1.1389521360397339,1.137268304824829,1.137268304824829
1784812500000,1.137268304824829,1.1381744146347046,1.137268304824829,1.1381744146347046
1784813400000,1.1381744146347046,1.1388224363327026,1.138044834136963,1.1384334564208984
1784814300000,1.1381744146347046,1.1381744146347046,1.1377859115600586,1.1377859115600586
1784815200000,1.1377859115600586,1.1377859115600586,1.1371389627456665,1.1375269889831543
1784816100000,1.1373976469039917,1.1375269889831543,1.1367511749267578,1.137268304824829
1784817000000,1.1373976469039917,1.1376564502716064,1.1371389627456665,1.1371389627456665
1784817900000,1.1370097398757935,1.1373976469039917,1.1368803977966309,1.1373976469039917
1784818800000,1.1373976469039917,1.1377859115600586,1.1373976469039917,1.1376564502716064
1784819700000,1.1376564502716064,1.1377859115600586,1.137268304824829,1.1376564502716064
1784820600000,1.1373976469039917,1.1377859115600586,1.1370097398757935,1.1376564502716064
1784821500000,1.1376564502716064,1.1377859115600586,1.1373976469039917,1.1375269889831543
1784822400000,1.1376564502716064,1.138044834136963,1.1376564502716064,1.138044834136963
1784823300000,1.1379153728485107,1.138044834136963,1.1377859115600586,1.138044834136963
1784824200000,1.1381744146347046,1.1383039951324463,1.1379153728485107,1.1381744146347046
1784825100000,1.1381744146347046,1.1383039951324463,1.138044834136963,1.1383039951324463
1784826000000,1.1383039951324463,1.1384334564208984,1.138044834136963,1.138044834136963
1784826900000,1.1379153728485107,1.1381744146347046,1.1379153728485107,1.1379153728485107
1784827800000,1.1379153728485107,1.1379153728485107,1.1376564502716064,1.1376564502716064
1784828700000,1.1376564502716064,1.1377859115600586,1.1375269889831543,1.1375269889831543
1784829600000,1.1375269889831543,1.1377859115600586,1.1373976469039917,1.1377859115600586
1784830500000,1.1376564502716064,1.1377859115600586,1.1376564502716064,1.1377859115600586
1784831400000,1.1377859115600586,1.1379153728485107,1.1376564502716064,1.1377859115600586
1784832300000,1.1377859115600586,1.1379153728485107,1.1377859115600586,1.1377859115600586
1784833200000,1.1381744146347046,1.1381744146347046,1.1377859115600586,1.1377859115600586
1784834100000,1.1377859115600586,1.1379153728485107,1.1377859115600586,1.1379153728485107
1784835000000,1.1381744146347046,1.1381744146347046,1.1379153728485107,1.1379153728485107
1784835900000,1.1379153728485107,1.1381744146347046,1.1377859115600586,1.138044834136963
1784836800000,1.1381744146347046,1.1383039951324463,1.1381744146347046,1.1381744146347046
1784837700000,1.1381744146347046,1.1381744146347046,1.138044834136963,1.1381744146347046
1784838600000,1.1383039951324463,1.1383039951324463,1.138044834136963,1.1381744146347046
1784839500000,1.1381744146347046,1.1381744146347046,1.138044834136963,1.138044834136963
1784840400000,1.1375269889831543,1.1384334564208984,1.1371389627456665,1.1375269889831543
1784841300000,1.1377859115600586,1.1381744146347046,1.1377859115600586,1.138044834136963
1784842200000,1.1383039951324463,1.1383039951324463,1.1379153728485107,1.138044834136963
1784843100000,1.1381744146347046,1.1383039951324463,1.1379153728485107,1.1381744146347046
1784844000000,1.1379153728485107,1.1381744146347046,1.1379153728485107,1.1381744146347046
1784844900000,1.1381744146347046,1.1383039951324463,1.138044834136963,1.138044834136963
1784845800000,1.138044834136963,1.1381744146347046,1.138044834136963,1.1381744146347046
1784846700000,1.1381744146347046,1.1383039951324463,1.1381744146347046,1.1383039951324463
1784847600000,1.1383039951324463,1.1383039951324463,1.1381744146347046,1.1381744146347046
1784848500000,1.1381744146347046,1.1383039951324463,1.1381744146347046,1.1383039951324463
1784849400000,1.1381744146347046,1.1383039951324463,1.138044834136963,1.138044834136963
1784850300000,1.1381744146347046,1.1381744146347046,1.1379153728485107,1.138044834136963
1784851200000,1.1379153728485107,1.1383039951324463,1.1379153728485107,1.1383039951324463
1784852100000,1.1381744146347046,1.1383039951324463,1.1381744146347046,1.1383039951324463
1784853000000,1.1381744146347046,1.1383039951324463,1.138044834136963,1.138044834136963
1784853900000,1.138044834136963,1.1386927366256714,1.138044834136963,1.1386927366256714
1784854800000,1.1388224363327026,1.1389521360397339,1.1385631561279297,1.1386927366256714
1784855700000,1.1386927366256714,1.1389521360397339,1.1385631561279297,1.1385631561279297
1784856600000,1.1385631561279297,1.1389521360397339,1.1385631561279297,1.1389521360397339
1784857500000,1.1389521360397339,1.1390818357467651,1.1386927366256714,1.1386927366256714
1784858400000,1.1388224363327026,1.1388224363327026,1.1386927366256714,1.1386927366256714
1784859300000,1.1388224363327026,1.1389521360397339,1.1386927366256714,1.1386927366256714
1784860200000,1.1388224363327026,1.1390818357467651,1.1388224363327026,1.1388224363327026
1784861100000,1.1388224363327026,1.1388224363327026,1.1385631561279297,1.1385631561279297
1784862000000,1.1384334564208984,1.1384334564208984,1.1381744146347046,1.1381744146347046
1784862900000,1.1381744146347046,1.1383039951324463,1.1381744146347046,1.1381744146347046
1784863800000,1.1383039951324463,1.1385631561279297,1.1383039951324463,1.1385631561279297
1784864700000,1.1385631561279297,1.1385631561279297,1.1384334564208984,1.1385631561279297
1784865600000,1.1385631561279297,1.1386927366256714,1.1385631561279297,1.1386927366256714
1784866500000,1.1386927366256714,1.1386927366256714,1.1384334564208984,1.1384334564208984
1784867400000,1.1384334564208984,1.1384334564208984,1.1381744146347046,1.1381744146347046
1784868300000,1.1381744146347046,1.1381744146347046,1.138044834136963,1.1381744146347046
1784869200000,1.1383039951324463,1.1384334564208984,1.1381744146347046,1.1383039951324463
1784870100000,1.1383039951324463,1.1385631561279297,1.1383039951324463,1.1385631561279297
1784871000000,1.1385631561279297,1.1386927366256714,1.1384334564208984,1.1384334564208984
1784871900000,1.1384334564208984,1.1384334564208984,1.138044834136963,1.138044834136963
1784872800000,1.1381744146347046,1.1383039951324463,1.138044834136963,1.1383039951324463
1784873700000,1.1383039951324463,1.1389521360397339,1.1383039951324463,1.1388224363327026
1784874600000,1.1388224363327026,1.1389521360397339,1.1386927366256714,1.1386927366256714
1784875500000,1.1388224363327026,1.1389521360397339,1.1386927366256714,1.1389521360397339
1784876400000,1.1390818357467651,1.1398608684539795,1.1389521360397339,1.1398608684539795
1784877300000,1.1397310495376587,1.1401208639144897,1.1393414735794067,1.1401208639144897
1784878200000,1.1402509212493896,1.140380859375,1.1393414735794067,1.1396011114120483
1784879100000,1.1394712924957275,1.1396011114120483,1.1393414735794067,1.1393414735794067
1784880000000,1.1393414735794067,1.1393414735794067,1.1389521360397339,1.1390818357467651
1784880900000,1.1390818357467651,1.1390818357467651,1.1386927366256714,1.1390818357467651
1784881800000,1.1389521360397339,1.1390818357467651,1.1388224363327026,1.1389521360397339
1784882700000,1.1388224363327026,1.1388224363327026,1.1384334564208984,1.1386927366256714
1784883600000,1.1385631561279297,1.1389521360397339,1.1385631561279297,1.1388224363327026
1784884500000,1.1388224363327026,1.1390818357467651,1.1386927366256714,1.1390818357467651
1784885400000,1.1389521360397339,1.1390818357467651,1.1386927366256714,1.1389521360397339
1784886300000,1.1388224363327026,1.1390818357467651,1.1388224363327026,1.1390818357467651
1784887200000,1.139211654663086,1.1393414735794067,1.1390818357467651,1.139211654663086
1784888100000,1.1390818357467651,1.1396011114120483,1.1390818357467651,1.1394712924957275
1784889000000,1.1393414735794067,1.1394712924957275,1.1390818357467651,1.1390818357467651
1784889900000,1.1389521360397339,1.1390818357467651,1.1385631561279297,1.1386927366256714
1784890800000,1.1385631561279297,1.1389521360397339,1.1385631561279297,1.1389521360397339
1784891700000,1.1390818357467651,1.1390818357467651,1.1386927366256714,1.1386927366256714
1784892600000,1.1385631561279297,1.1385631561279297,1.1381744146347046,1.1383039951324463
1784893500000,1.1384334564208984,1.1384334564208984,1.1375269889831543,1.1377859115600586
1784894400000,1.1379153728485107,1.1381744146347046,1.1375269889831543,1.138044834136963
1784895300000,1.138044834136963,1.138044834136963,1.1376564502716064,1.1377859115600586
1784896200000,1.1377859115600586,1.1379153728485107,1.1371389627456665,1.1371389627456665
1784897100000,1.137268304824829,1.1375269889831543,1.1371389627456665,1.137268304824829
1784898000000,1.1373976469039917,1.1375269889831543,1.1368803977966309,1.1373976469039917
1784898900000,1.137268304824829,1.1376564502716064,1.137268304824829,1.1373976469039917
1784899800000,1.1373976469039917,1.1376564502716064,1.1371389627456665,1.1375269889831543
1784900700000,1.1375269889831543,1.1379153728485107,1.137268304824829,1.1379153728485107
1784901600000,1.138044834136963,1.1383039951324463,1.1373976469039917,1.1375269889831543
1784902500000,1.1376564502716064,1.138044834136963,1.1375269889831543,1.138044834136963
1784903400000,1.1379153728485107,1.1381744146347046,1.1379153728485107,1.1379153728485107
1784904300000,1.1379153728485107,1.1383039951324463,1.1379153728485107,1.1383039951324463
1784905200000,1.138044834136963,1.139211654663086,1.138044834136963,1.1389521360397339
1784906100000,1.139211654663086,1.1393414735794067,1.1388224363327026,1.1388224363327026
1784907000000,1.1386927366256714,1.139211654663086,1.1386927366256714,1.1388224363327026
1784907900000,1.1389521360397339,1.1389521360397339,1.1386927366256714,1.1386927366256714
1784908800000,1.1386927366256714,1.1389521360397339,1.1385631561279297,1.1389521360397339
1784909700000,1.1388224363327026,1.1389521360397339,1.1385631561279297,1.1386927366256714
1784910600000,1.1385631561279297,1.1386927366256714,1.1383039951324463,1.1384334564208984
1784911500000,1.1383039951324463,1.1383039951324463,1.1381744146347046,1.1381744146347046
1784912400000,1.138044834136963,1.138044834136963,1.1373976469039917,1.1375269889831543
1784913300000,1.1375269889831543,1.1375269889831543,1.1371389627456665,1.1375269889831543
1784914200000,1.1375269889831543,1.1375269889831543,1.1371389627456665,1.137268304824829
1784915100000,1.137268304824829,1.137268304824829,1.1371389627456665,1.137268304824829
1784916000000,1.137268304824829,1.1373976469039917,1.1371389627456665,1.137268304824829
1784916900000,1.1373976469039917,1.1373976469039917,1.1371389627456665,1.137268304824829
1784917800000,1.137268304824829,1.137268304824829,1.1370097398757935,1.137268304824829
1784918700000,1.1371389627456665,1.1373976469039917,1.1371389627456665,1.137268304824829
1784919600000,1.1373976469039917,1.1373976469039917,1.137268304824829,1.1373976469039917
1784920500000,1.1373976469039917,1.1373976469039917,1.1371389627456665,1.1371389627456665
1784921400000,1.1371389627456665,1.1375269889831543,1.1371389627456665,1.1375269889831543
1784922300000,1.1373976469039917,1.1375269889831543,1.137268304824829,1.1373976469039917
1784923200000,1.1373976469039917,1.1373976469039917,1.137268304824829,1.137268304824829
1784924100000,1.137268304824829,1.137268304824829,1.1371389627456665,1.1371389627456665
1784925000000,1.1371389627456665,1.137268304824829,1.1370097398757935,1.137268304824829
1784925900000,1.137268304824829,1.1376564502716064,1.1371389627456665,1.1373976469039917
1784926800000,1.1375269889831543,1.1375269889831543,1.1375269889831543,1.1375269889831543
1784927700000,1.1375269889831543,1.1375269889831543,1.1375269889831543,1.1375269889831543
1785106800000,1.1393414735794067,1.1394712924957275,1.139211654663086,1.139211654663086
1785107700000,1.139211654663086,1.1393414735794067,1.139211654663086,1.139211654663086
1785108600000,1.139211654663086,1.1396011114120483,1.139211654663086,1.1396011114120483
1785109500000,1.1396011114120483,1.1398608684539795,1.1394712924957275,1.1398608684539795
1785110400000,1.1399909257888794,1.1405109167099,1.1399909257888794,1.1405109167099
1785111300000,1.1405109167099,1.141291856765747,1.1405109167099,1.1411616802215576
1785112200000,1.141422152519226,1.1415525674819946,1.1407711505889893,1.1407711505889893
1785113100000,1.1407711505889893,1.1409013271331787,1.140380859375,1.1405109167099
1785114000000,1.1406410932540894,1.1410315036773682,1.1406410932540894,1.1409013271331787
1785114900000,1.1409013271331787,1.1410315036773682,1.1409013271331787,1.1409013271331787
1785115800000,1.1410315036773682,1.1411616802215576,1.1406410932540894,1.1410315036773682
1785116700000,1.1411616802215576,1.1416828632354736,1.1411616802215576,1.1416828632354736
1785117600000,1.1416828632354736,1.1416828632354736,1.141291856765747,1.141291856765747
1785118500000,1.141422152519226,1.141422152519226,1.1411616802215576,1.141422152519226
1785119400000,1.1411616802215576,1.141422152519226,1.1411616802215576,1.1411616802215576
1785120300000,1.1411616802215576,1.1411616802215576,1.1409013271331787,1.1409013271331787
1785121200000,1.1410315036773682,1.1410315036773682,1.1406410932540894,1.1406410932540894
1785122100000,1.1406410932540894,1.1407711505889893,1.1406410932540894,1.1407711505889893
1785123000000,1.1406410932540894,1.1406410932540894,1.1405109167099,1.1406410932540894
1785123900000,1.1406410932540894,1.1407711505889893,1.1406410932540894,1.1406410932540894
1785124800000,1.1406410932540894,1.1407711505889893,1.1406410932540894,1.1406410932540894
1785125700000,1.1407711505889893,1.1409013271331787,1.1406410932540894,1.1406410932540894
1785126600000,1.1406410932540894,1.1407711505889893,1.1406410932540894,1.1406410932540894
1785127500000,1.1406410932540894,1.1407711505889893,1.1405109167099,1.1407711505889893
1785128400000,1.1405109167099,1.1409013271331787,1.1405109167099,1.1409013271331787
1785129300000,1.1410315036773682,1.1410315036773682,1.1407711505889893,1.1409013271331787
1785130200000,1.1409013271331787,1.1409013271331787,1.1407711505889893,1.1407711505889893
1785131100000,1.1407711505889893,1.1410315036773682,1.1406410932540894,1.1409013271331787
1785132000000,1.1410315036773682,1.1416828632354736,1.1410315036773682,1.141422152519226
1785132900000,1.1415525674819946,1.1416828632354736,1.1411616802215576,1.1415525674819946
1785133800000,1.1415525674819946,1.1420739889144897,1.141291856765747,1.1418131589889526
1785134700000,1.1418131589889526,1.1418131589889526,1.1411616802215576,1.141291856765747
1785135600000,1.1411616802215576,1.141291856765747,1.1407711505889893,1.1411616802215576
1785136500000,1.1411616802215576,1.1411616802215576,1.1409013271331787,1.1411616802215576
1785137400000,1.1409013271331787,1.1410315036773682,1.1405109167099,1.1406410932540894
1785138300000,1.1406410932540894,1.1406410932540894,1.1402509212493896,1.1402509212493896
1785139200000,1.1401208639144897,1.1402509212493896,1.1399909257888794,1.1399909257888794
1785140100000,1.1398608684539795,1.1399909257888794,1.1398608684539795,1.1399909257888794
1785141000000,1.1398608684539795,1.140380859375,1.1398608684539795,1.1402509212493896
1785141900000,1.1402509212493896,1.1406410932540894,1.1399909257888794,1.1406410932540894
1785142800000,1.1405109167099,1.1406410932540894,1.1401208639144897,1.1401208639144897
1785143700000,1.1401208639144897,1.1402509212493896,1.1399909257888794,1.1399909257888794
1785144600000,1.1398608684539795,1.1402509212493896,1.1398608684539795,1.1399909257888794
1785145500000,1.1399909257888794,1.1401208639144897,1.1399909257888794,1.1399909257888794
1785146400000,1.1398608684539795,1.140380859375,1.1397310495376587,1.1398608684539795
1785147300000,1.1399909257888794,1.1402509212493896,1.1399909257888794,1.1401208639144897
1785148200000,1.1401208639144897,1.1405109167099,1.1399909257888794,1.140380859375
1785149100000,1.140380859375,1.140380859375,1.1397310495376587,1.1397310495376587
1785150000000,1.1398608684539795,1.1398608684539795,1.1394712924957275,1.1396011114120483
1785150900000,1.1394712924957275,1.1397310495376587,1.1394712924957275,1.1396011114120483
1785151800000,1.1396011114120483,1.1398608684539795,1.1396011114120483,1.1396011114120483
1785152700000,1.1394712924957275,1.1394712924957275,1.1388224363327026,1.1389521360397339
1785153600000,1.1390818357467651,1.1393414735794067,1.1388224363327026,1.1388224363327026
1785154500000,1.1388224363327026,1.1389521360397339,1.1386927366256714,1.1386927366256714
1785155400000,1.1386927366256714,1.1386927366256714,1.138044834136963,1.1383039951324463
1785156300000,1.1383039951324463,1.1388224363327026,1.1383039951324463,1.1388224363327026
1785157200000,1.1385631561279297,1.1389521360397339,1.1383039951324463,1.1388224363327026
1785158100000,1.1386927366256714,1.1386927366256714,1.138044834136963,1.138044834136963
1785159000000,1.1384334564208984,1.1386927366256714,1.1383039951324463,1.1383039951324463
1785159900000,1.1383039951324463,1.1383039951324463,1.1376564502716064,1.1376564502716064
1785160800000,1.1373976469039917,1.1379153728485107,1.1373976469039917,1.1379153728485107
1785161700000,1.1379153728485107,1.1379153728485107,1.1375269889831543,1.1375269889831543
1785162600000,1.1373976469039917,1.1376564502716064,1.1373976469039917,1.1373976469039917
1785163500000,1.1375269889831543,1.1377859115600586,1.137268304824829,1.1373976469039917
1785164400000,1.1375269889831543,1.1376564502716064,1.137268304824829,1.1373976469039917
1785165300000,1.1373976469039917,1.1379153728485107,1.1373976469039917,1.1379153728485107
1785166200000,1.1379153728485107,1.1379153728485107,1.1377859115600586,1.1379153728485107
1785167100000,1.1377859115600586,1.138044834136963,1.1377859115600586,1.1379153728485107
1785168000000,1.1377859115600586,1.138044834136963,1.1377859115600586,1.1379153728485107
1785168900000,1.1379153728485107,1.1386927366256714,1.1379153728485107,1.1385631561279297
1785169800000,1.1385631561279297,1.1388224363327026,1.1385631561279297,1.1385631561279297
1785170700000,1.1385631561279297,1.1385631561279297,1.1383039951324463,1.1383039951324463
1785171600000,1.1381744146347046,1.1383039951324463,1.1376564502716064,1.1377859115600586
1785172500000,1.1376564502716064,1.1376564502716064,1.137268304824829,1.1373976469039917
1785173400000,1.137268304824829,1.1376564502716064,1.137268304824829,1.137268304824829
1785174300000,1.137268304824829,1.1376564502716064,1.1371389627456665,1.1376564502716064
1785175200000,1.1375269889831543,1.1376564502716064,1.1375269889831543,1.1376564502716064
1785176100000,1.1376564502716064,1.1376564502716064,1.137268304824829,1.137268304824829
1785177000000,1.1373976469039917,1.1373976469039917,1.1371389627456665,1.1373976469039917
1785177900000,1.137268304824829,1.137268304824829,1.1371389627456665,1.1371389627456665
1785178800000,1.137268304824829,1.137268304824829,1.1370097398757935,1.1370097398757935
1785179700000,1.1371389627456665,1.1373976469039917,1.1371389627456665,1.1373976469039917
1785180600000,1.1375269889831543,1.1376564502716064,1.1373976469039917,1.1375269889831543
1785181500000,1.1375269889831543,1.1375269889831543,1.1373976469039917,1.1373976469039917
1785182400000,1.137268304824829,1.1375269889831543,1.137268304824829,1.1375269889831543
1785183300000,1.1375269889831543,1.1375269889831543,1.1373976469039917,1.1373976469039917
1785184200000,1.1373976469039917,1.1373976469039917,1.1371389627456665,1.1371389627456665
1785185100000,1.1370097398757935,1.1371389627456665,1.1370097398757935,1.1371389627456665
1785186000000,1.1364928483963013,1.1381744146347046,1.1364928483963013,1.1381744146347046
1785186900000,1.1379153728485107,1.1381744146347046,1.1379153728485107,1.138044834136963
1785187800000,1.1384334564208984,1.1384334564208984,1.1373976469039917,1.1377859115600586
1785188700000,1.1379153728485107,1.1379153728485107,1.137268304824829,1.1375269889831543
1785189600000,1.137268304824829,1.1375269889831543,1.137268304824829,1.137268304824829
1785190500000,1.137268304824829,1.1373976469039917,1.137268304824829,1.137268304824829
1785191400000,1.137268304824829,1.1373976469039917,1.137268304824829,1.137268304824829
1785192300000,1.137268304824829,1.137268304824829,1.137268304824829,1.137268304824829
1785193200000,1.137268304824829,1.1373976469039917,1.137268304824829,1.137268304824829
1785194100000,1.1373976469039917,1.1373976469039917,1.137268304824829,1.1373976469039917
1785195000000,1.1373976469039917,1.1373976469039917,1.137268304824829,1.137268304824829
1785195900000,1.137268304824829,1.137268304824829,1.1371389627456665,1.137268304824829
1785196800000,1.1371389627456665,1.137268304824829,1.1370097398757935,1.1371389627456665
1785197700000,1.1371389627456665,1.1376564502716064,1.1371389627456665,1.1375269889831543
1785198600000,1.1375269889831543,1.1376564502716064,1.1375269889831543,1.1375269889831543
1785199500000,1.1375269889831543,1.1377859115600586,1.1373976469039917,1.1377859115600586
1785200400000,1.1377859115600586,1.138044834136963,1.1377859115600586,1.1377859115600586
1785201300000,1.1377859115600586,1.1379153728485107,1.1377859115600586,1.1379153728485107
1785202200000,1.1379153728485107,1.1379153728485107,1.1376564502716064,1.1376564502716064
1785203100000,1.1376564502716064,1.1376564502716064,1.1373976469039917,1.1376564502716064
1785204000000,1.1376564502716064,1.1377859115600586,1.1375269889831543,1.1376564502716064
1785204900000,1.1377859115600586,1.1377859115600586,1.1375269889831543,1.1375269889831543
1785205800000,1.1375269889831543,1.1376564502716064,1.1375269889831543,1.1376564502716064
1785206700000,1.1376564502716064,1.1381744146347046,1.1376564502716064,1.138044834136963
1785207600000,1.138044834136963,1.138044834136963,1.1379153728485107,1.1379153728485107
1785208500000,1.1379153728485107,1.1381744146347046,1.1379153728485107,1.138044834136963
1785209400000,1.1381744146347046,1.1383039951324463,1.1379153728485107,1.1379153728485107
1785210300000,1.1379153728485107,1.1379153728485107,1.1376564502716064,1.1377859115600586
1785211200000,1.1376564502716064,1.1376564502716064,1.1373976469039917,1.1373976469039917
1785212100000,1.1373976469039917,1.1375269889831543,1.137268304824829,1.1373976469039917
1785213000000,1.1376564502716064,1.1376564502716064,1.1373976469039917,1.1373976469039917
1785213900000,1.1373976469039917,1.1375269889831543,1.1371389627456665,1.137268304824829
1785214800000,1.1371389627456665,1.1371389627456665,1.1366219520568848,1.1366219520568848
1785215700000,1.1366219520568848,1.1367511749267578,1.1364928483963013,1.1367511749267578
1785216600000,1.1368803977966309,1.1368803977966309,1.1366219520568848,1.1368803977966309
1785217500000,1.1368803977966309,1.1370097398757935,1.1367511749267578,1.1370097398757935
1785218400000,1.1370097398757935,1.1371389627456665,1.1368803977966309,1.1370097398757935
1785219300000,1.1371389627456665,1.1373976469039917,1.1370097398757935,1.1373976469039917
1785220200000,1.1373976469039917,1.1375269889831543,1.137268304824829,1.1373976469039917
1785221100000,1.137268304824829,1.1373976469039917,1.1371389627456665,1.1371389627456665
1785222000000,1.1371389627456665,1.1376564502716064,1.1370097398757935,1.1375269889831543
1785222900000,1.1376564502716064,1.1376564502716064,1.137268304824829,1.137268304824829
1785223800000,1.1373976469039917,1.1375269889831543,1.1371389627456665,1.1371389627456665
1785224700000,1.1371389627456665,1.1371389627456665,1.1367511749267578,1.1368803977966309
1785225600000,1.1368803977966309,1.1373976469039917,1.1368803977966309,1.1371389627456665
1785226500000,1.1371389627456665,1.1375269889831543,1.1371389627456665,1.137268304824829
1785227400000,1.1373976469039917,1.1373976469039917,1.1371389627456665,1.1373976469039917
1785228300000,1.1373976469039917,1.1375269889831543,1.1373976469039917,1.1375269889831543
1785229200000,1.1376564502716064,1.1376564502716064,1.1370097398757935,1.1370097398757935
1785230100000,1.1370097398757935,1.1371389627456665,1.1368803977966309,1.1370097398757935
1785231000000,1.1368803977966309,1.1368803977966309,1.1366219520568848,1.1366219520568848
1785231900000,1.1363636255264282,1.1364928483963013,1.1359764337539673,1.1359764337539673
1785232800000,1.1359764337539673,1.1359764337539673,1.1357183456420898,1.1359764337539673
1785233700000,1.1358473300933838,1.1361054182052612,1.1358473300933838,1.1359764337539673
1785234600000,1.1359764337539673,1.1363636255264282,1.1359764337539673,1.1361054182052612
1785235500000,1.1361054182052612,1.1366219520568848,1.1361054182052612,1.1363636255264282
1785236400000,1.1364928483963013,1.1364928483963013,1.1361054182052612,1.1362345218658447
1785237300000,1.1363636255264282,1.1368803977966309,1.1363636255264282,1.1368803977966309
1785238200000,1.1368803977966309,1.1368803977966309,1.1367511749267578,1.1367511749267578
1785239100000,1.1367511749267578,1.1371389627456665,1.1364928483963013,1.1370097398757935
1785240000000,1.1368803977966309,1.1368803977966309,1.1364928483963013,1.1368803977966309
1785240900000,1.1368803977966309,1.1368803977966309,1.1366219520568848,1.1366219520568848
1785241800000,1.1366219520568848,1.1368803977966309,1.1364928483963013,1.1368803977966309
1785242700000,1.1368803977966309,1.1371389627456665,1.1368803977966309,1.1370097398757935
1785243600000,1.1368803977966309,1.137268304824829,1.1368803977966309,1.1370097398757935
1785244500000,1.1370097398757935,1.1373976469039917,1.1370097398757935,1.1371389627456665
1785245400000,1.137268304824829,1.1373976469039917,1.1371389627456665,1.137268304824829
1785246300000,1.1371389627456665,1.1376564502716064,1.1371389627456665,1.1373976469039917
1785247200000,1.1375269889831543,1.1377859115600586,1.1375269889831543,1.1376564502716064
1785248100000,1.1376564502716064,1.138044834136963,1.1375269889831543,1.138044834136963
1785249000000,1.1381744146347046,1.1383039951324463,1.138044834136963,1.1383039951324463
1785249900000,1.1381744146347046,1.1389521360397339,1.138044834136963,1.1389521360397339
1785250800000,1.1389521360397339,1.1397310495376587,1.1388224363327026,1.1397310495376587
1785251700000,1.1398608684539795,1.1401208639144897,1.1396011114120483,1.1399909257888794
1785252600000,1.1399909257888794,1.140380859375,1.1398608684539795,1.140380859375
1785253500000,1.1405109167099,1.1405109167099,1.1399909257888794,1.140380859375
1785254400000,1.140380859375,1.1406410932540894,1.1402509212493896,1.1406410932540894
1785255300000,1.1405109167099,1.1407711505889893,1.1405109167099,1.1407711505889893
1785256200000,1.1407711505889893,1.1407711505889893,1.140380859375,1.140380859375
1785257100000,1.140380859375,1.140380859375,1.1399909257888794,1.1399909257888794
1785258000000,1.1398608684539795,1.1399909257888794,1.1397310495376587,1.1397310495376587
1785258900000,1.1398608684539795,1.1399909257888794,1.1396011114120483,1.1396011114120483
1785259800000,1.1396011114120483,1.1397310495376587,1.1394712924957275,1.1394712924957275
1785260700000,1.1394712924957275,1.1394712924957275,1.139211654663086,1.1393414735794067
1785261600000,1.139211654663086,1.1393414735794067,1.1390818357467651,1.139211654663086
1785262500000,1.1393414735794067,1.1394712924957275,1.1390818357467651,1.1390818357467651
1785263400000,1.139211654663086,1.139211654663086,1.1390818357467651,1.139211654663086
1785264300000,1.1390818357467651,1.1390818357467651,1.1389521360397339,1.1389521360397339
1785265200000,1.1389521360397339,1.1393414735794067,1.1389521360397339,1.1390818357467651
1785266100000,1.1390818357467651,1.1393414735794067,1.1390818357467651,1.139211654663086
1785267000000,1.139211654663086,1.1394712924957275,1.139211654663086,1.1393414735794067
1785267900000,1.1393414735794067,1.1394712924957275,1.1390818357467651,1.1390818357467651
1785268800000,1.1390818357467651,1.139211654663086,1.1390818357467651,1.139211654663086
1785269700000,1.139211654663086,1.139211654663086,1.1389521360397339,1.1389521360397339
1785270600000,1.1389521360397339,1.1390818357467651,1.1388224363327026,1.1390818357467651
1785271500000,1.1390818357467651,1.1390818357467651,1.1389521360397339,1.1389521360397339
1785272400000,1.1385631561279297,1.1398608684539795,1.1383039951324463,1.1393414735794067
1785273300000,1.1394712924957275,1.1396011114120483,1.139211654663086,1.1394712924957275
1785274200000,1.1393414735794067,1.1396011114120483,1.1393414735794067,1.1394712924957275
1785275100000,1.1396011114120483,1.1396011114120483,1.139211654663086,1.1394712924957275
1785276000000,1.139211654663086,1.1394712924957275,1.139211654663086,1.139211654663086
1785276900000,1.139211654663086,1.139211654663086,1.1388224363327026,1.1388224363327026
1785277800000,1.1388224363327026,1.1389521360397339,1.1388224363327026,1.1388224363327026
1785278700000,1.1388224363327026,1.1388224363327026,1.1388224363327026,1.1388224363327026
1785279600000,1.1388224363327026,1.1388224363327026,1.1385631561279297,1.1386927366256714
1785280500000,1.1386927366256714,1.1388224363327026,1.1386927366256714,1.1388224363327026
1785281400000,1.1388224363327026,1.1388224363327026,1.1388224363327026,1.1388224363327026
1785282300000,1.1388224363327026,1.1389521360397339,1.1386927366256714,1.1389521360397339
1785283200000,1.1388224363327026,1.1389521360397339,1.1385631561279297,1.1386927366256714
1785284100000,1.1386927366256714,1.1393414735794067,1.1386927366256714,1.139211654663086
1785285000000,1.139211654663086,1.1393414735794067,1.139211654663086,1.139211654663086
1785285900000,1.139211654663086,1.1393414735794067,1.1390818357467651,1.1393414735794067
1785286800000,1.1394712924957275,1.1394712924957275,1.139211654663086,1.139211654663086
1785287700000,1.139211654663086,1.1396011114120483,1.139211654663086,1.1394712924957275
1785288600000,1.1390818357467651,1.1393414735794067,1.1389521360397339,1.1389521360397339
1785289500000,1.1389521360397339,1.1394712924957275,1.1389521360397339,1.1394712924957275
1785290400000,1.1394712924957275,1.1397310495376587,1.1393414735794067,1.1397310495376587
1785291300000,1.1397310495376587,1.1398608684539795,1.1396011114120483,1.1397310495376587
1785292200000,1.1397310495376587,1.1398608684539795,1.1397310495376587,1.1398608684539795
1785293100000,1.1397310495376587,1.1398608684539795,1.1396011114120483,1.1397310495376587
1785294000000,1.1397310495376587,1.1399909257888794,1.1397310495376587,1.1398608684539795
1785294900000,1.1398608684539795,1.1402509212493896,1.1398608684539795,1.1402509212493896
1785295800000,1.1402509212493896,1.140380859375,1.1402509212493896,1.1402509212493896
1785296700000,1.1402509212493896,1.140380859375,1.1399909257888794,1.1399909257888794
1785297600000,1.1399909257888794,1.1402509212493896,1.1399909257888794,1.1402509212493896
1785298500000,1.1402509212493896,1.1405109167099,1.1402509212493896,1.1402509212493896
1785299400000,1.1402509212493896,1.1406410932540894,1.1402509212493896,1.1406410932540894
1785300300000,1.1406410932540894,1.1406410932540894,1.1402509212493896,1.1405109167099
1785301200000,1.1405109167099,1.1406410932540894,1.140380859375,1.1405109167099
1785302100000,1.1405109167099,1.1405109167099,1.1402509212493896,1.1402509212493896
1785303000000,1.1402509212493896,1.1402509212493896,1.1401208639144897,1.1402509212493896
1785303900000,1.1402509212493896,1.1405109167099,1.1401208639144897,1.1401208639144897
1785304800000,1.1402509212493896,1.140380859375,1.1398608684539795,1.1399909257888794
1785305700000,1.1401208639144897,1.1401208639144897,1.1397310495376587,1.1397310495376587
1785306600000,1.1396011114120483,1.1397310495376587,1.1396011114120483,1.1397310495376587
1785307500000,1.1397310495376587,1.1397310495376587,1.1393414735794067,1.1394712924957275
1785308400000,1.1394712924957275,1.1399909257888794,1.1394712924957275,1.1397310495376587
1785309300000,1.1397310495376587,1.1401208639144897,1.1397310495376587,1.1399909257888794
1785310200000,1.1399909257888794,1.140380859375,1.1399909257888794,1.1401208639144897
1785311100000,1.1401208639144897,1.140380859375,1.1401208639144897,1.1401208639144897
1785312000000,1.1401208639144897,1.1402509212493896,1.1398608684539795,1.1398608684539795
1785312900000,1.1399909257888794,1.1399909257888794,1.1397310495376587,1.1398608684539795
1785313800000,1.1398608684539795,1.1401208639144897,1.1396011114120483,1.1401208639144897
1785314700000,1.1401208639144897,1.140380859375,1.1398608684539795,1.1399909257888794
1785315600000,1.1398608684539795,1.1399909257888794,1.1398608684539795,1.1398608684539795
1785316500000,1.1398608684539795,1.1399909257888794,1.1397310495376587,1.1398608684539795
1785317400000,1.1398608684539795,1.1399909257888794,1.1396011114120483,1.1397310495376587
1785318300000,1.1398608684539795,1.1398608684539795,1.1396011114120483,1.1396011114120483
1785319200000,1.1394712924957275,1.1396011114120483,1.1393414735794067,1.1394712924957275
1785320100000,1.1394712924957275,1.1394712924957275,1.1390818357467651,1.139211654663086
1785321000000,1.1394712924957275,1.1394712924957275,1.1390818357467651,1.1390818357467651
1785321900000,1.1390818357467651,1.1390818357467651,1.1386927366256714,1.1388224363327026
1785322800000,1.1389521360397339,1.1390818357467651,1.1389521360397339,1.1390818357467651
1785323700000,1.1390818357467651,1.139211654663086,1.1388224363327026,1.1390818357467651
1785324600000,1.1390818357467651,1.1390818357467651,1.1385631561279297,1.1385631561279297
1785325500000,1.1385631561279297,1.1388224363327026,1.1384334564208984,1.1384334564208984
1785326400000,1.1385631561279297,1.1385631561279297,1.1383039951324463,1.1383039951324463
1785327300000,1.1381744146347046,1.1383039951324463,1.1379153728485107,1.138044834136963
1785328200000,1.1379153728485107,1.1383039951324463,1.1379153728485107,1.1383039951324463
1785329100000,1.1381744146347046,1.1383039951324463,1.138044834136963,1.138044834136963
1785330000000,1.1383039951324463,1.1383039951324463,1.138044834136963,1.1383039951324463
1785330900000,1.1383039951324463,1.1389521360397339,1.1383039951324463,1.1389521360397339
1785331800000,1.1388224363327026,1.1389521360397339,1.1386927366256714,1.1389521360397339
1785332700000,1.1390818357467651,1.1394712924957275,1.1390818357467651,1.1393414735794067
1785333600000,1.1396011114120483,1.1396011114120483,1.139211654663086,1.139211654663086
1785334500000,1.139211654663086,1.1397310495376587,1.1390818357467651,1.1397310495376587
1785335400000,1.1398608684539795,1.1399909257888794,1.1394712924957275,1.1394712924957275
1785336300000,1.1394712924957275,1.1394712924957275,1.1384334564208984,1.1384334564208984
1785337200000,1.1384334564208984,1.1388224363327026,1.1383039951324463,1.1388224363327026
1785338100000,1.1388224363327026,1.1388224363327026,1.1381744146347046,1.1384334564208984
1785339000000,1.1383039951324463,1.1384334564208984,1.1381744146347046,1.1384334564208984
1785339900000,1.1384334564208984,1.1386927366256714,1.1384334564208984,1.1385631561279297
1785340800000,1.1385631561279297,1.1385631561279297,1.1381744146347046,1.1383039951324463
1785341700000,1.138044834136963,1.1385631561279297,1.138044834136963,1.1385631561279297
1785342600000,1.1385631561279297,1.1385631561279297,1.1383039951324463,1.1385631561279297
1785343500000,1.1385631561279297,1.1388224363327026,1.1385631561279297,1.1388224363327026
1785344400000,1.1388224363327026,1.1393414735794067,1.1388224363327026,1.1393414735794067
1785345300000,1.139211654663086,1.1396011114120483,1.139211654663086,1.1393414735794067
1785346200000,1.1393414735794067,1.1398608684539795,1.1393414735794067,1.1398608684539795
1785347100000,1.1399909257888794,1.1402509212493896,1.1398608684539795,1.1399909257888794
1785348000000,1.1418131589889526,1.142987847328186,1.1418131589889526,1.1428571939468384
1785348900000,1.1432491540908813,1.1432491540908813,1.1420739889144897,1.1423349380493164
1785349800000,1.1428571939468384,1.1436413526535034,1.1411616802215576,1.1436413526535034
1785350700000,1.1439030170440674,1.1454753875732422,1.1439030170440674,1.1453442573547363
1785351600000,1.1456066370010376,1.145737886428833,1.144688606262207,1.1453442573547363
1785352500000,1.1456066370010376,1.1469204425811768,1.1454753875732422,1.1456066370010376
1785353400000,1.1454753875732422,1.1461317539215088,1.1449507474899292,1.1461317539215088
1785354300000,1.1458691358566284,1.1460003852844238,1.145213007926941,1.145213007926941
1785355200000,1.145081877708435,1.1454753875732422,1.145081877708435,1.1454753875732422
1785356100000,1.1453442573547363,1.1458691358566284,1.1453442573547363,1.1458691358566284
1785357000000,1.1458691358566284,1.1469204425811768,1.1458691358566284,1.1469204425811768
1785357900000,1.1467890739440918,1.147315263748169,1.1467890739440918,1.1470520496368408
1785358800000,1.1475785970687866,1.1492931842803955,1.1453442573547363,1.1465259790420532
1785359700000,1.1463946104049683,1.1469204425811768,1.1463946104049683,1.1467890739440918
1785360600000,1.1467890739440918,1.1469204425811768,1.1465259790420532,1.1469204425811768
1785361500000,1.1467890739440918,1.1467890739440918,1.1463946104049683,1.1465259790420532
1785362400000,1.1469204425811768,1.1471836566925049,1.1469204425811768,1.1471836566925049
1785363300000,1.1471836566925049,1.147315263748169,1.1470520496368408,1.1470520496368408
1785364200000,1.1471836566925049,1.147315263748169,1.1471836566925049,1.147315263748169
1785365100000,1.147315263748169,1.147446870803833,1.147315263748169,1.147446870803833
1785366000000,1.1475785970687866,1.1478420495986938,1.147315263748169,1.147315263748169
1785366900000,1.147315263748169,1.147446870803833,1.1470520496368408,1.1470520496368408
1785367800000,1.1470520496368408,1.1470520496368408,1.1469204425811768,1.1469204425811768
1785368700000,1.1467890739440918,1.147315263748169,1.1467890739440918,1.1470520496368408
1785369600000,1.1470520496368408,1.1471836566925049,1.1467890739440918,1.1470520496368408
1785370500000,1.1470520496368408,1.1470520496368408,1.1460003852844238,1.1461317539215088
1785371400000,1.1461317539215088,1.1461317539215088,1.1460003852844238,1.1460003852844238
1785372300000,1.1460003852844238,1.1461317539215088,1.1460003852844238,1.1461317539215088
1785373200000,1.1461317539215088,1.1463946104049683,1.1461317539215088,1.1462632417678833
1785374100000,1.1462632417678833,1.1462632417678833,1.145737886428833,1.1458691358566284
1785375000000,1.1458691358566284,1.1461317539215088,1.1458691358566284,1.1460003852844238
1785375900000,1.1460003852844238,1.1461317539215088,1.1456066370010376,1.1456066370010376
1785376800000,1.1458691358566284,1.1458691358566284,1.1456066370010376,1.1456066370010376
1785377700000,1.1456066370010376,1.1456066370010376,1.1454753875732422,1.1456066370010376
1785378600000,1.1456066370010376,1.1458691358566284,1.1456066370010376,1.145737886428833
1785379500000,1.145737886428833,1.1458691358566284,1.1456066370010376,1.1456066370010376
1785380400000,1.1456066370010376,1.145737886428833,1.1454753875732422,1.1454753875732422
1785381300000,1.1454753875732422,1.1454753875732422,1.145213007926941,1.1453442573547363
1785382200000,1.1453442573547363,1.1456066370010376,1.1453442573547363,1.1456066370010376
1785383100000,1.1454753875732422,1.1454753875732422,1.1453442573547363,1.1453442573547363
1785384000000,1.145213007926941,1.1456066370010376,1.145213007926941,1.1456066370010376
1785384900000,1.1456066370010376,1.145737886428833,1.1456066370010376,1.1456066370010376
1785385800000,1.1456066370010376,1.145737886428833,1.1456066370010376,1.1456066370010376
1785386700000,1.1456066370010376,1.1456066370010376,1.1453442573547363,1.1453442573547363
1785387600000,1.1453442573547363,1.1458691358566284,1.1453442573547363,1.1458691358566284
1785388500000,1.1458691358566284,1.1460003852844238,1.145737886428833,1.1458691358566284
1785389400000,1.1458691358566284,1.1458691358566284,1.1454753875732422,1.1454753875732422
1785390300000,1.1456066370010376,1.145737886428833,1.145213007926941,1.1453442573547363
1785391200000,1.1454753875732422,1.1454753875732422,1.144688606262207,1.144688606262207
1785392100000,1.1449507474899292,1.1449507474899292,1.144688606262207,1.144819736480713
1785393000000,1.144819736480713,1.145081877708435,1.144688606262207,1.145081877708435
1785393900000,1.1449507474899292,1.1453442573547363,1.1449507474899292,1.145081877708435
1785394800000,1.145081877708435,1.1454753875732422,1.1445575952529907,1.1445575952529907
1785395700000,1.1445575952529907,1.144688606262207,1.1440337896347046,1.1440337896347046
1785396600000,1.1439030170440674,1.144164800643921,1.1439030170440674,1.144164800643921
1785397500000,1.1440337896347046,1.144164800643921,1.1440337896347046,1.144164800643921
1785398400000,1.144426703453064,1.145081877708435,1.1442956924438477,1.145081877708435
1785399300000,1.145081877708435,1.145737886428833,1.145081877708435,1.145737886428833
1785400200000,1.145737886428833,1.145737886428833,1.1449507474899292,1.1453442573547363
1785401100000,1.1454753875732422,1.145737886428833,1.145081877708435,1.145213007926941
1785402000000,1.1453442573547363,1.1461317539215088,1.1453442573547363,1.1461317539215088
1785402900000,1.1461317539215088,1.1466574668884277,1.1461317539215088,1.1466574668884277
1785403800000,1.1463946104049683,1.1466574668884277,1.1463946104049683,1.1465259790420532
1785404700000,1.1465259790420532,1.1470520496368408,1.1465259790420532,1.1467890739440918
1785405600000,1.1467890739440918,1.147315263748169,1.1465259790420532,1.147315263748169
1785406500000,1.1475785970687866,1.1479737758636475,1.147315263748169,1.1475785970687866
1785407400000,1.1475785970687866,1.1485011577606201,1.1475785970687866,1.1485011577606201
1785408300000,1.1485011577606201,1.1486331224441528,1.1477103233337402,1.1477103233337402
1785409200000,1.1478420495986938,1.1479737758636475,1.1475785970687866,1.1475785970687866
1785410100000,1.1475785970687866,1.1475785970687866,1.1470520496368408,1.1470520496368408
1785411000000,1.1470520496368408,1.1470520496368408,1.1469204425811768,1.1469204425811768
1785411900000,1.1469204425811768,1.1478420495986938,1.1469204425811768,1.1478420495986938
1785412800000,1.1479737758636475,1.148369312286377,1.1479737758636475,1.148369312286377
1785413700000,1.1482374668121338,1.1482374668121338,1.1478420495986938,1.1481056213378906
1785414600000,1.1486331224441528,1.1486331224441528,1.1475785970687866,1.1485011577606201
1785415500000,1.1485011577606201,1.1485011577606201,1.147446870803833,1.1477103233337402
1785416400000,1.1477103233337402,1.1478420495986938,1.147315263748169,1.1477103233337402
1785417300000,1.147446870803833,1.148369312286377,1.147446870803833,1.148369312286377
1785418200000,1.148369312286377,1.150483250617981,1.148369312286377,1.150483250617981
1785419100000,1.1506155729293823,1.1526048183441162,1.15035080909729,1.1526048183441162
1785420000000,1.1526048183441162,1.1538017988204956,1.1522064208984375,1.1528706550598145
1785420900000,1.1532695293426514,1.1535356044769287,1.152339220046997,1.152339220046997
1785421800000,1.1524720191955566,1.1524720191955566,1.151410460472107,1.151410460472107
1785422700000,1.1518083810806274,1.1518083810806274,1.1507480144500732,1.1507480144500732
1785423600000,1.150483250617981,1.1508804559707642,1.15035080909729,1.1506155729293823
1785424500000,1.151145339012146,1.1518083810806274,1.151145339012146,1.1518083810806274
1785425400000,1.1519410610198975,1.1526048183441162,1.1518083810806274,1.1524720191955566
1785426300000,1.1526048183441162,1.1527377367019653,1.1524720191955566,1.1524720191955566
1785427200000,1.1527377367019653,1.1531364917755127,1.1527377367019653,1.1527377367019653
1785428100000,1.1527377367019653,1.1532695293426514,1.1527377367019653,1.1532695293426514
1785429000000,1.15340256690979,1.15340256690979,1.1528706550598145,1.1528706550598145
1785429900000,1.1528706550598145,1.1531364917755127,1.1527377367019653,1.1531364917755127
1785430800000,1.1532695293426514,1.1532695293426514,1.1524720191955566,1.1524720191955566
1785431700000,1.152339220046997,1.152339220046997,1.1522064208984375,1.152339220046997
1785432600000,1.1522064208984375,1.1531364917755127,1.1519410610198975,1.1531364917755127
1785433500000,1.1532695293426514,1.1532695293426514,1.1530035734176636,1.1531364917755127
1785434400000,1.1535356044769287,1.1538017988204956,1.1532695293426514,1.1538017988204956
1785435300000,1.1538017988204956,1.1538017988204956,1.1531364917755127,1.1532695293426514
1785436200000,1.15340256690979,1.1536686420440674,1.1532695293426514,1.15340256690979
1785437100000,1.1535356044769287,1.1538017988204956,1.1535356044769287,1.1538017988204956
1785438000000,1.1539349555969238,1.1539349555969238,1.1531364917755127,1.15340256690979
1785438900000,1.1531364917755127,1.1536686420440674,1.1531364917755127,1.1535356044769287
1785439800000,1.1535356044769287,1.1535356044769287,1.15340256690979,1.15340256690979
1785440700000,1.1535356044769287,1.1535356044769287,1.1532695293426514,1.1535356044769287
1785441600000,1.15340256690979,1.1535356044769287,1.1532695293426514,1.15340256690979
1785442500000,1.15340256690979,1.15340256690979,1.1531364917755127,1.1531364917755127
1785443400000,1.1530035734176636,1.1532695293426514,1.1530035734176636,1.1530035734176636
1785444300000,1.1530035734176636,1.1532695293426514,1.1530035734176636,1.1531364917755127
1785445200000,1.1531364917755127,1.1532695293426514,1.1528706550598145,1.1528706550598145
1785446100000,1.1528706550598145,1.1530035734176636,1.1527377367019653,1.1527377367019653
1785447000000,1.1527377367019653,1.1530035734176636,1.1527377367019653,1.1530035734176636
1785447900000,1.1527377367019653,1.1530035734176636,1.1527377367019653,1.1528706550598145
1785448800000,1.1530035734176636,1.1532695293426514,1.1528706550598145,1.1530035734176636
1785449700000,1.1530035734176636,1.1531364917755127,1.1528706550598145,1.1530035734176636
1785450600000,1.1530035734176636,1.15340256690979,1.1530035734176636,1.1532695293426514
1785451500000,1.1532695293426514,1.15340256690979,1.1531364917755127,1.1531364917755127
1785452400000,1.1532695293426514,1.15340256690979,1.1528706550598145,1.1528706550598145
1785453300000,1.1528706550598145,1.1530035734176636,1.1527377367019653,1.1528706550598145
1785454200000,1.1527377367019653,1.1528706550598145,1.1526048183441162,1.1527377367019653
1785455100000,1.1528706550598145,1.1528706550598145,1.1526048183441162,1.1526048183441162
1785456000000,1.1527377367019653,1.1527377367019653,1.152339220046997,1.1526048183441162
1785456900000,1.1526048183441162,1.1530035734176636,1.1526048183441162,1.1526048183441162
1785457800000,1.1526048183441162,1.1526048183441162,1.1519410610198975,1.1519410610198975
1785458700000,1.1520737409591675,1.152339220046997,1.1519410610198975,1.1522064208984375
1785459600000,1.1522064208984375,1.152339220046997,1.1519410610198975,1.1519410610198975
1785460500000,1.1519410610198975,1.1522064208984375,1.1519410610198975,1.1520737409591675
1785461400000,1.1519410610198975,1.152339220046997,1.1518083810806274,1.1518083810806274
1785462300000,1.1518083810806274,1.1518083810806274,1.151410460472107,1.151410460472107
1785463200000,1.151410460472107,1.1519410610198975,1.151410460472107,1.1519410610198975
1785464100000,1.1518083810806274,1.1518083810806274,1.1516757011413574,1.1516757011413574
1785465000000,1.1516757011413574,1.1518083810806274,1.151543140411377,1.151543140411377
1785465900000,1.151543140411377,1.151543140411377,1.151410460472107,1.151543140411377
1785466800000,1.151543140411377,1.151543140411377,1.1512778997421265,1.151410460472107
1785467700000,1.151410460472107,1.151410460472107,1.151145339012146,1.1512778997421265
1785468600000,1.1512778997421265,1.1512778997421265,1.151012897491455,1.151012897491455
1785469500000,1.151145339012146,1.1516757011413574,1.151145339012146,1.1516757011413574
1785470400000,1.1516757011413574,1.1516757011413574,1.151543140411377,1.151543140411377
1785471300000,1.151543140411377,1.1516757011413574,1.151543140411377,1.151543140411377
1785472200000,1.151410460472107,1.151410460472107,1.1508804559707642,1.151012897491455
1785473100000,1.1508804559707642,1.151145339012146,1.1508804559707642,1.151145339012146
1785474000000,1.151145339012146,1.1512778997421265,1.151012897491455,1.151012897491455
1785474900000,1.1508804559707642,1.151012897491455,1.1508804559707642,1.151012897491455
1785475800000,1.1508804559707642,1.1512778997421265,1.1508804559707642,1.151012897491455
1785476700000,1.151012897491455,1.151012897491455,1.1508804559707642,1.151012897491455
1785477600000,1.1508804559707642,1.1519410610198975,1.1508804559707642,1.1518083810806274
1785478500000,1.1518083810806274,1.1524720191955566,1.1518083810806274,1.1524720191955566
1785479400000,1.1520737409591675,1.1522064208984375,1.151410460472107,1.151543140411377
1785480300000,1.1519410610198975,1.1524720191955566,1.1519410610198975,1.1520737409591675
1785481200000,1.1520737409591675,1.1520737409591675,1.1518083810806274,1.1520737409591675
1785482100000,1.1519410610198975,1.1519410610198975,1.1516757011413574,1.1519410610198975
1785483000000,1.1516757011413574,1.1522064208984375,1.151543140411377,1.1522064208984375
1785483900000,1.1522064208984375,1.1527377367019653,1.1516757011413574,1.1516757011413574
1785484800000,1.1518083810806274,1.1519410610198975,1.151145339012146,1.151410460472107
1785485700000,1.151410460472107,1.151543140411377,1.1512778997421265,1.1512778997421265
1785486600000,1.151145339012146,1.1512778997421265,1.1508804559707642,1.151145339012146
1785487500000,1.1512778997421265,1.1528706550598145,1.1512778997421265,1.1528706550598145
1785488400000,1.1527377367019653,1.1527377367019653,1.1519410610198975,1.1519410610198975
1785489300000,1.1518083810806274,1.1520737409591675,1.1512778997421265,1.1512778997421265
1785490200000,1.1512778997421265,1.151410460472107,1.1508804559707642,1.1508804559707642
1785491100000,1.1507480144500732,1.1512778997421265,1.1507480144500732,1.1508804559707642
1785492000000,1.1507480144500732,1.151145339012146,1.1507480144500732,1.151145339012146
1785492900000,1.151012897491455,1.151012897491455,1.1506155729293823,1.1506155729293823
1785493800000,1.1506155729293823,1.1507480144500732,1.150483250617981,1.1507480144500732
1785494700000,1.1506155729293823,1.1507480144500732,1.150483250617981,1.150483250617981
1785495600000,1.150483250617981,1.150483250617981,1.1502184867858887,1.1502184867858887
1785496500000,1.1502184867858887,1.1502184867858887,1.1495574712753296,1.1496896743774414
1785497400000,1.1495574712753296,1.1495574712753296,1.1492931842803955,1.1494252681732178
1785498300000,1.1494252681732178,1.1494252681732178,1.1488970518112183,1.1488970518112183
1785499200000,1.1487650871276855,1.1490291357040405,1.1486331224441528,1.1490291357040405
1785500100000,1.1490291357040405,1.1491611003875732,1.1487650871276855,1.1487650871276855
1785501000000,1.1486331224441528,1.1490291357040405,1.1486331224441528,1.1488970518112183
1785501900000,1.1488970518112183,1.1494252681732178,1.1487650871276855,1.1492931842803955
1785502800000,1.1491611003875732,1.1494252681732178,1.1491611003875732,1.1491611003875732
1785503700000,1.1491611003875732,1.1506155729293823,1.1490291357040405,1.15035080909729
1785504600000,1.15035080909729,1.15035080909729,1.1461317539215088,1.147315263748169
1785505500000,1.1471836566925049,1.1477103233337402,1.1469204425811768,1.1470520496368408
1785506400000,1.1470520496368408,1.1477103233337402,1.1466574668884277,1.1477103233337402
1785507300000,1.1477103233337402,1.1482374668121338,1.1475785970687866,1.1481056213378906
1785508200000,1.148369312286377,1.1492931842803955,1.148369312286377,1.1492931842803955
1785509100000,1.1495574712753296,1.1508804559707642,1.1495574712753296,1.1508804559707642
1785510000000,1.151012897491455,1.151012897491455,1.1500862836837769,1.1506155729293823
1785510900000,1.1507480144500732,1.151145339012146,1.15035080909729,1.1506155729293823
1785511800000,1.1507480144500732,1.1512778997421265,1.150483250617981,1.1512778997421265
1785512700000,1.151145339012146,1.1522064208984375,1.151145339012146,1.1522064208984375
1785513600000,1.1520737409591675,1.1522064208984375,1.1516757011413574,1.1522064208984375
1785514500000,1.1519410610198975,1.1520737409591675,1.1516757011413574,1.1516757011413574
1785515400000,1.1516757011413574,1.1520737409591675,1.1516757011413574,1.1516757011413574
1785516300000,1.1518083810806274,1.1520737409591675,1.1518083810806274,1.1520737409591675
1785517200000,1.1522064208984375,1.1526048183441162,1.1520737409591675,1.1526048183441162
1785518100000,1.1526048183441162,1.1530035734176636,1.152339220046997,1.1530035734176636
1785519000000,1.1531364917755127,1.1538017988204956,1.1531364917755127,1.1538017988204956
1785519900000,1.1538017988204956,1.154068112373352,1.1531364917755127,1.1538017988204956
1785520800000,1.1536686420440674,1.1538017988204956,1.15340256690979,1.15340256690979
1785521700000,1.1531364917755127,1.15340256690979,1.1531364917755127,1.1532695293426514
1785522600000,1.1532695293426514,1.15340256690979,1.1530035734176636,1.1531364917755127
1785523500000,1.1530035734176636,1.15340256690979,1.1528706550598145,1.15340256690979
1785524400000,1.1535356044769287,1.1536686420440674,1.1535356044769287,1.1535356044769287
1785525300000,1.1535356044769287,1.1535356044769287,1.15340256690979,1.1535356044769287
1785526200000,1.15340256690979,1.1535356044769287,1.1530035734176636,1.1535356044769287
1785527100000,1.1536686420440674,1.1539349555969238,1.15340256690979,1.15340256690979
1785528000000,1.15340256690979,1.15340256690979,1.1528706550598145,1.1531364917755127
1785528900000,1.15340256690979,1.1542012691497803,1.15340256690979,1.1539349555969238
1785529800000,1.1539349555969238,1.154334545135498,1.1538017988204956,1.154334545135498
1785530700000,1.1544678211212158,1.155001163482666,1.1532695293426514,1.1532695293426514
1785531600000,1.1527377367019653,1.1527377367019653,1.1527377367019653,1.1527377367019653
1785532500000,1.1527377367019653,1.1527377367019653,1.1527377367019653,1.1527377367019653
1785711600000,1.1552680730819702,1.1552680730819702,1.1547343730926514,1.1548677682876587
1785712500000,1.1548677682876587,1.1548677682876587,1.1546010971069336,1.1548677682876587
1785713400000,1.1548677682876587,1.1548677682876587,1.1546010971069336,1.1547343730926514
1785714300000,1.1547343730926514,1.1547343730926514,1.1546010971069336,1.1547343730926514
1785715200000,1.154334545135498,1.154334545135498,1.1539349555969238,1.154068112373352
1785716100000,1.154068112373352,1.1551345586776733,1.1539349555969238,1.1551345586776733
1785717000000,1.1552680730819702,1.1558021306991577,1.1551345586776733,1.1558021306991577
1785717900000,1.1558021306991577,1.1558021306991577,1.1546010971069336,1.1546010971069336
1785718800000,1.154334545135498,1.1547343730926514,1.1539349555969238,1.1539349555969238
1785719700000,1.1539349555969238,1.1539349555969238,1.1535356044769287,1.1535356044769287
1785720600000,1.1535356044769287,1.1536686420440674,1.15340256690979,1.1535356044769287
1785721500000,1.1535356044769287,1.1535356044769287,1.15340256690979,1.1535356044769287
1785722400000,1.1535356044769287,1.1536686420440674,1.15340256690979,1.15340256690979
1785723300000,1.1532695293426514,1.1536686420440674,1.1532695293426514,1.1536686420440674
1785724200000,1.1536686420440674,1.1538017988204956,1.1535356044769287,1.1535356044769287
1785725100000,1.1535356044769287,1.1536686420440674,1.15340256690979,1.15340256690979
1785726000000,1.15340256690979,1.15340256690979,1.1531364917755127,1.1531364917755127
1785726900000,1.1530035734176636,1.1532695293426514,1.1530035734176636,1.1532695293426514
1785727800000,1.1531364917755127,1.1531364917755127,1.1530035734176636,1.1531364917755127
1785728700000,1.1531364917755127,1.15340256690979,1.1531364917755127,1.15340256690979
1785729600000,1.15340256690979,1.1535356044769287,1.1532695293426514,1.1535356044769287
1785730500000,1.1535356044769287,1.1536686420440674,1.15340256690979,1.1536686420440674
1785731400000,1.1536686420440674,1.1539349555969238,1.1535356044769287,1.1539349555969238
1785732300000,1.1538017988204956,1.1538017988204956,1.1536686420440674,1.1538017988204956
1785733200000,1.1538017988204956,1.1539349555969238,1.1535356044769287,1.1536686420440674
1785734100000,1.1536686420440674,1.1538017988204956,1.1535356044769287,1.1536686420440674
1785735000000,1.1538017988204956,1.1539349555969238,1.1536686420440674,1.1539349555969238
1785735900000,1.1539349555969238,1.154068112373352,1.1538017988204956,1.154068112373352
1785736800000,1.1542012691497803,1.1542012691497803,1.1536686420440674,1.1536686420440674
1785737700000,1.1536686420440674,1.1538017988204956,1.1535356044769287,1.1536686420440674
1785738600000,1.1536686420440674,1.1536686420440674,1.1528706550598145,1.1528706550598145
1785739500000,1.1527377367019653,1.1531364917755127,1.1527377367019653,1.1530035734176636
1785740400000,1.1531364917755127,1.1532695293426514,1.1526048183441162,1.1532695293426514
1785741300000,1.1532695293426514,1.1532695293426514,1.1524720191955566,1.1532695293426514
1785742200000,1.15340256690979,1.1535356044769287,1.1527377367019653,1.1530035734176636
1785743100000,1.1530035734176636,1.1530035734176636,1.1527377367019653,1.1530035734176636
1785744000000,1.1527377367019653,1.1530035734176636,1.1527377367019653,1.1530035734176636
1785744900000,1.1528706550598145,1.1530035734176636,1.1526048183441162,1.1527377367019653
1785745800000,1.1527377367019653,1.1528706550598145,1.1527377367019653,1.1528706550598145
1785746700000,1.1527377367019653,1.1528706550598145,1.1524720191955566,1.1526048183441162
1785747600000,1.1527377367019653,1.1528706550598145,1.152339220046997,1.1528706550598145
1785748500000,1.1527377367019653,1.1527377367019653,1.1524720191955566,1.1527377367019653
1785749400000,1.1527377367019653,1.1531364917755127,1.1527377367019653,1.1531364917755127
1785750300000,1.1531364917755127,1.1532695293426514,1.1526048183441162,1.1526048183441162
1785751200000,1.1524720191955566,1.1527377367019653,1.1524720191955566,1.1527377367019653
1785752100000,1.1526048183441162,1.1527377367019653,1.1520737409591675,1.1526048183441162
1785753000000,1.1526048183441162,1.1526048183441162,1.1524720191955566,1.1524720191955566
1785753900000,1.152339220046997,1.1527377367019653,1.152339220046997,1.1526048183441162
1785754800000,1.1527377367019653,1.1530035734176636,1.1527377367019653,1.1528706550598145
1785755700000,1.1528706550598145,1.1528706550598145,1.1524720191955566,1.1524720191955566
1785756600000,1.1526048183441162,1.1528706550598145,1.1526048183441162,1.1528706550598145
1785757500000,1.1530035734176636,1.1535356044769287,1.1530035734176636,1.1535356044769287
1785758400000,1.1536686420440674,1.1538017988204956,1.15340256690979,1.15340256690979
1785759300000,1.1535356044769287,1.1536686420440674,1.1532695293426514,1.15340256690979
1785760200000,1.15340256690979,1.1536686420440674,1.1528706550598145,1.1528706550598145
1785761100000,1.1528706550598145,1.1531364917755127,1.1526048183441162,1.1531364917755127
1785762000000,1.1532695293426514,1.1536686420440674,1.1531364917755127,1.1532695293426514
1785762900000,1.1532695293426514,1.1535356044769287,1.1528706550598145,1.1535356044769287
1785763800000,1.1535356044769287,1.1538017988204956,1.1530035734176636,1.1530035734176636
1785764700000,1.1532695293426514,1.1532695293426514,1.1526048183441162,1.1530035734176636
1785765600000,1.1526048183441162,1.1530035734176636,1.1519410610198975,1.1519410610198975
1785766500000,1.1520737409591675,1.152339220046997,1.1519410610198975,1.1519410610198975
1785767400000,1.1518083810806274,1.1520737409591675,1.151410460472107,1.1516757011413574
1785768300000,1.1516757011413574,1.1519410610198975,1.151543140411377,1.1518083810806274
1785769200000,1.151543140411377,1.151543140411377,1.1506155729293823,1.1506155729293823
1785770100000,1.1507480144500732,1.151012897491455,1.1506155729293823,1.1507480144500732
1785771000000,1.1507480144500732,1.1508804559707642,1.1506155729293823,1.1507480144500732
1785771900000,1.1507480144500732,1.1512778997421265,1.1507480144500732,1.1512778997421265
1785772800000,1.1512778997421265,1.151410460472107,1.151012897491455,1.151145339012146
1785773700000,1.151012897491455,1.151145339012146,1.1508804559707642,1.1508804559707642
1785774600000,1.1508804559707642,1.151145339012146,1.1508804559707642,1.151012897491455
1785775500000,1.151012897491455,1.151145339012146,1.1508804559707642,1.151012897491455
1785776400000,1.1508804559707642,1.1508804559707642,1.1507480144500732,1.1507480144500732
1785777300000,1.1506155729293823,1.1507480144500732,1.1506155729293823,1.1507480144500732
1785778200000,1.1507480144500732,1.1507480144500732,1.1506155729293823,1.1507480144500732
1785779100000,1.1507480144500732,1.1508804559707642,1.150483250617981,1.150483250617981
1785780000000,1.150483250617981,1.1508804559707642,1.150483250617981,1.1508804559707642
1785780900000,1.151012897491455,1.1512778997421265,1.151012897491455,1.1512778997421265
1785781800000,1.1512778997421265,1.151543140411377,1.1512778997421265,1.151543140411377
1785782700000,1.151543140411377,1.1518083810806274,1.151410460472107,1.1516757011413574
1785783600000,1.1516757011413574,1.1518083810806274,1.1516757011413574,1.1516757011413574
1785784500000,1.1516757011413574,1.1516757011413574,1.151543140411377,1.1516757011413574
1785785400000,1.151543140411377,1.1516757011413574,1.151543140411377,1.151543140411377
1785786300000,1.151543140411377,1.1516757011413574,1.1512778997421265,1.151410460472107
1785787200000,1.151410460472107,1.151410460472107,1.151145339012146,1.151145339012146
1785788100000,1.151012897491455,1.151145339012146,1.151012897491455,1.151012897491455
1785789000000,1.151145339012146,1.1512778997421265,1.151145339012146,1.1512778997421265
1785789900000,1.1512778997421265,1.1512778997421265,1.151145339012146,1.151145339012146
1785790800000,1.1516757011413574,1.1518083810806274,1.1512778997421265,1.151410460472107
1785791700000,1.151012897491455,1.151543140411377,1.151012897491455,1.1512778997421265
1785792600000,1.151410460472107,1.151543140411377,1.1512778997421265,1.151410460472107
1785793500000,1.151410460472107,1.1516757011413574,1.1512778997421265,1.151410460472107
1785794400000,1.151543140411377,1.151543140411377,1.151012897491455,1.151012897491455
1785795300000,1.151145339012146,1.151145339012146,1.151012897491455,1.151012897491455
1785796200000,1.151145339012146,1.151145339012146,1.151012897491455,1.151145339012146
1785797100000,1.151145339012146,1.1512778997421265,1.151145339012146,1.151145339012146
1785798000000,1.1512778997421265,1.1512778997421265,1.151145339012146,1.1512778997421265
1785798900000,1.1512778997421265,1.151410460472107,1.1512778997421265,1.1512778997421265
1785799800000,1.1512778997421265,1.1512778997421265,1.151012897491455,1.151145339012146
1785800700000,1.151145339012146,1.151145339012146,1.151012897491455,1.151012897491455
1785801600000,1.151145339012146,1.1516757011413574,1.151145339012146,1.1512778997421265
1785802500000,1.1512778997421265,1.151543140411377,1.1512778997421265,1.151543140411377
1785803400000,1.151410460472107,1.1518083810806274,1.151410460472107,1.151543140411377
1785804300000,1.151543140411377,1.151543140411377,1.1508804559707642,1.1508804559707642
1785805200000,1.1507480144500732,1.1508804559707642,1.1506155729293823,1.1508804559707642
1785806100000,1.1508804559707642,1.1512778997421265,1.1508804559707642,1.151145339012146
1785807000000,1.151410460472107,1.1518083810806274,1.151410460472107,1.1518083810806274
1785807900000,1.1516757011413574,1.1518083810806274,1.151543140411377,1.151543140411377
1785808800000,1.1516757011413574,1.1516757011413574,1.1512778997421265,1.151543140411377
1785809700000,1.1516757011413574,1.1516757011413574,1.1512778997421265,1.1512778997421265
1785810600000,1.151410460472107,1.151543140411377,1.1512778997421265,1.151543140411377
1785811500000,1.151410460472107,1.151543140411377,1.151145339012146,1.151145339012146
1785812400000,1.151410460472107,1.151410460472107,1.151145339012146,1.1512778997421265
1785813300000,1.151410460472107,1.151543140411377,1.151410460472107,1.151543140411377
1785814200000,1.151543140411377,1.151543140411377,1.151145339012146,1.151145339012146
1785815100000,1.151145339012146,1.1512778997421265,1.151145339012146,1.151145339012146
1785816000000,1.1512778997421265,1.1512778997421265,1.151012897491455,1.151012897491455
1785816900000,1.151012897491455,1.151145339012146,1.151012897491455,1.151145339012146
1785817800000,1.151145339012146,1.1512778997421265,1.151145339012146,1.1512778997421265
1785818700000,1.1512778997421265,1.151410460472107,1.151145339012146,1.1512778997421265
1785819600000,1.1512778997421265,1.151410460472107,1.151012897491455,1.151012897491455
1785820500000,1.151012897491455,1.1512778997421265,1.151012897491455,1.1512778997421265
1785821400000,1.1512778997421265,1.1512778997421265,1.1508804559707642,1.1508804559707642
1785822300000,1.1508804559707642,1.151012897491455,1.1507480144500732,1.151012897491455
1785823200000,1.151012897491455,1.151145339012146,1.1507480144500732,1.151145339012146
1785824100000,1.151145339012146,1.1512778997421265,1.151012897491455,1.151012897491455
1785825000000,1.151012897491455,1.151145339012146,1.1507480144500732,1.1507480144500732
1785825900000,1.1507480144500732,1.151012897491455,1.1507480144500732,1.151012897491455
1785826800000,1.151145339012146,1.1512778997421265,1.151145339012146,1.1512778997421265
1785827700000,1.151410460472107,1.1519410610198975,1.151410460472107,1.151543140411377
1785828600000,1.151543140411377,1.1516757011413574,1.1512778997421265,1.1512778997421265
1785829500000,1.151410460472107,1.151543140411377,1.1512778997421265,1.151410460472107
1785830400000,1.151543140411377,1.1516757011413574,1.1512778997421265,1.1512778997421265
1785831300000,1.1512778997421265,1.151543140411377,1.151145339012146,1.151543140411377
1785832200000,1.151410460472107,1.151410460472107,1.151012897491455,1.1512778997421265
1785833100000,1.151145339012146,1.1512778997421265,1.151012897491455,1.151145339012146
1785834000000,1.151145339012146,1.151145339012146,1.1507480144500732,1.151012897491455
1785834900000,1.151012897491455,1.151410460472107,1.151012897491455,1.151410460472107
1785835800000,1.1512778997421265,1.151410460472107,1.151145339012146,1.151145339012146
1785836700000,1.151145339012146,1.1512778997421265,1.1508804559707642,1.151145339012146
1785837600000,1.151145339012146,1.151410460472107,1.151145339012146,1.1512778997421265
1785838500000,1.1512778997421265,1.1512778997421265,1.151145339012146,1.1512778997421265
1785839400000,1.151410460472107,1.1516757011413574,1.1512778997421265,1.1516757011413574
1785840300000,1.1519410610198975,1.1522064208984375,1.1516757011413574,1.1516757011413574
1785841200000,1.1516757011413574,1.1519410610198975,1.151543140411377,1.1519410610198975
1785842100000,1.1519410610198975,1.152339220046997,1.1519410610198975,1.152339220046997
1785843000000,1.1522064208984375,1.1526048183441162,1.1522064208984375,1.1526048183441162
1785843900000,1.1524720191955566,1.1524720191955566,1.1519410610198975,1.1519410610198975
1785844800000,1.1520737409591675,1.1520737409591675,1.1518083810806274,1.1518083810806274
1785845700000,1.1516757011413574,1.1520737409591675,1.1516757011413574,1.1518083810806274
1785846600000,1.1519410610198975,1.1526048183441162,1.1519410610198975,1.1524720191955566
1785847500000,1.152339220046997,1.152339220046997,1.1518083810806274,1.1518083810806274
1785848400000,1.1518083810806274,1.1518083810806274,1.151543140411377,1.151543140411377
1785849300000,1.1516757011413574,1.1522064208984375,1.151410460472107,1.1519410610198975
1785850200000,1.1519410610198975,1.1528706550598145,1.1519410610198975,1.1527377367019653
1785851100000,1.1526048183441162,1.1528706550598145,1.1526048183441162,1.1527377367019653
1785852000000,1.1527377367019653,1.15340256690979,1.1526048183441162,1.1532695293426514
1785852900000,1.1532695293426514,1.1532695293426514,1.1530035734176636,1.1531364917755127
1785853800000,1.1530035734176636,1.1531364917755127,1.1527377367019653,1.1527377367019653
1785854700000,1.1526048183441162,1.1527377367019653,1.152339220046997,1.1526048183441162
1785855600000,1.1527377367019653,1.1528706550598145,1.1522064208984375,1.1522064208984375
1785856500000,1.1520737409591675,1.1520737409591675,1.1518083810806274,1.1520737409591675
1785857400000,1.1520737409591675,1.1524720191955566,1.1519410610198975,1.1524720191955566
1785858300000,1.1524720191955566,1.1530035734176636,1.152339220046997,1.1528706550598145
1785859200000,1.1528706550598145,1.1528706550598145,1.1524720191955566,1.1524720191955566
1785860100000,1.1524720191955566,1.1524720191955566,1.152339220046997,1.152339220046997
1785861000000,1.152339220046997,1.152339220046997,1.1520737409591675,1.1522064208984375
1785861900000,1.1522064208984375,1.1522064208984375,1.1520737409591675,1.1522064208984375
1785862800000,1.152339220046997,1.1526048183441162,1.152339220046997,1.1526048183441162
1785863700000,1.1524720191955566,1.1526048183441162,1.152339220046997,1.1524720191955566
1785864600000,1.1524720191955566,1.1528706550598145,1.1524720191955566,1.1528706550598145
1785865500000,1.1528706550598145,1.1528706550598145,1.1527377367019653,1.1527377367019653
1785866400000,1.1527377367019653,1.1530035734176636,1.1526048183441162,1.1527377367019653
1785867300000,1.1527377367019653,1.1528706550598145,1.1526048183441162,1.1528706550598145
1785868200000,1.1528706550598145,1.1530035734176636,1.1528706550598145,1.1530035734176636
1785869100000,1.1531364917755127,1.1536686420440674,1.1530035734176636,1.1535356044769287
1785870000000,1.1535356044769287,1.1536686420440674,1.15340256690979,1.15340256690979
1785870900000,1.1535356044769287,1.1535356044769287,1.1532695293426514,1.1535356044769287
1785871800000,1.1535356044769287,1.1535356044769287,1.15340256690979,1.1535356044769287
1785872700000,1.1535356044769287,1.1535356044769287,1.1532695293426514,1.15340256690979
1785873600000,1.15340256690979,1.1535356044769287,1.15340256690979,1.1535356044769287
1785874500000,1.1535356044769287,1.1536686420440674,1.1535356044769287,1.1535356044769287
1785875400000,1.1535356044769287,1.1536686420440674,1.15340256690979,1.15340256690979
1785876300000,1.15340256690979,1.1536686420440674,1.15340256690979,1.1535356044769287
1785877200000,1.1531364917755127,1.1532695293426514,1.1530035734176636,1.1531364917755127
1785878100000,1.1531364917755127,1.15340256690979,1.1531364917755127,1.1531364917755127
1785879000000,1.1532695293426514,1.15340256690979,1.1531364917755127,1.15340256690979
1785879900000,1.1532695293426514,1.15340256690979,1.1532695293426514,1.1532695293426514
1785880800000,1.15340256690979,1.1535356044769287,1.15340256690979,1.1535356044769287
1785881700000,1.15340256690979,1.1535356044769287,1.15340256690979,1.15340256690979
1785882600000,1.15340256690979,1.1535356044769287,1.15340256690979,1.1535356044769287
1785883500000,1.1535356044769287,1.1535356044769287,1.15340256690979,1.1535356044769287
1785884400000,1.1535356044769287,1.1536686420440674,1.15340256690979,1.1535356044769287
1785885300000,1.1535356044769287,1.1535356044769287,1.15340256690979,1.15340256690979
1785886200000,1.15340256690979,1.15340256690979,1.1532695293426514,1.15340256690979
1785887100000,1.15340256690979,1.1535356044769287,1.15340256690979,1.1535356044769287
1785888000000,1.1535356044769287,1.1538017988204956,1.1535356044769287,1.1536686420440674
1785888900000,1.1536686420440674,1.1538017988204956,1.1536686420440674,1.1538017988204956
1785889800000,1.1538017988204956,1.1538017988204956,1.1536686420440674,1.1536686420440674
1785890700000,1.1535356044769287,1.1536686420440674,1.15340256690979,1.15340256690979
1785891600000,1.1532695293426514,1.1535356044769287,1.1532695293426514,1.15340256690979
1785892500000,1.15340256690979,1.1535356044769287,1.1531364917755127,1.1531364917755127
1785893400000,1.1532695293426514,1.1532695293426514,1.1531364917755127,1.1531364917755127
1785894300000,1.1531364917755127,1.1531364917755127,1.1530035734176636,1.1530035734176636
1785895200000,1.1531364917755127,1.15340256690979,1.1531364917755127,1.1532695293426514
1785896100000,1.1532695293426514,1.1538017988204956,1.1532695293426514,1.1536686420440674
1785897000000,1.1536686420440674,1.154334545135498,1.1536686420440674,1.154334545135498
1785897900000,1.154334545135498,1.154334545135498,1.1538017988204956,1.1538017988204956
1785898800000,1.1538017988204956,1.1544678211212158,1.1538017988204956,1.154334545135498
1785899700000,1.154334545135498,1.154334545135498,1.154068112373352,1.154068112373352
1785900600000,1.1539349555969238,1.154068112373352,1.1539349555969238,1.1539349555969238
1785901500000,1.1539349555969238,1.154068112373352,1.1539349555969238,1.154068112373352
1785902400000,1.154068112373352,1.1542012691497803,1.154068112373352,1.1542012691497803
1785903300000,1.1542012691497803,1.154334545135498,1.1542012691497803,1.1542012691497803
1785904200000,1.1542012691497803,1.154334545135498,1.154068112373352,1.154068112373352
1785905100000,1.154068112373352,1.154068112373352,1.1538017988204956,1.1539349555969238
1785906000000,1.1538017988204956,1.1538017988204956,1.1535356044769287,1.1536686420440674
1785906900000,1.1536686420440674,1.1538017988204956,1.1536686420440674,1.1538017988204956
1785907800000,1.1538017988204956,1.154068112373352,1.1538017988204956,1.1539349555969238
1785908700000,1.1539349555969238,1.154068112373352,1.1539349555969238,1.1539349555969238
1785909600000,1.1538017988204956,1.154068112373352,1.1538017988204956,1.1539349555969238
1785910500000,1.1539349555969238,1.1539349555969238,1.1535356044769287,1.1538017988204956
1785911400000,1.1536686420440674,1.1546010971069336,1.1536686420440674,1.1546010971069336
1785912300000,1.1546010971069336,1.1548677682876587,1.1546010971069336,1.1548677682876587
1785913200000,1.1548677682876587,1.1548677682876587,1.154068112373352,1.1542012691497803
1785914100000,1.154334545135498,1.1544678211212158,1.1538017988204956,1.1538017988204956
1785915000000,1.1539349555969238,1.154068112373352,1.1539349555969238,1.1539349555969238
1785915900000,1.1538017988204956,1.1542012691497803,1.1538017988204956,1.1542012691497803
1785916800000,1.154334545135498,1.154334545135498,1.1539349555969238,1.154068112373352
1785917700000,1.154068112373352,1.1546010971069336,1.154068112373352,1.1546010971069336
1785918600000,1.1547343730926514,1.1547343730926514,1.1536686420440674,1.1538017988204956
1785919500000,1.1535356044769287,1.154068112373352,1.1535356044769287,1.1539349555969238
1785920400000,1.154068112373352,1.154068112373352,1.1536686420440674,1.154068112373352
1785921300000,1.1539349555969238,1.1544678211212158,1.1539349555969238,1.154334545135498
1785922200000,1.154334545135498,1.1546010971069336,1.154334545135498,1.1544678211212158
1785923100000,1.1544678211212158,1.1544678211212158,1.154334545135498,1.154334545135498
1785924000000,1.154334545135498,1.154334545135498,1.1538017988204956,1.1539349555969238
1785924900000,1.1539349555969238,1.1544678211212158,1.1539349555969238,1.154068112373352
1785925800000,1.1542012691497803,1.1542012691497803,1.154068112373352,1.154068112373352
1785926700000,1.154068112373352,1.1544678211212158,1.1539349555969238,1.154334545135498
1785927600000,1.1544678211212158,1.1548677682876587,1.1544678211212158,1.1548677682876587
1785928500000,1.1548677682876587,1.155401587486267,1.1546010971069336,1.1551345586776733
1785929400000,1.1551345586776733,1.1558021306991577,1.1551345586776733,1.1556684970855713
1785930300000,1.1555349826812744,1.1556684970855713,1.1552680730819702,1.1555349826812744
1785931200000,1.1556684970855713,1.1558021306991577,1.1555349826812744,1.1555349826812744
1785932100000,1.1558021306991577,1.1559356451034546,1.1556684970855713,1.1556684970855713
1785933000000,1.1556684970855713,1.1558021306991577,1.1551345586776733,1.1551345586776733
1785933900000,1.1551345586776733,1.1552680730819702,1.1548677682876587,1.1548677682876587
1785934800000,1.1547343730926514,1.1551345586776733,1.1546010971069336,1.1548677682876587
1785935700000,1.155001163482666,1.1556684970855713,1.155001163482666,1.1555349826812744
1785936600000,1.1555349826812744,1.1556684970855713,1.1548677682876587,1.155001163482666
1785937500000,1.1547343730926514,1.1548677682876587,1.1544678211212158,1.1547343730926514
1785938400000,1.1551345586776733,1.1558021306991577,1.1548677682876587,1.1556684970855713
1785939300000,1.1558021306991577,1.1559356451034546,1.155401587486267,1.155401587486267
1785940200000,1.1552680730819702,1.1555349826812744,1.1551345586776733,1.1555349826812744
1785941100000,1.1552680730819702,1.1556684970855713,1.155001163482666,1.1556684970855713
1785942000000,1.1558021306991577,1.1559356451034546,1.1552680730819702,1.1552680730819702
1785942900000,1.1551345586776733,1.1551345586776733,1.155001163482666,1.155001163482666
1785943800000,1.1548677682876587,1.155401587486267,1.1547343730926514,1.1552680730819702
1785944700000,1.1551345586776733,1.1552680730819702,1.1546010971069336,1.155001163482666
1785945600000,1.1551345586776733,1.1551345586776733,1.1547343730926514,1.155001163482666
1785946500000,1.155001163482666,1.1551345586776733,1.155001163482666,1.1551345586776733
1785947400000,1.1551345586776733,1.1551345586776733,1.1547343730926514,1.1548677682876587
1785948300000,1.1548677682876587,1.155001163482666,1.1547343730926514,1.1548677682876587
1785949200000,1.155001163482666,1.155001163482666,1.1547343730926514,1.1547343730926514
1785950100000,1.1548677682876587,1.1552680730819702,1.1548677682876587,1.1552680730819702
1785951000000,1.1551345586776733,1.1556684970855713,1.1551345586776733,1.1556684970855713
1785951900000,1.1558021306991577,1.1560693979263306,1.1556684970855713,1.1559356451034546
1785952800000,1.1559356451034546,1.156203031539917,1.1559356451034546,1.1559356451034546
1785953700000,1.1558021306991577,1.156203031539917,1.1558021306991577,1.156203031539917
1785954600000,1.156203031539917,1.156203031539917,1.1558021306991577,1.1558021306991577
1785955500000,1.1558021306991577,1.1558021306991577,1.1558021306991577,1.1558021306991577
1785956400000,1.1558021306991577,1.1558021306991577,1.155401587486267,1.1555349826812744
1785957300000,1.155401587486267,1.155401587486267,1.1551345586776733,1.1551345586776733
1785958200000,1.1552680730819702,1.155401587486267,1.1552680730819702,1.1552680730819702
1785959100000,1.155401587486267,1.1555349826812744,1.1552680730819702,1.155401587486267
1785960000000,1.1556684970855713,1.1556684970855713,1.155401587486267,1.155401587486267
1785960900000,1.1552680730819702,1.1555349826812744,1.1552680730819702,1.155401587486267
1785961800000,1.1555349826812744,1.1556684970855713,1.1555349826812744,1.1555349826812744
1785962700000,1.1555349826812744,1.1556684970855713,1.1555349826812744,1.1556684970855713
1785963600000,1.156336784362793,1.156336784362793,1.155401587486267,1.155401587486267
1785964500000,1.1555349826812744,1.1558021306991577,1.155401587486267,1.1556684970855713
1785965400000,1.1555349826812744,1.1558021306991577,1.155401587486267,1.1558021306991577
1785966300000,1.1555349826812744,1.1558021306991577,1.1555349826812744,1.1555349826812744
1785967200000,1.1556684970855713,1.1558021306991577,1.1555349826812744,1.1556684970855713
1785968100000,1.1556684970855713,1.1559356451034546,1.1556684970855713,1.1558021306991577
1785969000000,1.1558021306991577,1.1558021306991577,1.1556684970855713,1.1558021306991577
1785969900000,1.1558021306991577,1.1558021306991577,1.1558021306991577,1.1558021306991577
1785970800000,1.1558021306991577,1.1559356451034546,1.1558021306991577,1.1559356451034546
1785971700000,1.1559356451034546,1.1559356451034546,1.1558021306991577,1.1558021306991577
1785972600000,1.1558021306991577,1.1559356451034546,1.1558021306991577,1.1559356451034546
1785973500000,1.1560693979263306,1.156203031539917,1.1559356451034546,1.1560693979263306
1785974400000,1.1559356451034546,1.1559356451034546,1.1558021306991577,1.1558021306991577
1785975300000,1.1559356451034546,1.1560693979263306,1.1559356451034546,1.1559356451034546
1785976200000,1.1559356451034546,1.156203031539917,1.1559356451034546,1.1559356451034546
1785977100000,1.1560693979263306,1.156203031539917,1.1559356451034546,1.1559356451034546
1785978000000,1.1559356451034546,1.1560693979263306,1.1556684970855713,1.1559356451034546
1785978900000,1.1558021306991577,1.1560693979263306,1.1558021306991577,1.1558021306991577
1785979800000,1.1558021306991577,1.1560693979263306,1.1558021306991577,1.1559356451034546
1785980700000,1.1559356451034546,1.1559356451034546,1.1558021306991577,1.1558021306991577
1785981600000,1.1559356451034546,1.1560693979263306,1.1558021306991577,1.1559356451034546
1785982500000,1.1559356451034546,1.1560693979263306,1.1558021306991577,1.1559356451034546
1785983400000,1.1558021306991577,1.1560693979263306,1.1558021306991577,1.1560693979263306
1785984300000,1.1560693979263306,1.1560693979263306,1.1556684970855713,1.1556684970855713
1785985200000,1.1556684970855713,1.1556684970855713,1.1555349826812744,1.1555349826812744
1785986100000,1.1555349826812744,1.1555349826812744,1.1552680730819702,1.155401587486267
1785987000000,1.155401587486267,1.155401587486267,1.1551345586776733,1.1551345586776733
1785987900000,1.1551345586776733,1.155401587486267,1.155001163482666,1.1552680730819702
1785988800000,1.1551345586776733,1.1552680730819702,1.1551345586776733,1.1552680730819702
1785989700000,1.1552680730819702,1.1552680730819702,1.1551345586776733,1.1551345586776733
1785990600000,1.1552680730819702,1.1552680730819702,1.1551345586776733,1.1551345586776733
1785991500000,1.1551345586776733,1.1552680730819702,1.155001163482666,1.1552680730819702
1785992400000,1.1552680730819702,1.1552680730819702,1.1548677682876587,1.1548677682876587
1785993300000,1.1548677682876587,1.155001163482666,1.1548677682876587,1.1548677682876587
1785994200000,1.1548677682876587,1.1552680730819702,1.1548677682876587,1.1552680730819702
1785995100000,1.1551345586776733,1.155401587486267,1.1551345586776733,1.1552680730819702
1785996000000,1.1555349826812744,1.1555349826812744,1.155001163482666,1.155001163482666
1785996900000,1.155001163482666,1.1551345586776733,1.1548677682876587,1.155001163482666
1785997800000,1.155001163482666,1.155001163482666,1.1547343730926514,1.1548677682876587
1785998700000,1.155001163482666,1.155001163482666,1.1547343730926514,1.1548677682876587
1785999600000,1.1548677682876587,1.1548677682876587,1.1546010971069336,1.1548677682876587
1786000500000,1.1548677682876587,1.155001163482666,1.1547343730926514,1.1548677682876587
1786001400000,1.1547343730926514,1.1548677682876587,1.1546010971069336,1.1548677682876587
1786002300000,1.1546010971069336,1.1548677682876587,1.1544678211212158,1.1547343730926514
1786003200000,1.1547343730926514,1.1548677682876587,1.154334545135498,1.1546010971069336
1786004100000,1.1547343730926514,1.1547343730926514,1.1544678211212158,1.1544678211212158
1786005000000,1.1544678211212158,1.1547343730926514,1.154334545135498,1.1546010971069336
1786005900000,1.1546010971069336,1.1547343730926514,1.1544678211212158,1.1546010971069336
1786006800000,1.1546010971069336,1.1547343730926514,1.1544678211212158,1.1547343730926514
1786007700000,1.1546010971069336,1.1546010971069336,1.1544678211212158,1.1546010971069336
1786008600000,1.1546010971069336,1.1546010971069336,1.154068112373352,1.154068112373352
1786009500000,1.154068112373352,1.154334545135498,1.154068112373352,1.1542012691497803
1786010400000,1.1542012691497803,1.154334545135498,1.154068112373352,1.154068112373352
1786011300000,1.1539349555969238,1.1544678211212158,1.1539349555969238,1.1544678211212158
1786012200000,1.1546010971069336,1.1546010971069336,1.154334545135498,1.1544678211212158
1786013100000,1.1544678211212158,1.1546010971069336,1.154334545135498,1.1544678211212158
1786014000000,1.1546010971069336,1.1548677682876587,1.1546010971069336,1.1546010971069336
1786014900000,1.1547343730926514,1.155001163482666,1.1546010971069336,1.1548677682876587
1786015800000,1.1548677682876587,1.1548677682876587,1.1542012691497803,1.1542012691497803
1786016700000,1.1542012691497803,1.1548677682876587,1.1542012691497803,1.1548677682876587
1786017600000,1.1547343730926514,1.1548677682876587,1.1542012691497803,1.154334545135498
1786018500000,1.1544678211212158,1.1547343730926514,1.1544678211212158,1.1546010971069336
1786019400000,1.1546010971069336,1.1548677682876587,1.154334545135498,1.1544678211212158
1786020300000,1.1546010971069336,1.1546010971069336,1.154068112373352,1.1542012691497803
1786021200000,1.154334545135498,1.1544678211212158,1.1539349555969238,1.1542012691497803
1786022100000,1.1542012691497803,1.154334545135498,1.154068112373352,1.1542012691497803
1786023000000,1.1542012691497803,1.1547343730926514,1.1542012691497803,1.1546010971069336
1786023900000,1.1544678211212158,1.1547343730926514,1.1542012691497803,1.1547343730926514
1786024800000,1.1547343730926514,1.1547343730926514,1.1536686420440674,1.1538017988204956
1786025700000,1.1539349555969238,1.1542012691497803,1.1538017988204956,1.1538017988204956
1786026600000,1.1539349555969238,1.154068112373352,1.1536686420440674,1.1539349555969238
1786027500000,1.1538017988204956,1.1538017988204956,1.15340256690979,1.1538017988204956
1786028400000,1.1538017988204956,1.1538017988204956,1.1532695293426514,1.1532695293426514
1786029300000,1.1531364917755127,1.1531364917755127,1.1524720191955566,1.1527377367019653
1786030200000,1.1526048183441162,1.1526048183441162,1.152339220046997,1.1526048183441162
1786031100000,1.1527377367019653,1.1527377367019653,1.1522064208984375,1.1524720191955566
1786032000000,1.152339220046997,1.1526048183441162,1.1522064208984375,1.152339220046997
1786032900000,1.1522064208984375,1.152339220046997,1.1519410610198975,1.152339220046997
1786033800000,1.1522064208984375,1.152339220046997,1.1520737409591675,1.1520737409591675
1786034700000,1.1522064208984375,1.1524720191955566,1.1522064208984375,1.152339220046997
1786035600000,1.1524720191955566,1.1524720191955566,1.1522064208984375,1.152339220046997
1786036500000,1.1522064208984375,1.152339220046997,1.1520737409591675,1.152339220046997
1786037400000,1.1522064208984375,1.152339220046997,1.1522064208984375,1.1522064208984375
1786038300000,1.1522064208984375,1.1526048183441162,1.1522064208984375,1.1526048183441162
1786039200000,1.1526048183441162,1.1527377367019653,1.1526048183441162,1.1527377367019653
1786040100000,1.1527377367019653,1.1527377367019653,1.1526048183441162,1.1526048183441162
1786041000000,1.1526048183441162,1.1526048183441162,1.1524720191955566,1.1526048183441162
1786041900000,1.1524720191955566,1.1527377367019653,1.1524720191955566,1.1527377367019653
1786042800000,1.1527377367019653,1.1528706550598145,1.1526048183441162,1.1526048183441162
1786043700000,1.1526048183441162,1.1527377367019653,1.1522064208984375,1.1522064208984375
1786044600000,1.152339220046997,1.1524720191955566,1.1522064208984375,1.1522064208984375
1786045500000,1.152339220046997,1.1528706550598145,1.1522064208984375,1.1526048183441162
1786046400000,1.1526048183441162,1.1527377367019653,1.1524720191955566,1.1524720191955566
1786047300000,1.1524720191955566,1.1524720191955566,1.1522064208984375,1.152339220046997
1786048200000,1.1524720191955566,1.1526048183441162,1.152339220046997,1.1524720191955566
1786049100000,1.1524720191955566,1.1527377367019653,1.1524720191955566,1.1527377367019653
1786050000000,1.1530035734176636,1.1530035734176636,1.152339220046997,1.1524720191955566
1786050900000,1.1524720191955566,1.1527377367019653,1.1522064208984375,1.1527377367019653
1786051800000,1.1526048183441162,1.1526048183441162,1.1522064208984375,1.1522064208984375
1786052700000,1.152339220046997,1.1526048183441162,1.152339220046997,1.1524720191955566
1786053600000,1.1526048183441162,1.1526048183441162,1.1524720191955566,1.1524720191955566
1786054500000,1.1526048183441162,1.1526048183441162,1.1524720191955566,1.1526048183441162
1786055400000,1.1524720191955566,1.1526048183441162,1.1524720191955566,1.1526048183441162
1786056300000,1.1526048183441162,1.1526048183441162,1.1524720191955566,1.1524720191955566
1786057200000,1.1526048183441162,1.1526048183441162,1.1526048183441162,1.1526048183441162
1786058100000,1.1527377367019653,1.1527377367019653,1.1526048183441162,1.1527377367019653
1786059000000,1.1526048183441162,1.1527377367019653,1.1526048183441162,1.1527377367019653
1786059900000,1.1527377367019653,1.1527377367019653,1.1527377367019653,1.1527377367019653
1786060800000,1.1526048183441162,1.1527377367019653,1.1524720191955566,1.1524720191955566
1786061700000,1.152339220046997,1.1526048183441162,1.152339220046997,1.1524720191955566
1786062600000,1.1524720191955566,1.1526048183441162,1.152339220046997,1.1524720191955566
1786063500000,1.1524720191955566,1.1524720191955566,1.1522064208984375,1.1522064208984375
1786064400000,1.152339220046997,1.1526048183441162,1.1522064208984375,1.1526048183441162
1786065300000,1.1524720191955566,1.1526048183441162,1.1524720191955566,1.1524720191955566
1786066200000,1.1524720191955566,1.1528706550598145,1.152339220046997,1.1528706550598145
1786067100000,1.1528706550598145,1.1528706550598145,1.1524720191955566,1.1524720191955566
1786068000000,1.1526048183441162,1.1526048183441162,1.1524720191955566,1.1524720191955566
1786068900000,1.1524720191955566,1.1526048183441162,1.1524720191955566,1.1526048183441162
1786069800000,1.1524720191955566,1.1526048183441162,1.1524720191955566,1.1524720191955566
1786070700000,1.1524720191955566,1.1527377367019653,1.1524720191955566,1.1524720191955566
1786071600000,1.1524720191955566,1.1526048183441162,1.152339220046997,1.1524720191955566
1786072500000,1.152339220046997,1.1524720191955566,1.152339220046997,1.1524720191955566
1786073400000,1.1524720191955566,1.1526048183441162,1.1524720191955566,1.1524720191955566
1786074300000,1.1524720191955566,1.1526048183441162,1.1524720191955566,1.1526048183441162
1786075200000,1.1526048183441162,1.1526048183441162,1.1524720191955566,1.1526048183441162
1786076100000,1.1526048183441162,1.1526048183441162,1.1524720191955566,1.1526048183441162
1786077000000,1.1526048183441162,1.1527377367019653,1.1526048183441162,1.1527377367019653
1786077900000,1.1527377367019653,1.1527377367019653,1.1526048183441162,1.1527377367019653
1786078800000,1.1527377367019653,1.1528706550598145,1.1527377367019653,1.1528706550598145
1786079700000,1.1528706550598145,1.1528706550598145,1.1524720191955566,1.1524720191955566
1786080600000,1.1524720191955566,1.1527377367019653,1.1524720191955566,1.1526048183441162
1786081500000,1.1527377367019653,1.1527377367019653,1.1526048183441162,1.1526048183441162
1786082400000,1.1527377367019653,1.1527377367019653,1.1524720191955566,1.1526048183441162
1786083300000,1.1527377367019653,1.1528706550598145,1.1526048183441162,1.1527377367019653
1786084200000,1.1527377367019653,1.1527377367019653,1.1524720191955566,1.1526048183441162
1786085100000,1.1526048183441162,1.1527377367019653,1.1524720191955566,1.1526048183441162
1786086000000,1.1524720191955566,1.1527377367019653,1.1522064208984375,1.1526048183441162
1786086900000,1.1527377367019653,1.1527377367019653,1.1526048183441162,1.1526048183441162
1786087800000,1.1526048183441162,1.1526048183441162,1.152339220046997,1.152339220046997
1786088700000,1.152339220046997,1.1526048183441162,1.152339220046997,1.1526048183441162
1786089600000,1.1526048183441162,1.1526048183441162,1.1522064208984375,1.1522064208984375
1786090500000,1.152339220046997,1.1524720191955566,1.152339220046997,1.152339220046997
1786091400000,1.152339220046997,1.1527377367019653,1.152339220046997,1.1527377367019653
1786092300000,1.1527377367019653,1.1528706550598145,1.1526048183441162,1.1526048183441162
1786093200000,1.1527377367019653,1.1531364917755127,1.1527377367019653,1.1531364917755127
1786094100000,1.1532695293426514,1.1532695293426514,1.1530035734176636,1.1531364917755127
1786095000000,1.1530035734176636,1.1531364917755127,1.1530035734176636,1.1531364917755127
1786095900000,1.1531364917755127,1.15340256690979,1.1531364917755127,1.1531364917755127
1786096800000,1.1532695293426514,1.1532695293426514,1.1530035734176636,1.1530035734176636
1786097700000,1.1531364917755127,1.1531364917755127,1.1530035734176636,1.1531364917755127
1786098600000,1.1531364917755127,1.1531364917755127,1.1528706550598145,1.1528706550598145
1786099500000,1.1530035734176636,1.1532695293426514,1.1530035734176636,1.1530035734176636
1786100400000,1.1531364917755127,1.1532695293426514,1.1531364917755127,1.1531364917755127
1786101300000,1.1531364917755127,1.1532695293426514,1.1530035734176636,1.1530035734176636
1786102200000,1.1530035734176636,1.1535356044769287,1.1530035734176636,1.1535356044769287
1786103100000,1.1535356044769287,1.1536686420440674,1.1535356044769287,1.1536686420440674
1786104000000,1.1538017988204956,1.154068112373352,1.1538017988204956,1.1538017988204956
1786104900000,1.1538017988204956,1.1538017988204956,1.1532695293426514,1.15340256690979
1786105800000,1.156738042831421,1.1578094959259033,1.156336784362793,1.1576753854751587
1786106700000,1.1582117080688477,1.1582117080688477,1.1575413942337036,1.1576753854751587
1786107600000,1.1576753854751587,1.1578094959259033,1.157139539718628,1.1578094959259033
1786108500000,1.1575413942337036,1.1576753854751587,1.1570056676864624,1.1574074029922485
1786109400000,1.157273530960083,1.1576753854751587,1.1566041707992554,1.1575413942337036
1786110300000,1.1575413942337036,1.1575413942337036,1.1560693979263306,1.1560693979263306
1786111200000,1.1560693979263306,1.156203031539917,1.1556684970855713,1.1560693979263306
1786112100000,1.1560693979263306,1.156738042831421,1.1560693979263306,1.1560693979263306
1786113000000,1.1559356451034546,1.156336784362793,1.1555349826812744,1.1555349826812744
1786113900000,1.1556684970855713,1.1558021306991577,1.155401587486267,1.1556684970855713
1786114800000,1.1558021306991577,1.1564704179763794,1.155401587486267,1.1564704179763794
1786115700000,1.156336784362793,1.156738042831421,1.1560693979263306,1.1560693979263306
1786116600000,1.1559356451034546,1.1564704179763794,1.1558021306991577,1.1564704179763794
1786117500000,1.1564704179763794,1.1566041707992554,1.1560693979263306,1.156203031539917
1786118400000,1.156203031539917,1.1568717956542969,1.156203031539917,1.1568717956542969
1786119300000,1.156738042831421,1.156738042831421,1.1564704179763794,1.1566041707992554
1786120200000,1.1566041707992554,1.156738042831421,1.1564704179763794,1.1566041707992554
1786121100000,1.156738042831421,1.1570056676864624,1.156203031539917,1.156203031539917
1786122000000,1.156203031539917,1.1564704179763794,1.156203031539917,1.1564704179763794
1786122900000,1.1564704179763794,1.1566041707992554,1.156336784362793,1.1564704179763794
1786123800000,1.1564704179763794,1.1566041707992554,1.156336784362793,1.1566041707992554
1786124700000,1.1566041707992554,1.1566041707992554,1.1564704179763794,1.1564704179763794
1786125600000,1.156336784362793,1.1566041707992554,1.156203031539917,1.1564704179763794
1786126500000,1.1564704179763794,1.1566041707992554,1.156336784362793,1.1564704179763794
1786127400000,1.1566041707992554,1.156738042831421,1.1566041707992554,1.156738042831421
1786128300000,1.156738042831421,1.1570056676864624,1.156738042831421,1.156738042831421
1786129200000,1.1568717956542969,1.1570056676864624,1.156738042831421,1.156738042831421
1786130100000,1.1568717956542969,1.157273530960083,1.1568717956542969,1.157273530960083
1786131000000,1.157273530960083,1.157273530960083,1.1570056676864624,1.1570056676864624
1786131900000,1.1570056676864624,1.1570056676864624,1.1564704179763794,1.1564704179763794
1786132800000,1.1564704179763794,1.1564704179763794,1.156203031539917,1.156203031539917
1786133700000,1.156203031539917,1.156203031539917,1.1559356451034546,1.1560693979263306
1786134600000,1.1559356451034546,1.156203031539917,1.1559356451034546,1.156203031539917
1786135500000,1.1560693979263306,1.156336784362793,1.1559356451034546,1.1560693979263306
1786136400000,1.156203031539917,1.156203031539917,1.156203031539917,1.156203031539917
1786137300000,1.156203031539917,1.156203031539917,1.156203031539917,1.156203031539917
1786316400000,1.1559356451034546,1.1560693979263306,1.1559356451034546,1.1560693979263306
1786317300000,1.156203031539917,1.156203031539917,1.1560693979263306,1.1560693979263306
1786318200000,1.1560693979263306,1.1560693979263306,1.1558021306991577,1.1560693979263306
1786319100000,1.156203031539917,1.156203031539917,1.1559356451034546,1.1559356451034546
1786320000000,1.1560693979263306,1.156203031539917,1.1559356451034546,1.156203031539917
1786320900000,1.156203031539917,1.156203031539917,1.1558021306991577,1.1559356451034546
1786321800000,1.1559356451034546,1.1559356451034546,1.1558021306991577,1.1558021306991577
1786322700000,1.1558021306991577,1.156203031539917,1.1558021306991577,1.1560693979263306
1786323600000,1.156203031539917,1.156203031539917,1.1556684970855713,1.1558021306991577
1786324500000,1.1558021306991577,1.1559356451034546,1.1558021306991577,1.1559356451034546
1786325400000,1.1558021306991577,1.1558021306991577,1.1555349826812744,1.1558021306991577
1786326300000,1.1556684970855713,1.1558021306991577,1.1556684970855713,1.1556684970855713
1786327200000,1.1558021306991577,1.1558021306991577,1.1556684970855713,1.1556684970855713
1786328100000,1.1556684970855713,1.1558021306991577,1.1556684970855713,1.1558021306991577
1786329000000,1.1558021306991577,1.1558021306991577,1.1555349826812744,1.1555349826812744
1786329900000,1.1555349826812744,1.1556684970855713,1.1555349826812744,1.1555349826812744
1786330800000,1.1555349826812744,1.1555349826812744,1.155401587486267,1.155401587486267
1786331700000,1.155401587486267,1.1555349826812744,1.155401587486267,1.155401587486267
1786332600000,1.155401587486267,1.155401587486267,1.1552680730819702,1.1552680730819702
1786333500000,1.1552680730819702,1.155401587486267,1.1552680730819702,1.1552680730819702
1786334400000,1.1552680730819702,1.1552680730819702,1.1551345586776733,1.1552680730819702
1786335300000,1.1552680730819702,1.155401587486267,1.1552680730819702,1.155401587486267
1786336200000,1.1552680730819702,1.1552680730819702,1.1551345586776733,1.1552680730819702
1786337100000,1.155401587486267,1.1555349826812744,1.155401587486267,1.1555349826812744
1786338000000,1.1555349826812744,1.1556684970855713,1.155401587486267,1.155401587486267
1786338900000,1.155401587486267,1.1555349826812744,1.155401587486267,1.155401587486267
1786339800000,1.155401587486267,1.1556684970855713,1.155401587486267,1.1555349826812744
1786340700000,1.1555349826812744,1.1559356451034546,1.1555349826812744,1.1558021306991577
1786341600000,1.1558021306991577,1.1558021306991577,1.1556684970855713,1.1556684970855713
1786342500000,1.1558021306991577,1.1559356451034546,1.1558021306991577,1.1559356451034546
1786343400000,1.1558021306991577,1.1559356451034546,1.1558021306991577,1.1558021306991577
1786344300000,1.1558021306991577,1.1558021306991577,1.1556684970855713,1.1558021306991577
1786345200000,1.1556684970855713,1.1559356451034546,1.1555349826812744,1.1558021306991577
1786346100000,1.1556684970855713,1.1560693979263306,1.1556684970855713,1.1559356451034546
1786347000000,1.1560693979263306,1.1564704179763794,1.1559356451034546,1.1564704179763794
1786347900000,1.1568717956542969,1.1568717956542969,1.156203031539917,1.1564704179763794
1786348800000,1.156336784362793,1.156738042831421,1.156336784362793,1.156738042831421
1786349700000,1.1568717956542969,1.1568717956542969,1.156738042831421,1.156738042831421
1786350600000,1.1568717956542969,1.1568717956542969,1.1566041707992554,1.1566041707992554
1786351500000,1.1566041707992554,1.1566041707992554,1.1564704179763794,1.1564704179763794
1786352400000,1.156336784362793,1.1566041707992554,1.156336784362793,1.1566041707992554
1786353300000,1.156738042831421,1.156738042831421,1.1564704179763794,1.1566041707992554
1786354200000,1.1566041707992554,1.1566041707992554,1.1560693979263306,1.156203031539917
1786355100000,1.156336784362793,1.156336784362793,1.1560693979263306,1.1560693979263306
1786356000000,1.1559356451034546,1.1559356451034546,1.1558021306991577,1.1559356451034546
1786356900000,1.1559356451034546,1.1560693979263306,1.1559356451034546,1.1559356451034546
1786357800000,1.1560693979263306,1.1560693979263306,1.1558021306991577,1.1559356451034546
1786358700000,1.1559356451034546,1.1560693979263306,1.1558021306991577,1.1559356451034546
1786359600000,1.1558021306991577,1.1559356451034546,1.155401587486267,1.155401587486267
1786360500000,1.1555349826812744,1.1556684970855713,1.155401587486267,1.155401587486267
1786361400000,1.155401587486267,1.1555349826812744,1.155401587486267,1.1555349826812744
1786362300000,1.155401587486267,1.1555349826812744,1.1552680730819702,1.1555349826812744
1786363200000,1.1555349826812744,1.1558021306991577,1.155401587486267,1.1555349826812744
1786364100000,1.155401587486267,1.1555349826812744,1.1551345586776733,1.1551345586776733
1786365000000,1.1551345586776733,1.1552680730819702,1.155001163482666,1.155001163482666
1786365900000,1.155001163482666,1.1552680730819702,1.155001163482666,1.1551345586776733
1786366800000,1.1551345586776733,1.1555349826812744,1.1548677682876587,1.1555349826812744
1786367700000,1.1555349826812744,1.1556684970855713,1.155401587486267,1.1556684970855713
1786368600000,1.1555349826812744,1.1555349826812744,1.1552680730819702,1.1552680730819702
1786369500000,1.1551345586776733,1.1551345586776733,1.1547343730926514,1.1548677682876587
1786370400000,1.1548677682876587,1.1552680730819702,1.1548677682876587,1.1552680730819702
1786371300000,1.1552680730819702,1.1556684970855713,1.1551345586776733,1.1556684970855713
1786372200000,1.1555349826812744,1.1558021306991577,1.1555349826812744,1.1558021306991577
1786373100000,1.1558021306991577,1.1558021306991577,1.155401587486267,1.155401587486267
1786374000000,1.1555349826812744,1.1555349826812744,1.1551345586776733,1.155401587486267
1786374900000,1.1555349826812744,1.1556684970855713,1.155001163482666,1.1551345586776733
1786375800000,1.1552680730819702,1.1552680730819702,1.155001163482666,1.155001163482666
1786376700000,1.155001163482666,1.1555349826812744,1.155001163482666,1.1555349826812744
1786377600000,1.1555349826812744,1.1558021306991577,1.1555349826812744,1.1556684970855713
1786378500000,1.1555349826812744,1.1555349826812744,1.1552680730819702,1.1555349826812744
1786379400000,1.1555349826812744,1.1556684970855713,1.1551345586776733,1.1551345586776733
1786380300000,1.155001163482666,1.1551345586776733,1.1548677682876587,1.1551345586776733
1786381200000,1.155001163482666,1.1551345586776733,1.1547343730926514,1.1547343730926514
1786382100000,1.1548677682876587,1.1548677682876587,1.1544678211212158,1.1547343730926514
1786383000000,1.1548677682876587,1.155001163482666,1.1548677682876587,1.1548677682876587
1786383900000,1.1548677682876587,1.1548677682876587,1.1546010971069336,1.1546010971069336
1786384800000,1.1546010971069336,1.1547343730926514,1.1546010971069336,1.1547343730926514
1786385700000,1.1547343730926514,1.1547343730926514,1.1544678211212158,1.1546010971069336
1786386600000,1.1546010971069336,1.1548677682876587,1.1546010971069336,1.1548677682876587
1786387500000,1.1547343730926514,1.1547343730926514,1.154334545135498,1.1546010971069336
1786388400000,1.1544678211212158,1.1544678211212158,1.154334545135498,1.1544678211212158
1786389300000,1.1544678211212158,1.1546010971069336,1.1544678211212158,1.1544678211212158
1786390200000,1.1546010971069336,1.1546010971069336,1.1544678211212158,1.1546010971069336
1786391100000,1.1546010971069336,1.1546010971069336,1.1544678211212158,1.1544678211212158
1786392000000,1.1544678211212158,1.1546010971069336,1.1544678211212158,1.1546010971069336
1786392900000,1.1546010971069336,1.1546010971069336,1.1544678211212158,1.1544678211212158
1786393800000,1.1544678211212158,1.1546010971069336,1.1544678211212158,1.1546010971069336
1786394700000,1.1546010971069336,1.1546010971069336,1.1544678211212158,1.1546010971069336
1786395600000,1.1546010971069336,1.1548677682876587,1.154334545135498,1.1546010971069336
1786396500000,1.1547343730926514,1.1547343730926514,1.1546010971069336,1.1547343730926514
1786397400000,1.1546010971069336,1.1547343730926514,1.1544678211212158,1.1546010971069336
1786398300000,1.1547343730926514,1.1547343730926514,1.1544678211212158,1.1544678211212158
1786399200000,1.1547343730926514,1.1547343730926514,1.1546010971069336,1.1546010971069336
1786400100000,1.1546010971069336,1.1546010971069336,1.1544678211212158,1.1546010971069336
1786401000000,1.1546010971069336,1.1547343730926514,1.1546010971069336,1.1547343730926514
1786401900000,1.1546010971069336,1.1547343730926514,1.1546010971069336,1.1547343730926514
1786402800000,1.1547343730926514,1.1547343730926514,1.1546010971069336,1.1546010971069336
1786403700000,1.1546010971069336,1.1547343730926514,1.1546010971069336,1.1546010971069336
1786404600000,1.1546010971069336,1.1546010971069336,1.1546010971069336,1.1546010971069336
1786405500000,1.1547343730926514,1.155001163482666,1.1547343730926514,1.155001163482666
1786406400000,1.155001163482666,1.155001163482666,1.1548677682876587,1.155001163482666
1786407300000,1.155001163482666,1.1551345586776733,1.155001163482666,1.1551345586776733
1786408200000,1.1552680730819702,1.1552680730819702,1.155001163482666,1.1552680730819702
1786409100000,1.1552680730819702,1.1552680730819702,1.155001163482666,1.155001163482666
1786410000000,1.1548677682876587,1.155001163482666,1.1546010971069336,1.155001163482666
1786410900000,1.155001163482666,1.1552680730819702,1.155001163482666,1.1551345586776733
1786411800000,1.1551345586776733,1.1552680730819702,1.155001163482666,1.155001163482666
1786412700000,1.155001163482666,1.1552680730819702,1.155001163482666,1.155001163482666
1786413600000,1.155001163482666,1.155001163482666,1.1547343730926514,1.1548677682876587
1786414500000,1.1548677682876587,1.1548677682876587,1.1544678211212158,1.1544678211212158
1786415400000,1.1544678211212158,1.1546010971069336,1.1544678211212158,1.1546010971069336
1786416300000,1.1544678211212158,1.1544678211212158,1.1542012691497803,1.154334545135498
1786417200000,1.154334545135498,1.1544678211212158,1.154334545135498,1.1544678211212158
1786418100000,1.1544678211212158,1.1547343730926514,1.1544678211212158,1.1547343730926514
1786419000000,1.1548677682876587,1.1548677682876587,1.1547343730926514,1.1547343730926514
1786419900000,1.1547343730926514,1.1547343730926514,1.1546010971069336,1.1546010971069336
1786420800000,1.1546010971069336,1.1547343730926514,1.1546010971069336,1.1547343730926514
1786421700000,1.1547343730926514,1.1548677682876587,1.1547343730926514,1.1548677682876587
1786422600000,1.1547343730926514,1.1548677682876587,1.154334545135498,1.1544678211212158
1786423500000,1.1544678211212158,1.1546010971069336,1.154334545135498,1.1546010971069336
1786424400000,1.1544678211212158,1.1546010971069336,1.1544678211212158,1.1544678211212158
1786425300000,1.1544678211212158,1.1544678211212158,1.154334545135498,1.1544678211212158
1786426200000,1.1544678211212158,1.1546010971069336,1.1544678211212158,1.1546010971069336
1786427100000,1.1546010971069336,1.1546010971069336,1.1542012691497803,1.1544678211212158
1786428000000,1.1544678211212158,1.1546010971069336,1.154334545135498,1.1544678211212158
1786428900000,1.1544678211212158,1.1544678211212158,1.1539349555969238,1.154068112373352
1786429800000,1.154068112373352,1.154068112373352,1.1536686420440674,1.154068112373352
1786430700000,1.1539349555969238,1.1539349555969238,1.1538017988204956,1.1539349555969238
1786431600000,1.154068112373352,1.154334545135498,1.154068112373352,1.1542012691497803
1786432500000,1.154068112373352,1.1542012691497803,1.1539349555969238,1.154068112373352
1786433400000,1.154068112373352,1.154068112373352,1.1536686420440674,1.1536686420440674
1786434300000,1.1536686420440674,1.1538017988204956,1.1535356044769287,1.1535356044769287
1786435200000,1.1535356044769287,1.1536686420440674,1.1535356044769287,1.1536686420440674
1786436100000,1.1535356044769287,1.1536686420440674,1.1535356044769287,1.1536686420440674
1786437000000,1.1538017988204956,1.1542012691497803,1.1538017988204956,1.154068112373352
1786437900000,1.154068112373352,1.1542012691497803,1.1539349555969238,1.1539349555969238
1786438800000,1.1539349555969238,1.1539349555969238,1.1538017988204956,1.1538017988204956
1786439700000,1.1538017988204956,1.1538017988204956,1.1536686420440674,1.1536686420440674
1786440600000,1.1536686420440674,1.1538017988204956,1.1536686420440674,1.1538017988204956
1786441500000,1.1536686420440674,1.154068112373352,1.1536686420440674,1.1539349555969238
1786442400000,1.1539349555969238,1.1542012691497803,1.1538017988204956,1.1539349555969238
1786443300000,1.1539349555969238,1.154068112373352,1.1536686420440674,1.1539349555969238
1786444200000,1.1539349555969238,1.1542012691497803,1.1539349555969238,1.1539349555969238
1786445100000,1.1539349555969238,1.1539349555969238,1.1538017988204956,1.1539349555969238
1786446000000,1.1539349555969238,1.1546010971069336,1.1539349555969238,1.154334545135498
1786446900000,1.1544678211212158,1.1544678211212158,1.1542012691497803,1.1542012691497803
1786447800000,1.1542012691497803,1.1542012691497803,1.154068112373352,1.154068112373352
1786448700000,1.1539349555969238,1.154068112373352,1.1539349555969238,1.154068112373352
1786449600000,1.154068112373352,1.154334545135498,1.1539349555969238,1.154068112373352
1786450500000,1.154068112373352,1.1542012691497803,1.1538017988204956,1.1539349555969238
1786451400000,1.154068112373352,1.1544678211212158,1.154068112373352,1.154334545135498
1786452300000,1.1544678211212158,1.1546010971069336,1.154334545135498,1.1546010971069336
1786453200000,1.1547343730926514,1.1547343730926514,1.1544678211212158,1.1544678211212158
1786454100000,1.1544678211212158,1.1547343730926514,1.1544678211212158,1.1546010971069336
1786455000000,1.1544678211212158,1.1547343730926514,1.154334545135498,1.1547343730926514
1786455900000,1.155001163482666,1.1551345586776733,1.1547343730926514,1.1547343730926514
1786456800000,1.1546010971069336,1.1546010971069336,1.154334545135498,1.1544678211212158
1786457700000,1.1544678211212158,1.1546010971069336,1.1542012691497803,1.1542012691497803
1786458600000,1.1542012691497803,1.1546010971069336,1.1542012691497803,1.1546010971069336
1786459500000,1.1546010971069336,1.1546010971069336,1.154334545135498,1.1546010971069336
1786460400000,1.1546010971069336,1.1547343730926514,1.1542012691497803,1.1542012691497803
1786461300000,1.154068112373352,1.154334545135498,1.154068112373352,1.154334545135498
1786462200000,1.154334545135498,1.1544678211212158,1.154068112373352,1.154068112373352
1786463100000,1.1542012691497803,1.1546010971069336,1.1542012691497803,1.1546010971069336
1786464000000,1.1546010971069336,1.1546010971069336,1.154334545135498,1.1544678211212158
1786464900000,1.1544678211212158,1.1544678211212158,1.154334545135498,1.1544678211212158
1786465800000,1.1544678211212158,1.1546010971069336,1.1544678211212158,1.1544678211212158
1786466700000,1.1544678211212158,1.1544678211212158,1.154334545135498,1.154334545135498
1786467600000,1.1542012691497803,1.154334545135498,1.1539349555969238,1.1539349555969238
1786468500000,1.1539349555969238,1.154068112373352,1.1538017988204956,1.1539349555969238
1786469400000,1.1539349555969238,1.1542012691497803,1.1538017988204956,1.154068112373352
1786470300000,1.154068112373352,1.1542012691497803,1.154068112373352,1.154068112373352
1786471200000,1.154068112373352,1.154068112373352,1.1539349555969238,1.1539349555969238
1786472100000,1.1539349555969238,1.154068112373352,1.1539349555969238,1.154068112373352
1786473000000,1.1539349555969238,1.1544678211212158,1.1539349555969238,1.1544678211212158
1786473900000,1.1544678211212158,1.1546010971069336,1.154334545135498,1.154334545135498
1786474800000,1.1544678211212158,1.1546010971069336,1.154334545135498,1.1546010971069336
1786475700000,1.1544678211212158,1.1546010971069336,1.154334545135498,1.1546010971069336
1786476600000,1.1546010971069336,1.1547343730926514,1.1544678211212158,1.1546010971069336
1786477500000,1.1546010971069336,1.1546010971069336,1.1546010971069336,1.1546010971069336
1786478400000,1.1546010971069336,1.1547343730926514,1.1546010971069336,1.1546010971069336
1786479300000,1.1546010971069336,1.1546010971069336,1.1544678211212158,1.1544678211212158
1786480200000,1.1544678211212158,1.1544678211212158,1.154334545135498,1.154334545135498
1786481100000,1.1542012691497803,1.1546010971069336,1.1542012691497803,1.1546010971069336
1786482000000,1.1544678211212158,1.1546010971069336,1.154334545135498,1.1544678211212158
1786482900000,1.1544678211212158,1.1546010971069336,1.154334545135498,1.154334545135498
1786483800000,1.1542012691497803,1.1544678211212158,1.1542012691497803,1.1544678211212158
1786484700000,1.154334545135498,1.1546010971069336,1.154334545135498,1.1544678211212158
1786485600000,1.1546010971069336,1.1546010971069336,1.1544678211212158,1.1546010971069336
1786486500000,1.1546010971069336,1.1546010971069336,1.1544678211212158,1.1546010971069336
1786487400000,1.1546010971069336,1.1546010971069336,1.1544678211212158,1.1546010971069336
1786488300000,1.1546010971069336,1.1547343730926514,1.1546010971069336,1.1547343730926514
1786489200000,1.1547343730926514,1.1547343730926514,1.1546010971069336,1.1546010971069336
1786490100000,1.1546010971069336,1.1546010971069336,1.1546010971069336,1.1546010971069336
1786491000000,1.1546010971069336,1.1546010971069336,1.1544678211212158,1.1546010971069336
1786491900000,1.1546010971069336,1.1547343730926514,1.1546010971069336,1.1546010971069336
1786492800000,1.1546010971069336,1.1548677682876587,1.1546010971069336,1.1547343730926514
1786493700000,1.1547343730926514,1.1547343730926514,1.1547343730926514,1.1547343730926514
1786494600000,1.1547343730926514,1.1547343730926514,1.1546010971069336,1.1546010971069336
1786495500000,1.1546010971069336,1.1546010971069336,1.154334545135498,1.154334545135498
1786496400000,1.154334545135498,1.154334545135498,1.154068112373352,1.154068112373352
1786497300000,1.154068112373352,1.1542012691497803,1.154068112373352,1.154068112373352
1786498200000,1.1542012691497803,1.154334545135498,1.154068112373352,1.154334545135498
1786499100000,1.154334545135498,1.154334545135498,1.1542012691497803,1.1542012691497803
1786500000000,1.1542012691497803,1.1542012691497803,1.154068112373352,1.154068112373352
1786500900000,1.154068112373352,1.154068112373352,1.1539349555969238,1.154068112373352
1786501800000,1.154068112373352,1.154334545135498,1.154068112373352,1.1542012691497803
1786502700000,1.1542012691497803,1.1542012691497803,1.154068112373352,1.154068112373352
1786503600000,1.1542012691497803,1.1542012691497803,1.154068112373352,1.154068112373352
1786504500000,1.154068112373352,1.154068112373352,1.1539349555969238,1.1539349555969238
1786505400000,1.1539349555969238,1.154068112373352,1.1539349555969238,1.1539349555969238
1786506300000,1.1539349555969238,1.1539349555969238,1.1538017988204956,1.1538017988204956
1786507200000,1.1539349555969238,1.1539349555969238,1.1538017988204956,1.1538017988204956
1786508100000,1.1538017988204956,1.1538017988204956,1.1536686420440674,1.1536686420440674
1786509000000,1.1538017988204956,1.1539349555969238,1.1536686420440674,1.1539349555969238
1786509900000,1.1539349555969238,1.1539349555969238,1.1538017988204956,1.1539349555969238
1786510800000,1.1539349555969238,1.1539349555969238,1.1536686420440674,1.1538017988204956
1786511700000,1.1536686420440674,1.1536686420440674,1.1535356044769287,1.1536686420440674
1786512600000,1.1536686420440674,1.1538017988204956,1.1536686420440674,1.1538017988204956
1786513500000,1.1536686420440674,1.1538017988204956,1.1536686420440674,1.1536686420440674
1786514400000,1.1538017988204956,1.1538017988204956,1.1536686420440674,1.1538017988204956
1786515300000,1.1538017988204956,1.1539349555969238,1.1538017988204956,1.1539349555969238
1786516200000,1.1538017988204956,1.1539349555969238,1.1538017988204956,1.1538017988204956
1786517100000,1.1539349555969238,1.154068112373352,1.1538017988204956,1.154068112373352
1786518000000,1.154068112373352,1.1542012691497803,1.1539349555969238,1.1542012691497803
1786518900000,1.1542012691497803,1.1542012691497803,1.154068112373352,1.154068112373352
1786519800000,1.154068112373352,1.1542012691497803,1.154068112373352,1.154068112373352
1786520700000,1.154068112373352,1.1542012691497803,1.154068112373352,1.154068112373352
1786521600000,1.154068112373352,1.154068112373352,1.1538017988204956,1.1539349555969238
1786522500000,1.1539349555969238,1.1542012691497803,1.1539349555969238,1.154068112373352
1786523400000,1.1542012691497803,1.154334545135498,1.154068112373352,1.154334545135498
1786524300000,1.154334545135498,1.154334545135498,1.154068112373352,1.154068112373352
1786525200000,1.154068112373352,1.154334545135498,1.154068112373352,1.154334545135498
1786526100000,1.1544678211212158,1.1552680730819702,1.154334545135498,1.1546010971069336
1786527000000,1.1546010971069336,1.1547343730926514,1.1542012691497803,1.1542012691497803
1786527900000,1.1542012691497803,1.154334545135498,1.1539349555969238,1.1539349555969238
1786528800000,1.1539349555969238,1.1542012691497803,1.1539349555969238,1.1539349555969238
1786529700000,1.1539349555969238,1.1542012691497803,1.1539349555969238,1.1542012691497803
1786530600000,1.154068112373352,1.154068112373352,1.1539349555969238,1.1539349555969238
1786531500000,1.154068112373352,1.154068112373352,1.1535356044769287,1.1538017988204956
1786532400000,1.1538017988204956,1.154068112373352,1.1538017988204956,1.1538017988204956
1786533300000,1.1539349555969238,1.1542012691497803,1.1538017988204956,1.1542012691497803
1786534200000,1.1542012691497803,1.154334545135498,1.1542012691497803,1.154334545135498
1786535100000,1.1544678211212158,1.1548677682876587,1.1544678211212158,1.1547343730926514
1786536000000,1.1547343730926514,1.1548677682876587,1.1546010971069336,1.1548677682876587
1786536900000,1.1548677682876587,1.1548677682876587,1.1546010971069336,1.1547343730926514
1786537800000,1.1536686420440674,1.156336784362793,1.1536686420440674,1.156203031539917
1786538700000,1.1559356451034546,1.156203031539917,1.1556684970855713,1.1560693979263306
1786539600000,1.156336784362793,1.1564704179763794,1.1555349826812744,1.1555349826812744
1786540500000,1.155401587486267,1.1558021306991577,1.155401587486267,1.1556684970855713
1786541400000,1.1558021306991577,1.1558021306991577,1.1551345586776733,1.1551345586776733
1786542300000,1.155001163482666,1.1556684970855713,1.155001163482666,1.1555349826812744
1786543200000,1.1555349826812744,1.1556684970855713,1.1552680730819702,1.155401587486267
1786544100000,1.1552680730819702,1.1556684970855713,1.1552680730819702,1.1552680730819702
1786545000000,1.155401587486267,1.155401587486267,1.1548677682876587,1.1548677682876587
1786545900000,1.1548677682876587,1.155001163482666,1.1542012691497803,1.1544678211212158
1786546800000,1.1544678211212158,1.1547343730926514,1.1542012691497803,1.1547343730926514
1786547700000,1.1544678211212158,1.1546010971069336,1.154334545135498,1.154334545135498
1786548600000,1.154334545135498,1.154334545135498,1.1539349555969238,1.1539349555969238
1786549500000,1.154068112373352,1.154334545135498,1.1538017988204956,1.154334545135498
1786550400000,1.1542012691497803,1.154334545135498,1.1536686420440674,1.154068112373352
1786551300000,1.1538017988204956,1.1538017988204956,1.1535356044769287,1.1535356044769287
1786552200000,1.1535356044769287,1.1535356044769287,1.1532695293426514,1.1532695293426514
1786553100000,1.15340256690979,1.15340256690979,1.1528706550598145,1.1531364917755127
1786554000000,1.1532695293426514,1.15340256690979,1.1531364917755127,1.1532695293426514
1786554900000,1.1531364917755127,1.1531364917755127,1.1530035734176636,1.1531364917755127
1786555800000,1.1531364917755127,1.1531364917755127,1.1527377367019653,1.1527377367019653
1786556700000,1.1527377367019653,1.1528706550598145,1.1524720191955566,1.1524720191955566
1786557600000,1.1524720191955566,1.1528706550598145,1.152339220046997,1.1527377367019653
1786558500000,1.1527377367019653,1.1530035734176636,1.1527377367019653,1.1528706550598145
1786559400000,1.1528706550598145,1.1528706550598145,1.1526048183441162,1.1527377367019653
1786560300000,1.1527377367019653,1.1527377367019653,1.152339220046997,1.152339220046997
1786561200000,1.1524720191955566,1.1526048183441162,1.1524720191955566,1.1526048183441162
1786562100000,1.1526048183441162,1.1528706550598145,1.1526048183441162,1.1526048183441162
1786563000000,1.1524720191955566,1.1526048183441162,1.1524720191955566,1.1526048183441162
1786563900000,1.1526048183441162,1.1526048183441162,1.152339220046997,1.1526048183441162
1786564800000,1.1526048183441162,1.1527377367019653,1.1526048183441162,1.1526048183441162
1786565700000,1.1526048183441162,1.1526048183441162,1.1524720191955566,1.1526048183441162
1786566600000,1.1526048183441162,1.1527377367019653,1.1526048183441162,1.1527377367019653
1786567500000,1.1528706550598145,1.1528706550598145,1.1527377367019653,1.1528706550598145
1786568400000,1.1532695293426514,1.1532695293426514,1.1526048183441162,1.1526048183441162
1786569300000,1.1524720191955566,1.1530035734176636,1.1524720191955566,1.1527377367019653
1786570200000,1.1527377367019653,1.1527377367019653,1.1524720191955566,1.1526048183441162
1786571100000,1.1526048183441162,1.1527377367019653,1.1526048183441162,1.1526048183441162
1786572000000,1.1528706550598145,1.1528706550598145,1.1526048183441162,1.1528706550598145
1786572900000,1.1528706550598145,1.1528706550598145,1.1527377367019653,1.1527377367019653
1786573800000,1.1528706550598145,1.1530035734176636,1.1527377367019653,1.1530035734176636
1786574700000,1.1528706550598145,1.1530035734176636,1.1528706550598145,1.1530035734176636
1786575600000,1.1530035734176636,1.1530035734176636,1.1530035734176636,1.1530035734176636
1786576500000,1.1530035734176636,1.1531364917755127,1.1530035734176636,1.1531364917755127
1786577400000,1.1530035734176636,1.1531364917755127,1.1530035734176636,1.1530035734176636
1786578300000,1.1530035734176636,1.1531364917755127,1.1530035734176636,1.1531364917755127
1786579200000,1.1531364917755127,1.1532695293426514,1.1531364917755127,1.1532695293426514
1786580100000,1.1531364917755127,1.1532695293426514,1.1531364917755127,1.1532695293426514
1786581000000,1.1532695293426514,1.15340256690979,1.1532695293426514,1.15340256690979
1786581900000,1.15340256690979,1.15340256690979,1.1530035734176636,1.1531364917755127
1786582800000,1.1532695293426514,1.1532695293426514,1.1531364917755127,1.1532695293426514
1786583700000,1.1532695293426514,1.15340256690979,1.1532695293426514,1.1532695293426514
1786584600000,1.1532695293426514,1.15340256690979,1.1531364917755127,1.1531364917755127
1786585500000,1.1531364917755127,1.1531364917755127,1.1527377367019653,1.1527377367019653
1786586400000,1.1528706550598145,1.1528706550598145,1.1527377367019653,1.1527377367019653
1786587300000,1.1527377367019653,1.1527377367019653,1.1526048183441162,1.1526048183441162
1786588200000,1.1524720191955566,1.1526048183441162,1.152339220046997,1.152339220046997
1786589100000,1.1524720191955566,1.1526048183441162,1.1524720191955566,1.1526048183441162
1786590000000,1.1524720191955566,1.1527377367019653,1.1524720191955566,1.1526048183441162
1786590900000,1.1524720191955566,1.1526048183441162,1.152339220046997,1.1526048183441162
1786591800000,1.1524720191955566,1.1527377367019653,1.1524720191955566,1.1526048183441162
1786592700000,1.1526048183441162,1.1526048183441162,1.1524720191955566,1.1526048183441162
1786593600000,1.1526048183441162,1.1526048183441162,1.1524720191955566,1.1524720191955566
1786594500000,1.1524720191955566,1.1524720191955566,1.152339220046997,1.1524720191955566
1786595400000,1.1524720191955566,1.1524720191955566,1.1524720191955566,1.1524720191955566
1786596300000,1.1526048183441162,1.1530035734176636,1.1526048183441162,1.1530035734176636
1786597200000,1.1528706550598145,1.1530035734176636,1.1528706550598145,1.1528706550598145
1786598100000,1.1528706550598145,1.1531364917755127,1.1528706550598145,1.1530035734176636
1786599000000,1.1530035734176636,1.1530035734176636,1.1527377367019653,1.1527377367019653
1786599900000,1.1527377367019653,1.1528706550598145,1.1527377367019653,1.1528706550598145
1786600800000,1.1528706550598145,1.1528706550598145,1.152339220046997,1.1524720191955566
1786601700000,1.1524720191955566,1.1526048183441162,1.1520737409591675,1.1520737409591675
1786602600000,1.1519410610198975,1.1519410610198975,1.151543140411377,1.1519410610198975
1786603500000,1.1519410610198975,1.1522064208984375,1.1519410610198975,1.1520737409591675
1786604400000,1.1520737409591675,1.152339220046997,1.1520737409591675,1.1520737409591675
1786605300000,1.1520737409591675,1.1524720191955566,1.1520737409591675,1.1524720191955566
1786606200000,1.1524720191955566,1.1528706550598145,1.152339220046997,1.1528706550598145
1786607100000,1.1528706550598145,1.1531364917755127,1.1527377367019653,1.1528706550598145
1786608000000,1.1528706550598145,1.1528706550598145,1.1526048183441162,1.1528706550598145
1786608900000,1.1528706550598145,1.1528706550598145,1.1527377367019653,1.1528706550598145
1786609800000,1.1528706550598145,1.1530035734176636,1.1527377367019653,1.1530035734176636
1786610700000,1.1530035734176636,1.1531364917755127,1.1527377367019653,1.1527377367019653
1786611600000,1.1527377367019653,1.1531364917755127,1.1527377367019653,1.1531364917755127
1786612500000,1.1531364917755127,1.1535356044769287,1.1531364917755127,1.15340256690979
1786613400000,1.15340256690979,1.1536686420440674,1.15340256690979,1.1535356044769287
1786614300000,1.1535356044769287,1.1538017988204956,1.15340256690979,1.1538017988204956
1786615200000,1.1538017988204956,1.1539349555969238,1.1538017988204956,1.1539349555969238
1786616100000,1.1538017988204956,1.154068112373352,1.1538017988204956,1.1539349555969238
1786617000000,1.1542012691497803,1.1542012691497803,1.154068112373352,1.154068112373352
1786617900000,1.1539349555969238,1.1539349555969238,1.1538017988204956,1.1539349555969238
1786618800000,1.1539349555969238,1.1542012691497803,1.1538017988204956,1.1542012691497803
1786619700000,1.1542012691497803,1.1542012691497803,1.1539349555969238,1.154068112373352
1786620600000,1.154068112373352,1.154068112373352,1.1539349555969238,1.1539349555969238
1786621500000,1.1539349555969238,1.1539349555969238,1.1536686420440674,1.1536686420440674
1786622400000,1.1538017988204956,1.1538017988204956,1.1536686420440674,1.1536686420440674
1786623300000,1.1535356044769287,1.1535356044769287,1.15340256690979,1.15340256690979
1786624200000,1.1535356044769287,1.1536686420440674,1.1528706550598145,1.15340256690979
1786625100000,1.1535356044769287,1.1547343730926514,1.1535356044769287,1.1547343730926514
1786626000000,1.1546010971069336,1.1548677682876587,1.154068112373352,1.154068112373352
1786626900000,1.154334545135498,1.1544678211212158,1.1538017988204956,1.1538017988204956
1786627800000,1.1539349555969238,1.1539349555969238,1.15340256690979,1.1536686420440674
1786628700000,1.1538017988204956,1.1538017988204956,1.1535356044769287,1.1538017988204956
1786629600000,1.1539349555969238,1.154334545135498,1.1535356044769287,1.154334545135498
1786630500000,1.1546010971069336,1.1548677682876587,1.154334545135498,1.154334545135498
1786631400000,1.154068112373352,1.1544678211212158,1.154068112373352,1.1544678211212158
1786632300000,1.154334545135498,1.1547343730926514,1.1542012691497803,1.1547343730926514
1786633200000,1.1547343730926514,1.1548677682876587,1.154068112373352,1.154068112373352
1786634100000,1.1542012691497803,1.1542012691497803,1.1536686420440674,1.1536686420440674
1786635000000,1.1538017988204956,1.1539349555969238,1.1536686420440674,1.1536686420440674
1786635900000,1.1538017988204956,1.1538017988204956,1.15340256690979,1.15340256690979
1786636800000,1.15340256690979,1.1535356044769287,1.1531364917755127,1.1531364917755127
1786637700000,1.1531364917755127,1.1531364917755127,1.1528706550598145,1.1530035734176636
1786638600000,1.1528706550598145,1.1532695293426514,1.1528706550598145,1.1532695293426514
1786639500000,1.1532695293426514,1.15340256690979,1.1532695293426514,1.1532695293426514
1786640400000,1.15340256690979,1.1535356044769287,1.1531364917755127,1.1531364917755127
1786641300000,1.1531364917755127,1.1532695293426514,1.1530035734176636,1.1530035734176636
1786642200000,1.1530035734176636,1.1532695293426514,1.1530035734176636,1.1532695293426514
1786643100000,1.1532695293426514,1.1532695293426514,1.1531364917755127,1.1531364917755127
1786644000000,1.1531364917755127,1.1535356044769287,1.1530035734176636,1.1535356044769287
1786644900000,1.1535356044769287,1.1535356044769287,1.1532695293426514,1.1532695293426514
1786645800000,1.1532695293426514,1.15340256690979,1.1532695293426514,1.1532695293426514
1786646700000,1.1532695293426514,1.15340256690979,1.1532695293426514,1.1532695293426514
1786647600000,1.1532695293426514,1.15340256690979,1.1532695293426514,1.1532695293426514
1786648500000,1.1532695293426514,1.1535356044769287,1.1532695293426514,1.1535356044769287
1786649400000,1.15340256690979,1.1535356044769287,1.1532695293426514,1.1532695293426514
1786650300000,1.1531364917755127,1.1532695293426514,1.1531364917755127,1.1531364917755127
1786651200000,1.15340256690979,1.15340256690979,1.1530035734176636,1.1530035734176636
1786652100000,1.1530035734176636,1.1531364917755127,1.1530035734176636,1.1531364917755127
1786653000000,1.1531364917755127,1.1531364917755127,1.1531364917755127,1.1531364917755127
1786653900000,1.1531364917755127,1.1535356044769287,1.1531364917755127,1.1532695293426514
1786654800000,1.1530035734176636,1.15340256690979,1.1528706550598145,1.1531364917755127
1786655700000,1.1530035734176636,1.1532695293426514,1.1530035734176636,1.1532695293426514
1786656600000,1.1531364917755127,1.1535356044769287,1.1531364917755127,1.1531364917755127
1786657500000,1.1532695293426514,1.1532695293426514,1.1528706550598145,1.1531364917755127
1786658400000,1.1532695293426514,1.15340256690979,1.1532695293426514,1.1532695293426514
1786659300000,1.1532695293426514,1.1535356044769287,1.1532695293426514,1.15340256690979
1786660200000,1.15340256690979,1.1535356044769287,1.15340256690979,1.1535356044769287
1786661100000,1.1535356044769287,1.1535356044769287,1.15340256690979,1.1535356044769287
1786662000000,1.1535356044769287,1.1536686420440674,1.1535356044769287,1.1536686420440674
1786662900000,1.1536686420440674,1.1536686420440674,1.1535356044769287,1.1535356044769287
1786663800000,1.1535356044769287,1.1538017988204956,1.1535356044769287,1.1536686420440674
1786664700000,1.1536686420440674,1.1538017988204956,1.1536686420440674,1.1536686420440674
1786665600000,1.1536686420440674,1.1539349555969238,1.1536686420440674,1.1538017988204956
1786666500000,1.1538017988204956,1.154068112373352,1.1538017988204956,1.154068112373352
1786667400000,1.1539349555969238,1.154068112373352,1.1539349555969238,1.154068112373352
1786668300000,1.154068112373352,1.1542012691497803,1.1539349555969238,1.1542012691497803
1786669200000,1.1542012691497803,1.1542012691497803,1.1536686420440674,1.1536686420440674
1786670100000,1.1538017988204956,1.1538017988204956,1.1535356044769287,1.1538017988204956
1786671000000,1.1538017988204956,1.154068112373352,1.1538017988204956,1.1539349555969238
1786671900000,1.154068112373352,1.154068112373352,1.1538017988204956,1.1538017988204956
1786672800000,1.1538017988204956,1.1539349555969238,1.1538017988204956,1.1539349555969238
1786673700000,1.1539349555969238,1.154068112373352,1.1538017988204956,1.1539349555969238
1786674600000,1.1539349555969238,1.154068112373352,1.1539349555969238,1.154068112373352
1786675500000,1.154068112373352,1.154068112373352,1.1536686420440674,1.1536686420440674
1786676400000,1.1538017988204956,1.1539349555969238,1.1536686420440674,1.1539349555969238
1786677300000,1.1539349555969238,1.1542012691497803,1.1539349555969238,1.1542012691497803
1786678200000,1.1542012691497803,1.1542012691497803,1.154068112373352,1.154068112373352
1786679100000,1.154068112373352,1.154068112373352,1.1539349555969238,1.154068112373352
1786680000000,1.154068112373352,1.154334545135498,1.154068112373352,1.154334545135498
1786680900000,1.154334545135498,1.154334545135498,1.154068112373352,1.154068112373352
1786681800000,1.154068112373352,1.154334545135498,1.154068112373352,1.1542012691497803
1786682700000,1.1542012691497803,1.154334545135498,1.1542012691497803,1.1542012691497803
1786683600000,1.1542012691497803,1.154334545135498,1.1542012691497803,1.154334545135498
1786684500000,1.154334545135498,1.1544678211212158,1.154334545135498,1.1544678211212158
1786685400000,1.154334545135498,1.1546010971069336,1.154334545135498,1.1544678211212158
1786686300000,1.1544678211212158,1.1544678211212158,1.154334545135498,1.1544678211212158
1786687200000,1.1546010971069336,1.1547343730926514,1.1544678211212158,1.1544678211212158
1786688100000,1.154334545135498,1.1544678211212158,1.1542012691497803,1.154334545135498
1786689000000,1.154334545135498,1.1546010971069336,1.154334545135498,1.1546010971069336
1786689900000,1.1547343730926514,1.1547343730926514,1.1544678211212158,1.1547343730926514
1786690800000,1.1547343730926514,1.155001163482666,1.1546010971069336,1.1548677682876587
1786691700000,1.1548677682876587,1.155001163482666,1.1548677682876587,1.155001163482666
1786692600000,1.155001163482666,1.1552680730819702,1.1548677682876587,1.1551345586776733
1786693500000,1.1552680730819702,1.155401587486267,1.1552680730819702,1.155401587486267
1786694400000,1.1555349826812744,1.1558021306991577,1.155401587486267,1.1556684970855713
1786695300000,1.1558021306991577,1.1558021306991577,1.155401587486267,1.1556684970855713
1786696200000,1.1556684970855713,1.1560693979263306,1.155401587486267,1.1558021306991577
1786697100000,1.1558021306991577,1.1559356451034546,1.1556684970855713,1.1559356451034546
1786698000000,1.1559356451034546,1.1560693979263306,1.1558021306991577,1.1558021306991577
1786698900000,1.1558021306991577,1.1559356451034546,1.1556684970855713,1.1558021306991577
1786699800000,1.1558021306991577,1.1558021306991577,1.155401587486267,1.1555349826812744
1786700700000,1.1556684970855713,1.1558021306991577,1.1555349826812744,1.1556684970855713
1786701600000,1.1556684970855713,1.1558021306991577,1.1555349826812744,1.1558021306991577
1786702500000,1.1558021306991577,1.1558021306991577,1.1556684970855713,1.1556684970855713
1786703400000,1.1556684970855713,1.1558021306991577,1.1556684970855713,1.1558021306991577
1786704300000,1.1558021306991577,1.1559356451034546,1.1558021306991577,1.1558021306991577
1786705200000,1.1559356451034546,1.156203031539917,1.1559356451034546,1.156203031539917
1786706100000,1.156336784362793,1.156738042831421,1.156203031539917,1.1566041707992554
1786707000000,1.1566041707992554,1.1574074029922485,1.1566041707992554,1.157273530960083
1786707900000,1.157273530960083,1.157273530960083,1.1568717956542969,1.1568717956542969
1786708800000,1.1570056676864624,1.1574074029922485,1.156738042831421,1.156738042831421
1786709700000,1.1568717956542969,1.1574074029922485,1.1568717956542969,1.157139539718628
1786710600000,1.1579434871673584,1.158077597618103,1.1570056676864624,1.1570056676864624
1786711500000,1.1570056676864624,1.157273530960083,1.156738042831421,1.1570056676864624
1786712400000,1.1570056676864624,1.1570056676864624,1.1566041707992554,1.1566041707992554
1786713300000,1.156738042831421,1.157273530960083,1.1566041707992554,1.157139539718628
1786714200000,1.157139539718628,1.1586142778396606,1.157139539718628,1.1586142778396606
1786715100000,1.1584800481796265,1.1587486267089844,1.158077597618103,1.1582117080688477
1786716000000,1.1587486267089844,1.1587486267089844,1.1582117080688477,1.1583458185195923
1786716900000,1.1582117080688477,1.1588828563690186,1.1582117080688477,1.1588828563690186
1786717800000,1.1587486267089844,1.1587486267089844,1.1582117080688477,1.1584800481796265
1786718700000,1.1584800481796265,1.1584800481796265,1.1582117080688477,1.1583458185195923
1786719600000,1.1584800481796265,1.1587486267089844,1.1584800481796265,1.1584800481796265
1786720500000,1.1583458185195923,1.1584800481796265,1.158077597618103,1.1583458185195923
1786721400000,1.1584800481796265,1.1588828563690186,1.1584800481796265,1.1584800481796265
1786722300000,1.1584800481796265,1.1588828563690186,1.1583458185195923,1.1583458185195923
1786723200000,1.1584800481796265,1.1584800481796265,1.1579434871673584,1.1579434871673584
1786724100000,1.158077597618103,1.1583458185195923,1.1579434871673584,1.1579434871673584
1786725000000,1.1579434871673584,1.1582117080688477,1.1578094959259033,1.1578094959259033
1786725900000,1.1578094959259033,1.1578094959259033,1.1574074029922485,1.1574074029922485
1786726800000,1.1574074029922485,1.1574074029922485,1.1570056676864624,1.1570056676864624
1786727700000,1.157139539718628,1.157139539718628,1.156738042831421,1.1568717956542969
1786728600000,1.1568717956542969,1.1568717956542969,1.156738042831421,1.156738042831421
1786729500000,1.156738042831421,1.1568717956542969,1.1566041707992554,1.156738042831421
1786730400000,1.156738042831421,1.1568717956542969,1.156738042831421,1.156738042831421
1786731300000,1.156738042831421,1.1570056676864624,1.1566041707992554,1.1570056676864624
1786732200000,1.1570056676864624,1.1570056676864624,1.1568717956542969,1.1568717956542969
1786733100000,1.1568717956542969,1.1570056676864624,1.156738042831421,1.1568717956542969
1786734000000,1.1570056676864624,1.157139539718628,1.1568717956542969,1.157139539718628
1786734900000,1.1570056676864624,1.157139539718628,1.1570056676864624,1.157139539718628
1786735800000,1.157273530960083,1.157273530960083,1.1568717956542969,1.1570056676864624
1786736700000,1.1570056676864624,1.157139539718628,1.1570056676864624,1.1570056676864624
1786737600000,1.157139539718628,1.157273530960083,1.157139539718628,1.157139539718628
1786738500000,1.157139539718628,1.157273530960083,1.157139539718628,1.157273530960083
1786739400000,1.157273530960083,1.157273530960083,1.157139539718628,1.157139539718628
1786740300000,1.157139539718628,1.1574074029922485,1.157139539718628,1.157273530960083
1786741200000,1.157273530960083,1.157273530960083,1.157273530960083,1.157273530960083
1786742100000,1.157273530960083,1.157273530960083,1.157273530960083,1.157273530960083
1786921200000,1.1578094959259033,1.1579434871673584,1.1578094959259033,1.1578094959259033
1786922100000,1.1578094959259033,1.1578094959259033,1.1578094959259033,1.1578094959259033
1786923000000,1.1578094959259033,1.1578094959259033,1.1578094959259033,1.1578094959259033
1786923900000,1.1579434871673584,1.1579434871673584,1.1576753854751587,1.1576753854751587
1786924800000,1.1579434871673584,1.1583458185195923,1.1579434871673584,1.1583458185195923
1786925700000,1.1582117080688477,1.1583458185195923,1.1582117080688477,1.1583458185195923
1786926600000,1.1583458185195923,1.1584800481796265,1.1582117080688477,1.1582117080688477
1786927500000,1.1582117080688477,1.1583458185195923,1.1582117080688477,1.1583458185195923
1786928400000,1.1583458185195923,1.1583458185195923,1.1582117080688477,1.1583458185195923
1786929300000,1.1583458185195923,1.1586142778396606,1.1582117080688477,1.1584800481796265
1786930200000,1.1583458185195923,1.1586142778396606,1.1582117080688477,1.1586142778396606
1786931100000,1.1586142778396606,1.1587486267089844,1.1584800481796265,1.1586142778396606
1786932000000,1.1587486267089844,1.1587486267089844,1.1586142778396606,1.1586142778396606
1786932900000,1.1586142778396606,1.1587486267089844,1.1586142778396606,1.1587486267089844
1786933800000,1.1587486267089844,1.1587486267089844,1.1583458185195923,1.1584800481796265
1786934700000,1.1584800481796265,1.1584800481796265,1.1582117080688477,1.1583458185195923
1786935600000,1.1583458185195923,1.1583458185195923,1.1582117080688477,1.1582117080688477
1786936500000,1.1583458185195923,1.1583458185195923,1.1582117080688477,1.1583458185195923
1786937400000,1.1583458185195923,1.1583458185195923,1.1582117080688477,1.1583458185195923
1786938300000,1.1583458185195923,1.1587486267089844,1.1583458185195923,1.1587486267089844
1786939200000,1.1586142778396606,1.159151554107666,1.1586142778396606,1.1590172052383423
1786940100000,1.1590172052383423,1.1590172052383423,1.1588828563690186,1.1590172052383423
1786941000000,1.1590172052383423,1.1590172052383423,1.1588828563690186,1.1590172052383423
1786941900000,1.1590172052383423,1.1590172052383423,1.1587486267089844,1.1588828563690186
1786942800000,1.1588828563690186,1.1588828563690186,1.1586142778396606,1.1586142778396606
1786943700000,1.1586142778396606,1.1590172052383423,1.1586142778396606,1.1590172052383423
1786944600000,1.1590172052383423,1.1590172052383423,1.1588828563690186,1.1590172052383423
1786945500000,1.1590172052383423,1.1592857837677002,1.1590172052383423,1.1590172052383423
1786946400000,1.159151554107666,1.1592857837677002,1.1587486267089844,1.1588828563690186
1786947300000,1.1588828563690186,1.1595547199249268,1.1588828563690186,1.1595547199249268
1786948200000,1.1592857837677002,1.1594202518463135,1.159151554107666,1.1594202518463135
1786949100000,1.15968918800354,1.1599582433700562,1.15968918800354,1.1599582433700562
1786950000000,1.1599582433700562,1.160092830657959,1.1598236560821533,1.160092830657959
1786950900000,1.160092830657959,1.1610356569290161,1.160092830657959,1.1610356569290161
1786951800000,1.1610356569290161,1.1615750789642334,1.1610356569290161,1.16130530834198
1786952700000,1.161170482635498,1.161170482635498,1.1609008312225342,1.1609008312225342
1786953600000,1.1610356569290161,1.1610356569290161,1.1607661247253418,1.1610356569290161
1786954500000,1.161170482635498,1.1617100238800049,1.1610356569290161,1.1617100238800049
1786955400000,1.1617100238800049,1.1617100238800049,1.1609008312225342,1.1609008312225342
1786956300000,1.1609008312225342,1.1609008312225342,1.1599582433700562,1.1602274179458618
1786957200000,1.1603620052337646,1.1603620052337646,1.160092830657959,1.1602274179458618
1786958100000,1.1602274179458618,1.160496711730957,1.1602274179458618,1.160496711730957
1786959000000,1.160496711730957,1.160496711730957,1.1602274179458618,1.1603620052337646
1786959900000,1.1603620052337646,1.1603620052337646,1.1599582433700562,1.1599582433700562
1786960800000,1.1598236560821533,1.1599582433700562,1.1595547199249268,1.1598236560821533
1786961700000,1.1599582433700562,1.160092830657959,1.15968918800354,1.160092830657959
1786962600000,1.1599582433700562,1.1599582433700562,1.1594202518463135,1.15968918800354
1786963500000,1.1595547199249268,1.15968918800354,1.1592857837677002,1.1594202518463135
1786964400000,1.1594202518463135,1.1598236560821533,1.1594202518463135,1.1594202518463135
1786965300000,1.1594202518463135,1.1594202518463135,1.159151554107666,1.1594202518463135
1786966200000,1.1592857837677002,1.1594202518463135,1.159151554107666,1.159151554107666
1786967100000,1.159151554107666,1.1595547199249268,1.159151554107666,1.1595547199249268
1786968000000,1.1595547199249268,1.1598236560821533,1.1595547199249268,1.1595547199249268
1786968900000,1.1594202518463135,1.1598236560821533,1.1592857837677002,1.1594202518463135
1786969800000,1.1594202518463135,1.1598236560821533,1.1592857837677002,1.1598236560821533
1786970700000,1.15968918800354,1.160092830657959,1.1595547199249268,1.160092830657959
1786971600000,1.160092830657959,1.1602274179458618,1.1599582433700562,1.1599582433700562
1786972500000,1.1599582433700562,1.1602274179458618,1.1598236560821533,1.1599582433700562
1786973400000,1.160092830657959,1.1602274179458618,1.1594202518463135,1.1594202518463135
1786974300000,1.1592857837677002,1.1598236560821533,1.159151554107666,1.1598236560821533
1786975200000,1.15968918800354,1.1599582433700562,1.15968918800354,1.1599582433700562
1786976100000,1.160092830657959,1.1602274179458618,1.1594202518463135,1.15968918800354
1786977000000,1.1595547199249268,1.15968918800354,1.1590172052383423,1.159151554107666
1786977900000,1.159151554107666,1.1592857837677002,1.1590172052383423,1.1590172052383423
1786978800000,1.1590172052383423,1.1590172052383423,1.1587486267089844,1.1588828563690186
1786979700000,1.1588828563690186,1.1588828563690186,1.1586142778396606,1.1588828563690186
1786980600000,1.1588828563690186,1.1588828563690186,1.1584800481796265,1.1584800481796265
1786981500000,1.1584800481796265,1.1592857837677002,1.1584800481796265,1.1592857837677002
1786982400000,1.1592857837677002,1.1592857837677002,1.1588828563690186,1.1590172052383423
1786983300000,1.159151554107666,1.1594202518463135,1.159151554107666,1.159151554107666
1786984200000,1.1592857837677002,1.1595547199249268,1.159151554107666,1.1594202518463135
1786985100000,1.1592857837677002,1.1594202518463135,1.159151554107666,1.159151554107666
1786986000000,1.159151554107666,1.1592857837677002,1.1590172052383423,1.1590172052383423
1786986900000,1.1588828563690186,1.1588828563690186,1.1586142778396606,1.1587486267089844
1786987800000,1.1587486267089844,1.1587486267089844,1.158077597618103,1.1583458185195923
1786988700000,1.1583458185195923,1.1583458185195923,1.158077597618103,1.158077597618103
1786989600000,1.1579434871673584,1.158077597618103,1.1579434871673584,1.158077597618103
1786990500000,1.158077597618103,1.158077597618103,1.1576753854751587,1.1578094959259033
1786991400000,1.1576753854751587,1.1576753854751587,1.1574074029922485,1.1575413942337036
1786992300000,1.1575413942337036,1.1576753854751587,1.1575413942337036,1.1575413942337036
1786993200000,1.1576753854751587,1.158077597618103,1.1575413942337036,1.158077597618103
1786994100000,1.158077597618103,1.1582117080688477,1.158077597618103,1.1582117080688477
1786995000000,1.1582117080688477,1.1583458185195923,1.158077597618103,1.1583458185195923
1786995900000,1.1583458185195923,1.1583458185195923,1.158077597618103,1.1582117080688477
1786996800000,1.1583458185195923,1.1583458185195923,1.158077597618103,1.158077597618103
1786997700000,1.158077597618103,1.1582117080688477,1.158077597618103,1.158077597618103
1786998600000,1.158077597618103,1.1582117080688477,1.158077597618103,1.1582117080688477
1786999500000,1.1582117080688477,1.1583458185195923,1.1582117080688477,1.1583458185195923
1787000400000,1.1586142778396606,1.1587486267089844,1.1582117080688477,1.1584800481796265
1787001300000,1.1590172052383423,1.1590172052383423,1.1582117080688477,1.1582117080688477
1787002200000,1.1578094959259033,1.1583458185195923,1.1578094959259033,1.1582117080688477
1787003100000,1.158077597618103,1.1583458185195923,1.1578094959259033,1.158077597618103
1787004000000,1.1582117080688477,1.1583458185195923,1.158077597618103,1.1582117080688477
1787004900000,1.1582117080688477,1.1583458185195923,1.158077597618103,1.1583458185195923
1787005800000,1.1583458185195923,1.1583458185195923,1.1582117080688477,1.1582117080688477
1787006700000,1.1582117080688477,1.1583458185195923,1.1582117080688477,1.1582117080688477
1787007600000,1.1582117080688477,1.1583458185195923,1.1582117080688477,1.1583458185195923
1787008500000,1.1583458185195923,1.1584800481796265,1.1583458185195923,1.1584800481796265
1787009400000,1.1584800481796265,1.1586142778396606,1.1584800481796265,1.1586142778396606
1787010300000,1.1586142778396606,1.1587486267089844,1.1586142778396606,1.1586142778396606
1787011200000,1.1586142778396606,1.1587486267089844,1.1586142778396606,1.1586142778396606
1787012100000,1.1586142778396606,1.1587486267089844,1.1583458185195923,1.1583458185195923
1787013000000,1.1582117080688477,1.1584800481796265,1.158077597618103,1.1584800481796265
1787013900000,1.1583458185195923,1.1586142778396606,1.1583458185195923,1.1586142778396606
1787014800000,1.1586142778396606,1.1588828563690186,1.1584800481796265,1.1588828563690186
1787015700000,1.1587486267089844,1.1587486267089844,1.1583458185195923,1.1584800481796265
1787016600000,1.1584800481796265,1.1587486267089844,1.1584800481796265,1.1584800481796265
1787017500000,1.1583458185195923,1.1584800481796265,1.1582117080688477,1.1582117080688477
1787018400000,1.1582117080688477,1.1582117080688477,1.158077597618103,1.158077597618103
1787019300000,1.158077597618103,1.158077597618103,1.1579434871673584,1.158077597618103
1787020200000,1.1579434871673584,1.158077597618103,1.1579434871673584,1.1579434871673584
1787021100000,1.1579434871673584,1.1583458185195923,1.1579434871673584,1.1583458185195923
1787022000000,1.1582117080688477,1.1582117080688477,1.158077597618103,1.158077597618103
1787022900000,1.158077597618103,1.158077597618103,1.1578094959259033,1.1579434871673584
1787023800000,1.1578094959259033,1.1578094959259033,1.1575413942337036,1.1576753854751587
1787024700000,1.1576753854751587,1.1576753854751587,1.1575413942337036,1.1576753854751587
1787025600000,1.1576753854751587,1.1576753854751587,1.1574074029922485,1.1574074029922485
1787026500000,1.1574074029922485,1.1576753854751587,1.1574074029922485,1.1575413942337036
1787027400000,1.1575413942337036,1.1576753854751587,1.1574074029922485,1.1576753854751587
1787028300000,1.1576753854751587,1.1578094959259033,1.1575413942337036,1.1575413942337036
1787029200000,1.1574074029922485,1.1575413942337036,1.157273530960083,1.157273530960083
1787030100000,1.1574074029922485,1.1576753854751587,1.1574074029922485,1.1576753854751587
1787031000000,1.1575413942337036,1.1576753854751587,1.1574074029922485,1.1576753854751587
1787031900000,1.1575413942337036,1.1578094959259033,1.1575413942337036,1.1576753854751587
1787032800000,1.1575413942337036,1.1575413942337036,1.157139539718628,1.157273530960083
1787033700000,1.157273530960083,1.1575413942337036,1.157273530960083,1.1575413942337036
1787034600000,1.1574074029922485,1.1575413942337036,1.157139539718628,1.1574074029922485
1787035500000,1.157273530960083,1.1575413942337036,1.157273530960083,1.1575413942337036
1787036400000,1.1576753854751587,1.1578094959259033,1.1574074029922485,1.1574074029922485
1787037300000,1.1575413942337036,1.1578094959259033,1.157273530960083,1.1578094959259033
1787038200000,1.1578094959259033,1.1579434871673584,1.1576753854751587,1.1579434871673584
1787039100000,1.1579434871673584,1.158077597618103,1.1576753854751587,1.1576753854751587
1787040000000,1.1575413942337036,1.1576753854751587,1.1574074029922485,1.1575413942337036
1787040900000,1.1574074029922485,1.1575413942337036,1.157273530960083,1.1575413942337036
1787041800000,1.1575413942337036,1.1578094959259033,1.1575413942337036,1.1578094959259033
1787042700000,1.1578094959259033,1.158077597618103,1.1578094959259033,1.1579434871673584
1787043600000,1.1578094959259033,1.1579434871673584,1.1576753854751587,1.1578094959259033
1787044500000,1.1576753854751587,1.158077597618103,1.1576753854751587,1.158077597618103
1787045400000,1.1582117080688477,1.1582117080688477,1.1576753854751587,1.1579434871673584
1787046300000,1.1579434871673584,1.1582117080688477,1.1579434871673584,1.1582117080688477
1787047200000,1.1582117080688477,1.1582117080688477,1.1578094959259033,1.1578094959259033
1787048100000,1.1578094959259033,1.1579434871673584,1.1578094959259033,1.1579434871673584
1787049000000,1.158077597618103,1.158077597618103,1.1578094959259033,1.1578094959259033
1787049900000,1.1579434871673584,1.158077597618103,1.1578094959259033,1.1579434871673584
1787050800000,1.1579434871673584,1.1579434871673584,1.1578094959259033,1.1578094959259033
1787051700000,1.1578094959259033,1.1578094959259033,1.1576753854751587,1.1576753854751587
1787052600000,1.1578094959259033,1.1578094959259033,1.1575413942337036,1.1578094959259033
1787053500000,1.1578094959259033,1.158077597618103,1.1576753854751587,1.158077597618103
1787054400000,1.1579434871673584,1.1582117080688477,1.1579434871673584,1.158077597618103
1787055300000,1.158077597618103,1.1582117080688477,1.1578094959259033,1.1578094959259033
1787056200000,1.1576753854751587,1.1578094959259033,1.1575413942337036,1.1578094959259033
1787057100000,1.1576753854751587,1.1582117080688477,1.1576753854751587,1.1578094959259033
1787058000000,1.1579434871673584,1.1583458185195923,1.1579434871673584,1.1582117080688477
1787058900000,1.158077597618103,1.158077597618103,1.1578094959259033,1.1578094959259033
1787059800000,1.1576753854751587,1.1587486267089844,1.1576753854751587,1.1583458185195923
1787060700000,1.1583458185195923,1.1586142778396606,1.1582117080688477,1.1583458185195923
1787061600000,1.1587486267089844,1.1590172052383423,1.1584800481796265,1.1586142778396606
1787062500000,1.1587486267089844,1.159151554107666,1.1586142778396606,1.1587486267089844
1787063400000,1.1587486267089844,1.1588828563690186,1.1584800481796265,1.1587486267089844
1787064300000,1.1588828563690186,1.159151554107666,1.1584800481796265,1.1584800481796265
1787065200000,1.1584800481796265,1.1588828563690186,1.158077597618103,1.158077597618103
1787066100000,1.158077597618103,1.1584800481796265,1.158077597618103,1.1582117080688477
1787067000000,1.158077597618103,1.1583458185195923,1.158077597618103,1.1582117080688477
1787067900000,1.1583458185195923,1.1584800481796265,1.1582117080688477,1.1582117080688477
1787068800000,1.1584800481796265,1.1587486267089844,1.1582117080688477,1.1586142778396606
1787069700000,1.1586142778396606,1.1588828563690186,1.1584800481796265,1.1584800481796265
1787070600000,1.1584800481796265,1.1584800481796265,1.1582117080688477,1.1584800481796265
1787071500000,1.1584800481796265,1.1586142778396606,1.1583458185195923,1.1583458185195923
1787072400000,1.1583458185195923,1.1583458185195923,1.1579434871673584,1.1579434871673584
1787073300000,1.1579434871673584,1.158077597618103,1.1579434871673584,1.158077597618103
1787074200000,1.1578094959259033,1.158077597618103,1.1578094959259033,1.158077597618103
1787075100000,1.1579434871673584,1.158077597618103,1.1579434871673584,1.158077597618103
1787076000000,1.1579434871673584,1.158077597618103,1.1578094959259033,1.158077597618103
1787076900000,1.158077597618103,1.1582117080688477,1.158077597618103,1.158077597618103
1787077800000,1.158077597618103,1.158077597618103,1.1578094959259033,1.1578094959259033
1787078700000,1.1578094959259033,1.1579434871673584,1.1578094959259033,1.1579434871673584
1787079600000,1.1579434871673584,1.158077597618103,1.1578094959259033,1.158077597618103
1787080500000,1.158077597618103,1.158077597618103,1.1579434871673584,1.1579434871673584
1787081400000,1.158077597618103,1.1583458185195923,1.158077597618103,1.1582117080688477
1787082300000,1.1582117080688477,1.1582117080688477,1.1578094959259033,1.1578094959259033
1787083200000,1.1576753854751587,1.1578094959259033,1.1575413942337036,1.1576753854751587
1787084100000,1.1576753854751587,1.1576753854751587,1.1575413942337036,1.1576753854751587
1787085000000,1.1576753854751587,1.1578094959259033,1.1576753854751587,1.1576753854751587
1787085900000,1.1576753854751587,1.1579434871673584,1.1576753854751587,1.1579434871673584
1787086800000,1.1576753854751587,1.158077597618103,1.1576753854751587,1.158077597618103
1787087700000,1.158077597618103,1.1583458185195923,1.1579434871673584,1.1582117080688477
1787088600000,1.1582117080688477,1.1582117080688477,1.1579434871673584,1.1579434871673584
1787089500000,1.1579434871673584,1.1579434871673584,1.1576753854751587,1.1579434871673584
1787090400000,1.1579434871673584,1.1579434871673584,1.1578094959259033,1.1578094959259033
1787091300000,1.1578094959259033,1.1579434871673584,1.1578094959259033,1.1579434871673584
1787092200000,1.1579434871673584,1.1579434871673584,1.1578094959259033,1.1578094959259033
1787093100000,1.1579434871673584,1.158077597618103,1.1579434871673584,1.1579434871673584
1787094000000,1.158077597618103,1.1582117080688477,1.158077597618103,1.158077597618103
1787094900000,1.158077597618103,1.158077597618103,1.1578094959259033,1.1578094959259033
1787095800000,1.1578094959259033,1.1579434871673584,1.1576753854751587,1.1576753854751587
1787096700000,1.1578094959259033,1.1579434871673584,1.1578094959259033,1.1579434871673584
1787097600000,1.1579434871673584,1.1584800481796265,1.1579434871673584,1.1583458185195923
1787098500000,1.1583458185195923,1.1584800481796265,1.1582117080688477,1.1582117080688477
1787099400000,1.1583458185195923,1.1583458185195923,1.1578094959259033,1.1578094959259033
1787100300000,1.1578094959259033,1.158077597618103,1.1576753854751587,1.1578094959259033
1787101200000,1.1578094959259033,1.1578094959259033,1.1575413942337036,1.1575413942337036
1787102100000,1.1575413942337036,1.1576753854751587,1.1574074029922485,1.1576753854751587
1787103000000,1.1578094959259033,1.158077597618103,1.1578094959259033,1.158077597618103
1787103900000,1.158077597618103,1.158077597618103,1.1578094959259033,1.158077597618103
1787104800000,1.158077597618103,1.1583458185195923,1.1579434871673584,1.1583458185195923
1787105700000,1.158077597618103,1.1587486267089844,1.158077597618103,1.1586142778396606
1787106600000,1.1586142778396606,1.1588828563690186,1.1584800481796265,1.1588828563690186
1787107500000,1.1588828563690186,1.1590172052383423,1.1584800481796265,1.1586142778396606
1787108400000,1.1586142778396606,1.1587486267089844,1.1586142778396606,1.1587486267089844
1787109300000,1.1588828563690186,1.1588828563690186,1.1586142778396606,1.1587486267089844
1787110200000,1.1587486267089844,1.1587486267089844,1.1584800481796265,1.1586142778396606
1787111100000,1.1586142778396606,1.1586142778396606,1.1584800481796265,1.1584800481796265
1787112000000,1.1584800481796265,1.1587486267089844,1.1584800481796265,1.1587486267089844
1787112900000,1.1587486267089844,1.1587486267089844,1.1586142778396606,1.1586142778396606
1787113800000,1.1587486267089844,1.1588828563690186,1.1586142778396606,1.1586142778396606
1787114700000,1.1586142778396606,1.1588828563690186,1.1586142778396606,1.1588828563690186
1787115600000,1.1590172052383423,1.1590172052383423,1.1587486267089844,1.1590172052383423
1787116500000,1.1590172052383423,1.1590172052383423,1.1588828563690186,1.1590172052383423
1787117400000,1.1590172052383423,1.159151554107666,1.1588828563690186,1.159151554107666
1787118300000,1.1590172052383423,1.1592857837677002,1.1590172052383423,1.159151554107666
1787119200000,1.1592857837677002,1.1594202518463135,1.1592857837677002,1.1592857837677002
1787120100000,1.1594202518463135,1.160092830657959,1.1594202518463135,1.160092830657959
1787121000000,1.160092830657959,1.160092830657959,1.1598236560821533,1.1599582433700562
1787121900000,1.1599582433700562,1.160092830657959,1.1598236560821533,1.1598236560821533
1787122800000,1.1599582433700562,1.1599582433700562,1.1595547199249268,1.15968918800354
1787123700000,1.1595547199249268,1.1598236560821533,1.1595547199249268,1.1598236560821533
1787124600000,1.1599582433700562,1.160092830657959,1.15968918800354,1.15968918800354
1787125500000,1.15968918800354,1.160092830657959,1.15968918800354,1.1599582433700562
1787126400000,1.1599582433700562,1.1607661247253418,1.1599582433700562,1.1607661247253418
1787127300000,1.1607661247253418,1.1607661247253418,1.160092830657959,1.1602274179458618
1787128200000,1.1602274179458618,1.160496711730957,1.160092830657959,1.160496711730957
1787129100000,1.1606314182281494,1.1606314182281494,1.160092830657959,1.160092830657959
1787130000000,1.160092830657959,1.160496711730957,1.1599582433700562,1.1603620052337646
1787130900000,1.1603620052337646,1.1607661247253418,1.1602274179458618,1.1607661247253418
1787131800000,1.1607661247253418,1.1609008312225342,1.1607661247253418,1.1609008312225342
1787132700000,1.1609008312225342,1.1610356569290161,1.1609008312225342,1.1610356569290161
1787133600000,1.1609008312225342,1.16130530834198,1.1609008312225342,1.16130530834198
1787134500000,1.16130530834198,1.161440134048462,1.16130530834198,1.161440134048462
1787135400000,1.161440134048462,1.161440134048462,1.16130530834198,1.161440134048462
1787136300000,1.161440134048462,1.1615750789642334,1.1610356569290161,1.1610356569290161
1787137200000,1.1610356569290161,1.161170482635498,1.1606314182281494,1.1609008312225342
1787138100000,1.1609008312225342,1.1609008312225342,1.1607661247253418,1.1607661247253418
1787139000000,1.1609008312225342,1.1609008312225342,1.1603620052337646,1.1603620052337646
1787139900000,1.160496711730957,1.1607661247253418,1.160496711730957,1.1606314182281494
1787140800000,1.1607661247253418,1.1609008312225342,1.1606314182281494,1.1609008312225342
1787141700000,1.1609008312225342,1.16130530834198,1.1609008312225342,1.1610356569290161
1787142600000,1.1610356569290161,1.1631964445114136,1.1610356569290161,1.163061261177063
1787143500000,1.1633317470550537,1.1645511388778687,1.1631964445114136,1.1640088558197021
1787144400000,1.1642799377441406,1.1653653383255005,1.1642799377441406,1.1652295589447021
1787145300000,1.1650937795639038,1.1656370162963867,1.1648223400115967,1.1656370162963867
1787146200000,1.1659088134765625,1.16604483127594,1.1652295589447021,1.1659088134765625
1787147100000,1.1656370162963867,1.16604483127594,1.1655012369155884,1.16604483127594
1787148000000,1.16604483127594,1.1669973134994507,1.1657729148864746,1.1667250394821167
1787148900000,1.1668611764907837,1.1674060821533203,1.1668611764907837,1.1674060821533203
1787149800000,1.1674060821533203,1.1680878400802612,1.1674060821533203,1.1679514646530151
1787150700000,1.1679514646530151,1.1679514646530151,1.1665889024734497,1.1665889024734497
1787151600000,1.1667250394821167,1.1668611764907837,1.1663167476654053,1.1667250394821167
1787152500000,1.1668611764907837,1.1668611764907837,1.16604483127594,1.1663167476654053
1787153400000,1.1663167476654053,1.1671334505081177,1.1663167476654053,1.1671334505081177
1787154300000,1.1668611764907837,1.1669973134994507,1.1664528846740723,1.1667250394821167
1787155200000,1.1668611764907837,1.1674060821533203,1.1668611764907837,1.1674060821533203
1787156100000,1.1674060821533203,1.1674060821533203,1.1669973134994507,1.1671334505081177
1787157000000,1.1671334505081177,1.1674060821533203,1.1671334505081177,1.1672697067260742
1787157900000,1.1672697067260742,1.1675423383712769,1.1671334505081177,1.1672697067260742
1787158800000,1.1675423383712769,1.1675423383712769,1.1667250394821167,1.1669973134994507
1787159700000,1.1667250394821167,1.1668611764907837,1.1665889024734497,1.1667250394821167
1787160600000,1.1667250394821167,1.1667250394821167,1.1664528846740723,1.1664528846740723
1787161500000,1.1665889024734497,1.1665889024734497,1.1661807298660278,1.1661807298660278
1787162400000,1.1664528846740723,1.1674060821533203,1.1664528846740723,1.1672697067260742
1787163300000,1.1669973134994507,1.1671334505081177,1.1663167476654053,1.1664528846740723
1787164200000,1.1665889024734497,1.1676785945892334,1.1665889024734497,1.1675423383712769
1787165100000,1.1675423383712769,1.1678149700164795,1.1675423383712769,1.1676785945892334
1787166000000,1.1678149700164795,1.1679514646530151,1.1674060821533203,1.1676785945892334
1787166900000,1.1679514646530151,1.1680878400802612,1.1678149700164795,1.1680878400802612
1787167800000,1.1680878400802612,1.1682243347167969,1.1676785945892334,1.1676785945892334
1787168700000,1.1675423383712769,1.1680878400802612,1.1675423383712769,1.1680878400802612
1787169600000,1.1680878400802612,1.1680878400802612,1.1679514646530151,1.1679514646530151
1787170500000,1.1679514646530151,1.1680878400802612,1.1678149700164795,1.1679514646530151
1787171400000,1.1679514646530151,1.1682243347167969,1.1678149700164795,1.1682243347167969
1787172300000,1.1682243347167969,1.1682243347167969,1.1680878400802612,1.1680878400802612
1787173200000,1.1680878400802612,1.1682243347167969,1.1678149700164795,1.1680878400802612
1787174100000,1.1678149700164795,1.1680878400802612,1.1678149700164795,1.1680878400802612
1787175000000,1.1679514646530151,1.1680878400802612,1.1678149700164795,1.1679514646530151
1787175900000,1.1680878400802612,1.1683608293533325,1.1679514646530151,1.1679514646530151
1787176800000,1.1683608293533325,1.1686338186264038,1.1680878400802612,1.1682243347167969
1787177700000,1.1682243347167969,1.1682243347167969,1.1680878400802612,1.1680878400802612
1787178600000,1.1682243347167969,1.1682243347167969,1.1679514646530151,1.1680878400802612
1787179500000,1.1680878400802612,1.1680878400802612,1.1679514646530151,1.1680878400802612
1787180400000,1.1679514646530151,1.1680878400802612,1.1679514646530151,1.1679514646530151
1787181300000,1.1678149700164795,1.1679514646530151,1.1676785945892334,1.1678149700164795
1787182200000,1.1678149700164795,1.1678149700164795,1.1676785945892334,1.1676785945892334
1787183100000,1.1678149700164795,1.1678149700164795,1.1676785945892334,1.1678149700164795
1787184000000,1.1679514646530151,1.1683608293533325,1.1678149700164795,1.1680878400802612
1787184900000,1.1680878400802612,1.1682243347167969,1.1678149700164795,1.1678149700164795
1787185800000,1.1679514646530151,1.1680878400802612,1.1678149700164795,1.1678149700164795
1787186700000,1.1678149700164795,1.1678149700164795,1.1675423383712769,1.1678149700164795
1787187600000,1.1678149700164795,1.1678149700164795,1.1674060821533203,1.1675423383712769
1787188500000,1.1676785945892334,1.1682243347167969,1.1676785945892334,1.1682243347167969
1787189400000,1.1683608293533325,1.1684973239898682,1.1682243347167969,1.1682243347167969
1787190300000,1.1680878400802612,1.1680878400802612,1.1676785945892334,1.1679514646530151
1787191200000,1.1679514646530151,1.1686338186264038,1.1679514646530151,1.1680878400802612
1787192100000,1.1679514646530151,1.1679514646530151,1.1676785945892334,1.1678149700164795
1787193000000,1.1679514646530151,1.1682243347167969,1.1678149700164795,1.1679514646530151
1787193900000,1.1679514646530151,1.1679514646530151,1.1678149700164795,1.1678149700164795
1787194800000,1.1678149700164795,1.1682243347167969,1.1678149700164795,1.1682243347167969
1787195700000,1.1679514646530151,1.1683608293533325,1.1679514646530151,1.1680878400802612
1787196600000,1.1680878400802612,1.1682243347167969,1.1679514646530151,1.1682243347167969
1787197500000,1.1682243347167969,1.1683608293533325,1.1680878400802612,1.1682243347167969
1787198400000,1.1683608293533325,1.1683608293533325,1.1682243347167969,1.1682243347167969
1787199300000,1.1682243347167969,1.1682243347167969,1.1680878400802612,1.1680878400802612
1787200200000,1.1679514646530151,1.1680878400802612,1.1679514646530151,1.1679514646530151
1787201100000,1.1679514646530151,1.1680878400802612,1.1676785945892334,1.1676785945892334
1787202000000,1.1676785945892334,1.1679514646530151,1.1676785945892334,1.1676785945892334
1787202900000,1.1678149700164795,1.1678149700164795,1.1675423383712769,1.1675423383712769
1787203800000,1.1676785945892334,1.1676785945892334,1.1674060821533203,1.1674060821533203
1787204700000,1.1674060821533203,1.1680878400802612,1.1674060821533203,1.1679514646530151
1787205600000,1.1680878400802612,1.1683608293533325,1.1676785945892334,1.1682243347167969
1787206500000,1.1682243347167969,1.1683608293533325,1.1680878400802612,1.1680878400802612
1787207400000,1.1680878400802612,1.1683608293533325,1.1679514646530151,1.1683608293533325
1787208300000,1.1689070463180542,1.1691803932189941,1.1686338186264038,1.1691803932189941
1787209200000,1.1690436601638794,1.1690436601638794,1.1684973239898682,1.1684973239898682
1787210100000,1.1684973239898682,1.1686338186264038,1.1682243347167969,1.1682243347167969
1787211000000,1.1684973239898682,1.1695905923843384,1.1684973239898682,1.1694538593292236
1787211900000,1.1693171262741089,1.1695905923843384,1.1690436601638794,1.1695905923843384
1787212800000,1.1695905923843384,1.169864296913147,1.1694538593292236,1.169864296913147
1787213700000,1.1697274446487427,1.1697274446487427,1.1694538593292236,1.1694538593292236
1787214600000,1.1693171262741089,1.1701380014419556,1.1693171262741089,1.1701380014419556
1787215500000,1.1701380014419556,1.1702749729156494,1.169864296913147,1.1701380014419556
1787216400000,1.1702749729156494,1.1706860065460205,1.169864296913147,1.1706860065460205
1787217300000,1.1706860065460205,1.1712344884872437,1.1706860065460205,1.1709601879119873
1787218200000,1.1709601879119873,1.1710972785949707,1.1704120635986328,1.170823097229004
1787219100000,1.1706860065460205,1.1710972785949707,1.170548915863037,1.1710972785949707
1787220000000,1.170823097229004,1.1713716983795166,1.170823097229004,1.1712344884872437
1787220900000,1.1712344884872437,1.1712344884872437,1.170823097229004,1.1712344884872437
1787221800000,1.1710972785949707,1.1710972785949707,1.170548915863037,1.170548915863037
1787222700000,1.1704120635986328,1.170548915863037,1.169864296913147,1.1700011491775513
1787223600000,1.1700011491775513,1.1700011491775513,1.1693171262741089,1.1693171262741089
1787224500000,1.1694538593292236,1.1700011491775513,1.1693171262741089,1.1695905923843384
1787225400000,1.1694538593292236,1.1700011491775513,1.1690436601638794,1.1690436601638794
1787226300000,1.1689070463180542,1.1690436601638794,1.1686338186264038,1.168770432472229
1787227200000,1.1689070463180542,1.1689070463180542,1.1682243347167969,1.168770432472229
1787228100000,1.168770432472229,1.1693171262741089,1.168770432472229,1.1690436601638794
1787229000000,1.1689070463180542,1.1691803932189941,1.1683608293533325,1.1691803932189941
1787229900000,1.1690436601638794,1.1693171262741089,1.1689070463180542,1.1691803932189941
1787230800000,1.1694538593292236,1.1697274446487427,1.1690436601638794,1.1690436601638794
1787231700000,1.1690436601638794,1.1693171262741089,1.168770432472229,1.1690436601638794
1787232600000,1.1690436601638794,1.1690436601638794,1.1686338186264038,1.1686338186264038
1787233500000,1.1686338186264038,1.1686338186264038,1.1679514646530151,1.1679514646530151
1787234400000,1.1680878400802612,1.1682243347167969,1.1675423383712769,1.1675423383712769
1787235300000,1.1675423383712769,1.1682243347167969,1.1675423383712769,1.1682243347167969
1787236200000,1.1682243347167969,1.1684973239898682,1.1682243347167969,1.1684973239898682
1787237100000,1.1684973239898682,1.168770432472229,1.1684973239898682,1.1686338186264038
1787238000000,1.1684973239898682,1.1695905923843384,1.1683608293533325,1.168770432472229
1787238900000,1.1686338186264038,1.168770432472229,1.1680878400802612,1.168770432472229
1787239800000,1.168770432472229,1.168770432472229,1.1676785945892334,1.1676785945892334
1787240700000,1.1676785945892334,1.1683608293533325,1.1676785945892334,1.1682243347167969
1787241600000,1.1682243347167969,1.1682243347167969,1.1678149700164795,1.1678149700164795
1787242500000,1.1676785945892334,1.1679514646530151,1.1676785945892334,1.1676785945892334
1787243400000,1.1676785945892334,1.1676785945892334,1.1672697067260742,1.1674060821533203
1787244300000,1.1675423383712769,1.1678149700164795,1.1674060821533203,1.1676785945892334
1787245200000,1.1676785945892334,1.1678149700164795,1.1674060821533203,1.1674060821533203
1787246100000,1.1674060821533203,1.1676785945892334,1.1674060821533203,1.1676785945892334
1787247000000,1.1675423383712769,1.1676785945892334,1.1674060821533203,1.1675423383712769
1787247900000,1.1675423383712769,1.1678149700164795,1.1675423383712769,1.1678149700164795
1787248800000,1.1678149700164795,1.1678149700164795,1.1675423383712769,1.1675423383712769
1787249700000,1.1675423383712769,1.1676785945892334,1.1674060821533203,1.1675423383712769
1787250600000,1.1676785945892334,1.1678149700164795,1.1676785945892334,1.1676785945892334
1787251500000,1.1676785945892334,1.1679514646530151,1.1676785945892334,1.1679514646530151
1787252400000,1.1678149700164795,1.1679514646530151,1.1676785945892334,1.1679514646530151
1787253300000,1.1679514646530151,1.1680878400802612,1.1679514646530151,1.1679514646530151
1787254200000,1.1680878400802612,1.1680878400802612,1.1678149700164795,1.1678149700164795
1787255100000,1.1678149700164795,1.1682243347167969,1.1678149700164795,1.1680878400802612
1787256000000,1.1682243347167969,1.1682243347167969,1.1680878400802612,1.1680878400802612
1787256900000,1.1679514646530151,1.1680878400802612,1.1679514646530151,1.1680878400802612
1787257800000,1.1680878400802612,1.1682243347167969,1.1680878400802612,1.1682243347167969
1787258700000,1.1682243347167969,1.1683608293533325,1.1680878400802612,1.1682243347167969
1787259600000,1.1680878400802612,1.1683608293533325,1.1679514646530151,1.1682243347167969
1787260500000,1.1680878400802612,1.1683608293533325,1.1679514646530151,1.1683608293533325
1787261400000,1.1680878400802612,1.1683608293533325,1.1680878400802612,1.1682243347167969
1787262300000,1.1682243347167969,1.1682243347167969,1.1679514646530151,1.1680878400802612
1787263200000,1.1682243347167969,1.1686338186264038,1.1682243347167969,1.1684973239898682
1787264100000,1.1684973239898682,1.168770432472229,1.1683608293533325,1.168770432472229
1787265000000,1.1686338186264038,1.1686338186264038,1.1684973239898682,1.1684973239898682
1787265900000,1.1686338186264038,1.168770432472229,1.1686338186264038,1.1686338186264038
1787266800000,1.168770432472229,1.1689070463180542,1.168770432472229,1.1689070463180542
1787267700000,1.1689070463180542,1.1690436601638794,1.1689070463180542,1.1689070463180542
1787268600000,1.1690436601638794,1.1690436601638794,1.168770432472229,1.1690436601638794
1787269500000,1.1690436601638794,1.1691803932189941,1.1689070463180542,1.1690436601638794
1787270400000,1.1690436601638794,1.1693171262741089,1.1689070463180542,1.1693171262741089
1787271300000,1.1691803932189941,1.1693171262741089,1.1690436601638794,1.1690436601638794
1787272200000,1.1690436601638794,1.1691803932189941,1.168770432472229,1.1689070463180542
1787273100000,1.168770432472229,1.1689070463180542,1.1686338186264038,1.1686338186264038
1787274000000,1.168770432472229,1.1690436601638794,1.1686338186264038,1.1690436601638794
1787274900000,1.1690436601638794,1.1694538593292236,1.1690436601638794,1.1694538593292236
1787275800000,1.1694538593292236,1.1695905923843384,1.1693171262741089,1.1693171262741089
1787276700000,1.1693171262741089,1.1695905923843384,1.1691803932189941,1.1694538593292236
1787277600000,1.1694538593292236,1.1695905923843384,1.1691803932189941,1.1695905923843384
1787278500000,1.1695905923843384,1.1700011491775513,1.1694538593292236,1.169864296913147
1787279400000,1.169864296913147,1.1700011491775513,1.1697274446487427,1.1700011491775513
1787280300000,1.1701380014419556,1.1704120635986328,1.1700011491775513,1.1700011491775513
1787281200000,1.1700011491775513,1.1701380014419556,1.169864296913147,1.1701380014419556
1787282100000,1.1701380014419556,1.1701380014419556,1.169864296913147,1.169864296913147
1787283000000,1.1697274446487427,1.169864296913147,1.1695905923843384,1.1695905923843384
1787283900000,1.1697274446487427,1.169864296913147,1.1695905923843384,1.1697274446487427
1787284800000,1.1695905923843384,1.169864296913147,1.1695905923843384,1.1697274446487427
1787285700000,1.1697274446487427,1.169864296913147,1.1695905923843384,1.1695905923843384
1787286600000,1.1695905923843384,1.1697274446487427,1.1694538593292236,1.1694538593292236
1787287500000,1.1695905923843384,1.1697274446487427,1.1694538593292236,1.1695905923843384
1787288400000,1.1695905923843384,1.1695905923843384,1.1694538593292236,1.1695905923843384
1787289300000,1.1697274446487427,1.1697274446487427,1.1694538593292236,1.1694538593292236
1787290200000,1.1694538593292236,1.1700011491775513,1.1693171262741089,1.1700011491775513
1787291100000,1.169864296913147,1.1702749729156494,1.169864296913147,1.1701380014419556
1787292000000,1.1700011491775513,1.1700011491775513,1.1695905923843384,1.1695905923843384
1787292900000,1.169864296913147,1.169864296913147,1.1693171262741089,1.1695905923843384
1787293800000,1.1695905923843384,1.1700011491775513,1.1695905923843384,1.1697274446487427
1787294700000,1.1695905923843384,1.1701380014419556,1.1695905923843384,1.1701380014419556
1787295600000,1.1701380014419556,1.1702749729156494,1.169864296913147,1.1700011491775513
1787296500000,1.169864296913147,1.1701380014419556,1.1695905923843384,1.1697274446487427
1787297400000,1.1697274446487427,1.1700011491775513,1.1693171262741089,1.1693171262741089
1787298300000,1.1693171262741089,1.1694538593292236,1.1690436601638794,1.1694538593292236
1787299200000,1.1695905923843384,1.169864296913147,1.1693171262741089,1.1697274446487427
1787300100000,1.1697274446487427,1.1700011491775513,1.1695905923843384,1.169864296913147
1787301000000,1.169864296913147,1.170823097229004,1.169864296913147,1.170823097229004
1787301900000,1.1706860065460205,1.1709601879119873,1.170548915863037,1.1709601879119873
1787302800000,1.170823097229004,1.1713716983795166,1.170823097229004,1.1713716983795166
1787303700000,1.1715089082717896,1.1715089082717896,1.1706860065460205,1.170823097229004
1787304600000,1.170823097229004,1.1710972785949707,1.1706860065460205,1.170823097229004
1787305500000,1.170823097229004,1.170823097229004,1.1704120635986328,1.1704120635986328
1787306400000,1.1702749729156494,1.170823097229004,1.1702749729156494,1.170548915863037
1787307300000,1.1706860065460205,1.1712344884872437,1.1706860065460205,1.1712344884872437
1787308200000,1.1710972785949707,1.1713716983795166,1.1710972785949707,1.1710972785949707
1787309100000,1.1710972785949707,1.1710972785949707,1.170548915863037,1.170548915863037
1787310000000,1.170548915863037,1.170823097229004,1.1704120635986328,1.170823097229004
1787310900000,1.170823097229004,1.1712344884872437,1.170823097229004,1.1712344884872437
1787311800000,1.170823097229004,1.170823097229004,1.1700011491775513,1.1702749729156494
1787312700000,1.1702749729156494,1.1704120635986328,1.1700011491775513,1.1704120635986328
1787313600000,1.170548915863037,1.1706860065460205,1.1701380014419556,1.1701380014419556
1787314500000,1.1700011491775513,1.1701380014419556,1.169864296913147,1.169864296913147
1787315400000,1.1695905923843384,1.1695905923843384,1.1689070463180542,1.1693171262741089
1787316300000,1.1693171262741089,1.1694538593292236,1.1690436601638794,1.1694538593292236
1787317200000,1.1694538593292236,1.1694538593292236,1.1689070463180542,1.1690436601638794
1787318100000,1.1691803932189941,1.1691803932189941,1.1684973239898682,1.168770432472229
1787319000000,1.1686338186264038,1.1686338186264038,1.1682243347167969,1.1686338186264038
1787319900000,1.1684973239898682,1.168770432472229,1.1683608293533325,1.1686338186264038
1787320800000,1.1683608293533325,1.1684973239898682,1.1680878400802612,1.1682243347167969
1787321700000,1.1683608293533325,1.1683608293533325,1.1676785945892334,1.1676785945892334
1787322600000,1.1676785945892334,1.1676785945892334,1.1672697067260742,1.1675423383712769
1787323500000,1.1675423383712769,1.1679514646530151,1.1674060821533203,1.1675423383712769
1787324400000,1.1676785945892334,1.1679514646530151,1.1675423383712769,1.1676785945892334
1787325300000,1.1678149700164795,1.1680878400802612,1.1676785945892334,1.1679514646530151
1787326200000,1.1680878400802612,1.1683608293533325,1.1679514646530151,1.1683608293533325
1787327100000,1.1684973239898682,1.168770432472229,1.1682243347167969,1.1686338186264038
1787328000000,1.1686338186264038,1.168770432472229,1.1684973239898682,1.1686338186264038
1787328900000,1.1684973239898682,1.168770432472229,1.1683608293533325,1.1686338186264038
1787329800000,1.1686338186264038,1.168770432472229,1.1684973239898682,1.1686338186264038
1787330700000,1.1686338186264038,1.1686338186264038,1.1684973239898682,1.1684973239898682
1787331600000,1.1684973239898682,1.1684973239898682,1.1680878400802612,1.1682243347167969
1787332500000,1.1682243347167969,1.1684973239898682,1.1682243347167969,1.1684973239898682
1787333400000,1.1683608293533325,1.1686338186264038,1.1683608293533325,1.1683608293533325
1787334300000,1.1683608293533325,1.1683608293533325,1.1682243347167969,1.1683608293533325
1787335200000,1.1684973239898682,1.1686338186264038,1.1684973239898682,1.1684973239898682
1787336100000,1.1684973239898682,1.1686338186264038,1.1683608293533325,1.1686338186264038
1787337000000,1.1684973239898682,1.1686338186264038,1.1684973239898682,1.1686338186264038
1787337900000,1.1686338186264038,1.1686338186264038,1.1683608293533325,1.1686338186264038
1787338800000,1.1684973239898682,1.1686338186264038,1.1683608293533325,1.1683608293533325
1787339700000,1.1683608293533325,1.1683608293533325,1.1682243347167969,1.1682243347167969
1787340600000,1.1682243347167969,1.1683608293533325,1.1682243347167969,1.1682243347167969
1787341500000,1.1683608293533325,1.1684973239898682,1.1680878400802612,1.1682243347167969
1787342400000,1.1682243347167969,1.1682243347167969,1.1680878400802612,1.1682243347167969
1787343300000,1.1680878400802612,1.1682243347167969,1.1679514646530151,1.1679514646530151
1787344200000,1.1678149700164795,1.1679514646530151,1.1678149700164795,1.1679514646530151
1787345100000,1.1679514646530151,1.1680878400802612,1.1678149700164795,1.1678149700164795
1787346000000,1.1678149700164795,1.1678149700164795,1.1678149700164795,1.1678149700164795
1787346900000,1.1678149700164795,1.1678149700164795,1.1678149700164795,1.1678149700164795
1787526000000,1.1679514646530151,1.1679514646530151,1.1678149700164795,1.1679514646530151
1787526900000,1.1679514646530151,1.1679514646530151,1.1678149700164795,1.1679514646530151
1787527800000,1.1679514646530151,1.1679514646530151,1.1679514646530151,1.1679514646530151
1787528700000,1.1679514646530151,1.1684973239898682,1.1679514646530151,1.1684973239898682
1787529600000,1.1686338186264038,1.1689070463180542,1.1686338186264038,1.1689070463180542
1787530500000,1.1689070463180542,1.1690436601638794,1.168770432472229,1.168770432472229
1787531400000,1.168770432472229,1.168770432472229,1.1686338186264038,1.1686338186264038
1787532300000,1.168770432472229,1.1689070463180542,1.1686338186264038,1.1689070463180542
1787533200000,1.1689070463180542,1.1689070463180542,1.1684973239898682,1.1684973239898682
1787534100000,1.1684973239898682,1.1684973239898682,1.1680878400802612,1.1680878400802612
1787535000000,1.1680878400802612,1.1682243347167969,1.1680878400802612,1.1682243347167969
1787535900000,1.1682243347167969,1.1684973239898682,1.1682243347167969,1.1684973239898682
1787536800000,1.1684973239898682,1.168770432472229,1.1684973239898682,1.168770432472229
1787537700000,1.168770432472229,1.168770432472229,1.1686338186264038,1.1686338186264038
1787538600000,1.1686338186264038,1.1686338186264038,1.1683608293533325,1.1683608293533325
1787539500000,1.1684973239898682,1.1686338186264038,1.1683608293533325,1.1684973239898682
1787540400000,1.1684973239898682,1.1684973239898682,1.1683608293533325,1.1683608293533325
1787541300000,1.1684973239898682,1.1684973239898682,1.1683608293533325,1.1684973239898682
1787542200000,1.1684973239898682,1.1684973239898682,1.1683608293533325,1.1683608293533325
1787543100000,1.1683608293533325,1.1683608293533325,1.1682243347167969,1.1683608293533325
1787544000000,1.1683608293533325,1.1683608293533325,1.1679514646530151,1.1680878400802612
1787544900000,1.1680878400802612,1.1684973239898682,1.1680878400802612,1.1684973239898682
1787545800000,1.1683608293533325,1.1684973239898682,1.1683608293533325,1.1683608293533325
1787546700000,1.1683608293533325,1.1684973239898682,1.1683608293533325,1.1684973239898682
1787547600000,1.1686338186264038,1.1686338186264038,1.1683608293533325,1.1683608293533325
1787548500000,1.1683608293533325,1.1684973239898682,1.1682243347167969,1.1682243347167969
1787549400000,1.1682243347167969,1.1683608293533325,1.1679514646530151,1.1679514646530151
1787550300000,1.1679514646530151,1.1684973239898682,1.1679514646530151,1.1683608293533325
1787551200000,1.1683608293533325,1.1683608293533325,1.1680878400802612,1.1680878400802612
1787552100000,1.1682243347167969,1.1682243347167969,1.1678149700164795,1.1678149700164795
1787553000000,1.1679514646530151,1.1682243347167969,1.1679514646530151,1.1680878400802612
1787553900000,1.1680878400802612,1.1683608293533325,1.1679514646530151,1.1680878400802612
1787554800000,1.1683608293533325,1.1683608293533325,1.1676785945892334,1.1676785945892334
1787555700000,1.1676785945892334,1.1678149700164795,1.1674060821533203,1.1678149700164795
1787556600000,1.1678149700164795,1.1679514646530151,1.1669973134994507,1.1669973134994507
1787557500000,1.1668611764907837,1.1672697067260742,1.1668611764907837,1.1671334505081177
1787558400000,1.1671334505081177,1.1671334505081177,1.1667250394821167,1.1667250394821167
1787559300000,1.1667250394821167,1.1668611764907837,1.1664528846740723,1.1664528846740723
1787560200000,1.1664528846740723,1.1669973134994507,1.1664528846740723,1.1669973134994507
1787561100000,1.1668611764907837,1.1669973134994507,1.1667250394821167,1.1667250394821167
1787562000000,1.1667250394821167,1.1669973134994507,1.1665889024734497,1.1665889024734497
1787562900000,1.1667250394821167,1.1667250394821167,1.1664528846740723,1.1665889024734497
1787563800000,1.1667250394821167,1.1667250394821167,1.1664528846740723,1.1665889024734497
1787564700000,1.1665889024734497,1.1668611764907837,1.1665889024734497,1.1667250394821167
1787565600000,1.1668611764907837,1.1669973134994507,1.1667250394821167,1.1668611764907837
1787566500000,1.1668611764907837,1.1669973134994507,1.1668611764907837,1.1669973134994507
1787567400000,1.1668611764907837,1.1668611764907837,1.1665889024734497,1.1665889024734497
1787568300000,1.1667250394821167,1.1669973134994507,1.1665889024734497,1.1667250394821167
1787569200000,1.1667250394821167,1.1668611764907837,1.1667250394821167,1.1668611764907837
1787570100000,1.1667250394821167,1.1671334505081177,1.1667250394821167,1.1671334505081177
1787571000000,1.1671334505081177,1.1674060821533203,1.1669973134994507,1.1669973134994507
1787571900000,1.1668611764907837,1.1671334505081177,1.1668611764907837,1.1669973134994507
1787572800000,1.1669973134994507,1.1669973134994507,1.1665889024734497,1.1668611764907837
1787573700000,1.1668611764907837,1.1675423383712769,1.1668611764907837,1.1675423383712769
1787574600000,1.1675423383712769,1.1675423383712769,1.1671334505081177,1.1671334505081177
1787575500000,1.1669973134994507,1.1674060821533203,1.1669973134994507,1.1672697067260742
1787576400000,1.1674060821533203,1.1676785945892334,1.1671334505081177,1.1676785945892334
1787577300000,1.1676785945892334,1.1678149700164795,1.1674060821533203,1.1674060821533203
1787578200000,1.1675423383712769,1.1675423383712769,1.1671334505081177,1.1671334505081177
1787579100000,1.1669973134994507,1.1672697067260742,1.1667250394821167,1.1668611764907837
1787580000000,1.1667250394821167,1.1671334505081177,1.1667250394821167,1.1671334505081177
1787580900000,1.1671334505081177,1.1674060821533203,1.1668611764907837,1.1674060821533203
1787581800000,1.1675423383712769,1.1675423383712769,1.1669973134994507,1.1671334505081177
1787582700000,1.1671334505081177,1.1674060821533203,1.1667250394821167,1.1668611764907837
1787583600000,1.1668611764907837,1.1672697067260742,1.1668611764907837,1.1671334505081177
1787584500000,1.1671334505081177,1.1675423383712769,1.1669973134994507,1.1675423383712769
1787585400000,1.1674060821533203,1.1674060821533203,1.1671334505081177,1.1671334505081177
1787586300000,1.1671334505081177,1.1671334505081177,1.1668611764907837,1.1668611764907837
1787587200000,1.1667250394821167,1.1672697067260742,1.1667250394821167,1.1669973134994507
1787588100000,1.1669973134994507,1.1671334505081177,1.1668611764907837,1.1668611764907837
1787589000000,1.1669973134994507,1.1671334505081177,1.1668611764907837,1.1668611764907837
1787589900000,1.1669973134994507,1.1669973134994507,1.1667250394821167,1.1668611764907837
1787590800000,1.1668611764907837,1.1669973134994507,1.1665889024734497,1.1665889024734497
1787591700000,1.1665889024734497,1.1667250394821167,1.16604483127594,1.1661807298660278
1787592600000,1.1663167476654053,1.1663167476654053,1.1661807298660278,1.1661807298660278
1787593500000,1.16604483127594,1.1663167476654053,1.1659088134765625,1.1663167476654053
1787594400000,1.1663167476654053,1.1663167476654053,1.16604483127594,1.1663167476654053
1787595300000,1.1663167476654053,1.1668611764907837,1.1663167476654053,1.1668611764907837
1787596200000,1.1668611764907837,1.1668611764907837,1.1664528846740723,1.1665889024734497
1787597100000,1.1665889024734497,1.1668611764907837,1.1664528846740723,1.1668611764907837
1787598000000,1.1665889024734497,1.1667250394821167,1.1664528846740723,1.1665889024734497
1787598900000,1.1665889024734497,1.1665889024734497,1.1663167476654053,1.1663167476654053
1787599800000,1.1663167476654053,1.1664528846740723,1.1663167476654053,1.1664528846740723
1787600700000,1.1665889024734497,1.1665889024734497,1.1664528846740723,1.1664528846740723
1787601600000,1.1664528846740723,1.1667250394821167,1.1664528846740723,1.1667250394821167
1787602500000,1.1665889024734497,1.1667250394821167,1.1665889024734497,1.1667250394821167
1787603400000,1.1667250394821167,1.1667250394821167,1.1665889024734497,1.1665889024734497
1787604300000,1.1667250394821167,1.1667250394821167,1.1667250394821167,1.1667250394821167
1787605200000,1.1664528846740723,1.1668611764907837,1.1663167476654053,1.1665889024734497
1787606100000,1.1668611764907837,1.1669973134994507,1.1665889024734497,1.1668611764907837
1787607000000,1.1668611764907837,1.1668611764907837,1.1665889024734497,1.1668611764907837
1787607900000,1.1668611764907837,1.1669973134994507,1.1667250394821167,1.1667250394821167
1787608800000,1.1667250394821167,1.1668611764907837,1.1667250394821167,1.1668611764907837
1787609700000,1.1668611764907837,1.1668611764907837,1.1667250394821167,1.1667250394821167
1787610600000,1.1667250394821167,1.1668611764907837,1.1667250394821167,1.1667250394821167
1787611500000,1.1668611764907837,1.1668611764907837,1.1667250394821167,1.1668611764907837
1787612400000,1.1668611764907837,1.1668611764907837,1.1668611764907837,1.1668611764907837
1787613300000,1.1668611764907837,1.1668611764907837,1.1667250394821167,1.1668611764907837
1787614200000,1.1668611764907837,1.1668611764907837,1.1667250394821167,1.1667250394821167
1787615100000,1.1668611764907837,1.1671334505081177,1.1668611764907837,1.1671334505081177
1787616000000,1.1672697067260742,1.1674060821533203,1.1671334505081177,1.1674060821533203
1787616900000,1.1672697067260742,1.1672697067260742,1.1671334505081177,1.1672697067260742
1787617800000,1.1672697067260742,1.1674060821533203,1.1671334505081177,1.1672697067260742
1787618700000,1.1672697067260742,1.1672697067260742,1.1671334505081177,1.1672697067260742
1787619600000,1.1669973134994507,1.1671334505081177,1.1669973134994507,1.1669973134994507
1787620500000,1.1669973134994507,1.1669973134994507,1.1667250394821167,1.1669973134994507
1787621400000,1.1669973134994507,1.1669973134994507,1.1667250394821167,1.1668611764907837
1787622300000,1.1668611764907837,1.1668611764907837,1.1665889024734497,1.1665889024734497
1787623200000,1.1665889024734497,1.1667250394821167,1.1664528846740723,1.1665889024734497
1787624100000,1.1667250394821167,1.1667250394821167,1.1665889024734497,1.1667250394821167
1787625000000,1.1667250394821167,1.1667250394821167,1.1665889024734497,1.1665889024734497
1787625900000,1.1665889024734497,1.1667250394821167,1.1663167476654053,1.1663167476654053
1787626800000,1.1664528846740723,1.1665889024734497,1.1664528846740723,1.1664528846740723
1787627700000,1.1664528846740723,1.1664528846740723,1.1661807298660278,1.1663167476654053
1787628600000,1.1661807298660278,1.1664528846740723,1.1661807298660278,1.1663167476654053
1787629500000,1.1663167476654053,1.1664528846740723,1.1663167476654053,1.1664528846740723
1787630400000,1.1664528846740723,1.1664528846740723,1.16604483127594,1.1661807298660278
1787631300000,1.16604483127594,1.16604483127594,1.1659088134765625,1.1659088134765625
1787632200000,1.1659088134765625,1.16604483127594,1.1659088134765625,1.16604483127594
1787633100000,1.16604483127594,1.16604483127594,1.1659088134765625,1.1659088134765625
1787634000000,1.1659088134765625,1.16604483127594,1.1657729148864746,1.1659088134765625
1787634900000,1.1659088134765625,1.16604483127594,1.1657729148864746,1.16604483127594
1787635800000,1.16604483127594,1.16604483127594,1.1657729148864746,1.1657729148864746
1787636700000,1.1657729148864746,1.1659088134765625,1.1656370162963867,1.1656370162963867
1787637600000,1.1656370162963867,1.16604483127594,1.1656370162963867,1.16604483127594
1787638500000,1.16604483127594,1.1661807298660278,1.1659088134765625,1.1661807298660278
1787639400000,1.16604483127594,1.1661807298660278,1.1657729148864746,1.1657729148864746
1787640300000,1.1656370162963867,1.1657729148864746,1.1655012369155884,1.1656370162963867
1787641200000,1.1656370162963867,1.1661807298660278,1.1656370162963867,1.1661807298660278
1787642100000,1.1663167476654053,1.1665889024734497,1.1661807298660278,1.1661807298660278
1787643000000,1.1661807298660278,1.1661807298660278,1.16604483127594,1.1661807298660278
1787643900000,1.1661807298660278,1.1663167476654053,1.16604483127594,1.1661807298660278
1787644800000,1.1663167476654053,1.1664528846740723,1.1661807298660278,1.1661807298660278
1787645700000,1.1663167476654053,1.1667250394821167,1.1661807298660278,1.1665889024734497
1787646600000,1.1665889024734497,1.1668611764907837,1.1664528846740723,1.1668611764907837
1787647500000,1.1669973134994507,1.1671334505081177,1.1667250394821167,1.1671334505081177
1787648400000,1.1671334505081177,1.1676785945892334,1.1671334505081177,1.1675423383712769
1787649300000,1.1675423383712769,1.1675423383712769,1.1669973134994507,1.1669973134994507
1787650200000,1.1669973134994507,1.1675423383712769,1.1669973134994507,1.1671334505081177
1787651100000,1.1672697067260742,1.1675423383712769,1.1671334505081177,1.1672697067260742
1787652000000,1.1671334505081177,1.1671334505081177,1.1668611764907837,1.1668611764907837
1787652900000,1.1667250394821167,1.1668611764907837,1.1663167476654053,1.1663167476654053
1787653800000,1.1663167476654053,1.1668611764907837,1.1663167476654053,1.1665889024734497
1787654700000,1.1665889024734497,1.1665889024734497,1.1663167476654053,1.1665889024734497
1787655600000,1.1665889024734497,1.1667250394821167,1.1664528846740723,1.1664528846740723
1787656500000,1.1663167476654053,1.1664528846740723,1.1661807298660278,1.1664528846740723
1787657400000,1.1665889024734497,1.1665889024734497,1.1663167476654053,1.1663167476654053
1787658300000,1.1664528846740723,1.1667250394821167,1.1663167476654053,1.1663167476654053
1787659200000,1.1664528846740723,1.1667250394821167,1.1664528846740723,1.1667250394821167
1787660100000,1.1665889024734497,1.1667250394821167,1.1664528846740723,1.1667250394821167
1787661000000,1.1667250394821167,1.1667250394821167,1.1664528846740723,1.1667250394821167
1787661900000,1.1668611764907837,1.1669973134994507,1.1667250394821167,1.1669973134994507
1787662800000,1.1669973134994507,1.1678149700164795,1.1667250394821167,1.1675423383712769
1787663700000,1.1675423383712769,1.1675423383712769,1.1672697067260742,1.1675423383712769
1787664600000,1.1674060821533203,1.1676785945892334,1.1672697067260742,1.1674060821533203
1787665500000,1.1672697067260742,1.1676785945892334,1.1672697067260742,1.1676785945892334
1787666400000,1.1675423383712769,1.1676785945892334,1.1672697067260742,1.1675423383712769
1787667300000,1.1675423383712769,1.1675423383712769,1.1672697067260742,1.1674060821533203
1787668200000,1.1672697067260742,1.1675423383712769,1.1671334505081177,1.1672697067260742
1787669100000,1.1674060821533203,1.1678149700164795,1.1669973134994507,1.1672697067260742
1787670000000,1.1672697067260742,1.1674060821533203,1.1671334505081177,1.1672697067260742
1787670900000,1.1672697067260742,1.1675423383712769,1.1672697067260742,1.1674060821533203
1787671800000,1.1674060821533203,1.1678149700164795,1.1674060821533203,1.1674060821533203
1787672700000,1.1676785945892334,1.1678149700164795,1.1675423383712769,1.1676785945892334
1787673600000,1.1676785945892334,1.1676785945892334,1.1674060821533203,1.1674060821533203
1787674500000,1.1674060821533203,1.1674060821533203,1.1671334505081177,1.1672697067260742
1787675400000,1.1674060821533203,1.1675423383712769,1.1672697067260742,1.1674060821533203
1787676300000,1.1674060821533203,1.1675423383712769,1.1672697067260742,1.1674060821533203
1787677200000,1.1674060821533203,1.1675423383712769,1.1672697067260742,1.1674060821533203
1787678100000,1.1674060821533203,1.1675423383712769,1.1674060821533203,1.1674060821533203
1787679000000,1.1674060821533203,1.1676785945892334,1.1672697067260742,1.1675423383712769
1787679900000,1.1675423383712769,1.1678149700164795,1.1675423383712769,1.1678149700164795
1787680800000,1.1676785945892334,1.1678149700164795,1.1675423383712769,1.1678149700164795
1787681700000,1.1678149700164795,1.1678149700164795,1.1676785945892334,1.1678149700164795
1787682600000,1.1678149700164795,1.1678149700164795,1.1676785945892334,1.1676785945892334
1787683500000,1.1676785945892334,1.1678149700164795,1.1676785945892334,1.1676785945892334
1787684400000,1.1678149700164795,1.1680878400802612,1.1678149700164795,1.1679514646530151
1787685300000,1.1680878400802612,1.1682243347167969,1.1678149700164795,1.1678149700164795
1787686200000,1.1676785945892334,1.1676785945892334,1.1672697067260742,1.1674060821533203
1787687100000,1.1674060821533203,1.1680878400802612,1.1674060821533203,1.1679514646530151
1787688000000,1.1679514646530151,1.1682243347167969,1.1679514646530151,1.1680878400802612
1787688900000,1.1682243347167969,1.1682243347167969,1.1679514646530151,1.1679514646530151
1787689800000,1.1680878400802612,1.1680878400802612,1.1678149700164795,1.1678149700164795
1787690700000,1.1678149700164795,1.1679514646530151,1.1676785945892334,1.1676785945892334
1787691600000,1.1689070463180542,1.1690436601638794,1.1676785945892334,1.1676785945892334
1787692500000,1.1678149700164795,1.1678149700164795,1.1675423383712769,1.1676785945892334
1787693400000,1.1678149700164795,1.1682243347167969,1.1676785945892334,1.1679514646530151
1787694300000,1.1680878400802612,1.1680878400802612,1.1674060821533203,1.1676785945892334
1787695200000,1.1676785945892334,1.1679514646530151,1.1676785945892334,1.1678149700164795
1787696100000,1.1678149700164795,1.1679514646530151,1.1678149700164795,1.1678149700164795
1787697000000,1.1678149700164795,1.1679514646530151,1.1678149700164795,1.1679514646530151
1787697900000,1.1680878400802612,1.1680878400802612,1.1679514646530151,1.1680878400802612
1787698800000,1.1680878400802612,1.1680878400802612,1.1679514646530151,1.1679514646530151
1787699700000,1.1679514646530151,1.1679514646530151,1.1678149700164795,1.1678149700164795
1787700600000,1.1678149700164795,1.1678149700164795,1.1676785945892334,1.1676785945892334
1787701500000,1.1676785945892334,1.1678149700164795,1.1676785945892334,1.1678149700164795
1787702400000,1.1678149700164795,1.1678149700164795,1.1676785945892334,1.1678149700164795
1787703300000,1.1678149700164795,1.1679514646530151,1.1676785945892334,1.1676785945892334
1787704200000,1.1676785945892334,1.1678149700164795,1.1675423383712769,1.1676785945892334
1787705100000,1.1676785945892334,1.1678149700164795,1.1676785945892334,1.1676785945892334
1787706000000,1.1676785945892334,1.1676785945892334,1.1674060821533203,1.1674060821533203
1787706900000,1.1675423383712769,1.1675423383712769,1.1674060821533203,1.1674060821533203
1787707800000,1.1675423383712769,1.1675423383712769,1.1672697067260742,1.1672697067260742
1787708700000,1.1672697067260742,1.1675423383712769,1.1672697067260742,1.1674060821533203
1787709600000,1.1674060821533203,1.1675423383712769,1.1674060821533203,1.1675423383712769
1787710500000,1.1675423383712769,1.1675423383712769,1.1672697067260742,1.1672697067260742
1787711400000,1.1672697067260742,1.1674060821533203,1.1671334505081177,1.1674060821533203
1787712300000,1.1674060821533203,1.1674060821533203,1.1669973134994507,1.1671334505081177
1787713200000,1.1671334505081177,1.1671334505081177,1.1669973134994507,1.1669973134994507
1787714100000,1.1669973134994507,1.1671334505081177,1.1668611764907837,1.1669973134994507
1787715000000,1.1669973134994507,1.1669973134994507,1.1667250394821167,1.1669973134994507
1787715900000,1.1669973134994507,1.1669973134994507,1.1667250394821167,1.1667250394821167
1787716800000,1.1668611764907837,1.1668611764907837,1.1667250394821167,1.1668611764907837
1787717700000,1.1667250394821167,1.1667250394821167,1.1665889024734497,1.1667250394821167
1787718600000,1.1667250394821167,1.1668611764907837,1.1665889024734497,1.1665889024734497
1787719500000,1.1665889024734497,1.1665889024734497,1.1664528846740723,1.1665889024734497
1787720400000,1.1665889024734497,1.1665889024734497,1.1664528846740723,1.1664528846740723
1787721300000,1.1664528846740723,1.1668611764907837,1.1664528846740723,1.1668611764907837
1787722200000,1.1667250394821167,1.1669973134994507,1.1667250394821167,1.1669973134994507
1787723100000,1.1668611764907837,1.1669973134994507,1.1667250394821167,1.1668611764907837
1787724000000,1.1668611764907837,1.1668611764907837,1.1665889024734497,1.1665889024734497
1787724900000,1.1665889024734497,1.1668611764907837,1.1665889024734497,1.1665889024734497
1787725800000,1.1664528846740723,1.1667250394821167,1.1664528846740723,1.1667250394821167
1787726700000,1.1667250394821167,1.1669973134994507,1.1667250394821167,1.1669973134994507
1787727600000,1.1671334505081177,1.1674060821533203,1.1671334505081177,1.1671334505081177
1787728500000,1.1672697067260742,1.1674060821533203,1.1672697067260742,1.1672697067260742
1787729400000,1.1672697067260742,1.1675423383712769,1.1672697067260742,1.1674060821533203
1787730300000,1.1674060821533203,1.1674060821533203,1.1671334505081177,1.1674060821533203
1787731200000,1.1674060821533203,1.1678149700164795,1.1674060821533203,1.1678149700164795
1787732100000,1.1678149700164795,1.1680878400802612,1.1678149700164795,1.1680878400802612
1787733000000,1.1680878400802612,1.1680878400802612,1.1675423383712769,1.1676785945892334
1787733900000,1.1676785945892334,1.1678149700164795,1.1674060821533203,1.1674060821533203
1787734800000,1.1674060821533203,1.1674060821533203,1.1669973134994507,1.1671334505081177
1787735700000,1.1669973134994507,1.1671334505081177,1.1667250394821167,1.1667250394821167
1787736600000,1.1668611764907837,1.1669973134994507,1.1668611764907837,1.1668611764907837
1787737500000,1.1669973134994507,1.1672697067260742,1.1668611764907837,1.1669973134994507
1787738400000,1.1669973134994507,1.1669973134994507,1.1668611764907837,1.1668611764907837
1787739300000,1.1668611764907837,1.1668611764907837,1.1665889024734497,1.1665889024734497
1787740200000,1.1667250394821167,1.1668611764907837,1.1667250394821167,1.1667250394821167
1787741100000,1.1668611764907837,1.1668611764907837,1.1664528846740723,1.1665889024734497
1787742000000,1.1665889024734497,1.1668611764907837,1.1665889024734497,1.1668611764907837
1787742900000,1.1668611764907837,1.1668611764907837,1.1664528846740723,1.1665889024734497
1787743800000,1.1665889024734497,1.1668611764907837,1.1665889024734497,1.1668611764907837
1787744700000,1.1668611764907837,1.1672697067260742,1.1668611764907837,1.1672697067260742
1787745600000,1.1672697067260742,1.1675423383712769,1.1671334505081177,1.1675423383712769
1787746500000,1.1676785945892334,1.1678149700164795,1.1674060821533203,1.1675423383712769
1787747400000,1.1676785945892334,1.1676785945892334,1.1667250394821167,1.1668611764907837
1787748300000,1.1667250394821167,1.1668611764907837,1.1661807298660278,1.1661807298660278
1787749200000,1.1659088134765625,1.1659088134765625,1.1656370162963867,1.1659088134765625
1787750100000,1.16604483127594,1.16604483127594,1.1657729148864746,1.16604483127594
1787751000000,1.1661807298660278,1.1661807298660278,1.1657729148864746,1.1659088134765625
1787751900000,1.1659088134765625,1.16604483127594,1.1656370162963867,1.1656370162963867
1787752800000,1.1656370162963867,1.1656370162963867,1.1652295589447021,1.1653653383255005
1787753700000,1.1653653383255005,1.1653653383255005,1.164686679840088,1.1648223400115967
1787754600000,1.1645511388778687,1.1653653383255005,1.1645511388778687,1.1652295589447021
1787755500000,1.1652295589447021,1.1652295589447021,1.1648223400115967,1.164958119392395
1787756400000,1.1648223400115967,1.1655012369155884,1.1648223400115967,1.1655012369155884
1787757300000,1.1653653383255005,1.1655012369155884,1.1653653383255005,1.1655012369155884
1787758200000,1.1655012369155884,1.1657729148864746,1.1655012369155884,1.1656370162963867
1787759100000,1.1656370162963867,1.1657729148864746,1.1652295589447021,1.1653653383255005
1787760000000,1.1655012369155884,1.1656370162963867,1.1653653383255005,1.1656370162963867
1787760900000,1.1656370162963867,1.1657729148864746,1.1655012369155884,1.1656370162963867
1787761800000,1.1656370162963867,1.1656370162963867,1.1652295589447021,1.1653653383255005
1787762700000,1.1653653383255005,1.1656370162963867,1.1652295589447021,1.1653653383255005
1787763600000,1.1653653383255005,1.1655012369155884,1.1652295589447021,1.1653653383255005
1787764500000,1.1653653383255005,1.1656370162963867,1.1653653383255005,1.1656370162963867
1787765400000,1.1656370162963867,1.1657729148864746,1.1656370162963867,1.1656370162963867
1787766300000,1.1656370162963867,1.1656370162963867,1.1653653383255005,1.1656370162963867
1787767200000,1.1655012369155884,1.1657729148864746,1.1655012369155884,1.1657729148864746
1787768100000,1.1656370162963867,1.1657729148864746,1.1655012369155884,1.1655012369155884
1787769000000,1.1655012369155884,1.1656370162963867,1.1653653383255005,1.1655012369155884
1787769900000,1.1655012369155884,1.1656370162963867,1.1653653383255005,1.1655012369155884
1787770800000,1.1655012369155884,1.1656370162963867,1.1653653383255005,1.1655012369155884
1787771700000,1.1656370162963867,1.1656370162963867,1.1655012369155884,1.1655012369155884
1787772600000,1.1656370162963867,1.1656370162963867,1.1655012369155884,1.1655012369155884
1787773500000,1.1655012369155884,1.1656370162963867,1.1653653383255005,1.1656370162963867
1787774400000,1.1656370162963867,1.1656370162963867,1.1655012369155884,1.1656370162963867
1787775300000,1.1655012369155884,1.1656370162963867,1.1655012369155884,1.1656370162963867
1787776200000,1.1656370162963867,1.1657729148864746,1.1656370162963867,1.1657729148864746
1787777100000,1.1657729148864746,1.1657729148864746,1.1656370162963867,1.1656370162963867
1787778000000,1.1653653383255005,1.1656370162963867,1.1652295589447021,1.1653653383255005
1787778900000,1.1653653383255005,1.1656370162963867,1.1653653383255005,1.1656370162963867
1787779800000,1.1655012369155884,1.1659088134765625,1.1655012369155884,1.1657729148864746
1787780700000,1.1656370162963867,1.1657729148864746,1.1655012369155884,1.1657729148864746
1787781600000,1.16604483127594,1.16604483127594,1.1657729148864746,1.1657729148864746
1787782500000,1.1659088134765625,1.1659088134765625,1.1657729148864746,1.1659088134765625
1787783400000,1.1659088134765625,1.1659088134765625,1.1657729148864746,1.1659088134765625
1787784300000,1.1659088134765625,1.1659088134765625,1.1657729148864746,1.1657729148864746
1787785200000,1.1659088134765625,1.1659088134765625,1.1657729148864746,1.1659088134765625
1787786100000,1.1659088134765625,1.16604483127594,1.1659088134765625,1.1659088134765625
1787787000000,1.1659088134765625,1.16604483127594,1.1659088134765625,1.16604483127594
1787787900000,1.16604483127594,1.16604483127594,1.1657729148864746,1.1659088134765625
1787788800000,1.1659088134765625,1.16604483127594,1.1659088134765625,1.1659088134765625
1787789700000,1.1659088134765625,1.1661807298660278,1.1659088134765625,1.1661807298660278
1787790600000,1.1661807298660278,1.1661807298660278,1.1659088134765625,1.1659088134765625
1787791500000,1.1659088134765625,1.1661807298660278,1.1657729148864746,1.16604483127594
1787792400000,1.16604483127594,1.1661807298660278,1.16604483127594,1.16604483127594
1787793300000,1.1661807298660278,1.1663167476654053,1.16604483127594,1.1661807298660278
1787794200000,1.1661807298660278,1.1663167476654053,1.16604483127594,1.16604483127594
1787795100000,1.16604483127594,1.1661807298660278,1.16604483127594,1.1661807298660278
1787796000000,1.1661807298660278,1.1663167476654053,1.1661807298660278,1.1661807298660278
1787796900000,1.1661807298660278,1.1661807298660278,1.1659088134765625,1.1659088134765625
1787797800000,1.1659088134765625,1.16604483127594,1.1659088134765625,1.1659088134765625
1787798700000,1.1659088134765625,1.16604483127594,1.1659088134765625,1.1659088134765625
1787799600000,1.1659088134765625,1.16604483127594,1.1659088134765625,1.16604483127594
1787800500000,1.16604483127594,1.16604483127594,1.1657729148864746,1.1657729148864746
1787801400000,1.1659088134765625,1.1659088134765625,1.1657729148864746,1.1657729148864746
1787802300000,1.1657729148864746,1.1659088134765625,1.1657729148864746,1.1657729148864746
1787803200000,1.1657729148864746,1.16604483127594,1.1657729148864746,1.1659088134765625
1787804100000,1.1659088134765625,1.16604483127594,1.1657729148864746,1.1659088134765625
1787805000000,1.1659088134765625,1.1659088134765625,1.1659088134765625,1.1659088134765625
1787805900000,1.1659088134765625,1.1659088134765625,1.1657729148864746,1.1659088134765625
1787806800000,1.1659088134765625,1.16604483127594,1.1659088134765625,1.16604483127594
1787807700000,1.16604483127594,1.16604483127594,1.1657729148864746,1.16604483127594
1787808600000,1.1661807298660278,1.1661807298660278,1.1659088134765625,1.16604483127594
1787809500000,1.16604483127594,1.16604483127594,1.1656370162963867,1.1657729148864746
1787810400000,1.1657729148864746,1.1659088134765625,1.1656370162963867,1.1659088134765625
1787811300000,1.1657729148864746,1.16604483127594,1.1657729148864746,1.1659088134765625
1787812200000,1.1659088134765625,1.1659088134765625,1.1657729148864746,1.1659088134765625
1787813100000,1.1657729148864746,1.1657729148864746,1.1656370162963867,1.1657729148864746
1787814000000,1.1657729148864746,1.16604483127594,1.1657729148864746,1.16604483127594
1787814900000,1.1659088134765625,1.1659088134765625,1.1656370162963867,1.1656370162963867
1787815800000,1.1656370162963867,1.1657729148864746,1.1656370162963867,1.1657729148864746
1787816700000,1.1659088134765625,1.1659088134765625,1.1656370162963867,1.1659088134765625
1787817600000,1.1659088134765625,1.1661807298660278,1.1659088134765625,1.1659088134765625
1787818500000,1.1659088134765625,1.16604483127594,1.1655012369155884,1.1655012369155884
1787819400000,1.1655012369155884,1.1656370162963867,1.1652295589447021,1.1656370162963867
1787820300000,1.1655012369155884,1.1655012369155884,1.1652295589447021,1.1652295589447021
1787821200000,1.1652295589447021,1.1652295589447021,1.164686679840088,1.1650937795639038
1787822100000,1.1650937795639038,1.1650937795639038,1.1648223400115967,1.164958119392395
1787823000000,1.1650937795639038,1.1650937795639038,1.1645511388778687,1.164686679840088
1787823900000,1.1645511388778687,1.164958119392395,1.1645511388778687,1.1645511388778687
1787824800000,1.1644154787063599,1.164686679840088,1.1644154787063599,1.164686679840088
1787825700000,1.1648223400115967,1.1650937795639038,1.164686679840088,1.164958119392395
1787826600000,1.164958119392395,1.164958119392395,1.1642799377441406,1.1645511388778687
1787827500000,1.1645511388778687,1.1645511388778687,1.1644154787063599,1.1644154787063599
1787828400000,1.1644154787063599,1.1644154787063599,1.1642799377441406,1.1642799377441406
1787829300000,1.1644154787063599,1.1645511388778687,1.1642799377441406,1.1644154787063599
1787830200000,1.1645511388778687,1.1645511388778687,1.1642799377441406,1.1644154787063599
1787831100000,1.1644154787063599,1.164686679840088,1.1641442775726318,1.1645511388778687
1787832000000,1.1645511388778687,1.164958119392395,1.1645511388778687,1.1645511388778687
1787832900000,1.1645511388778687,1.164958119392395,1.1645511388778687,1.164686679840088
1787833800000,1.1648223400115967,1.1648223400115967,1.1644154787063599,1.164686679840088
1787834700000,1.164686679840088,1.164686679840088,1.1644154787063599,1.1644154787063599
1787835600000,1.1644154787063599,1.1652295589447021,1.1644154787063599,1.1650937795639038
1787836500000,1.1652295589447021,1.1663167476654053,1.1652295589447021,1.1661807298660278
1787837400000,1.1661807298660278,1.1661807298660278,1.1656370162963867,1.1656370162963867
1787838300000,1.1656370162963867,1.1659088134765625,1.1655012369155884,1.1657729148864746
1787839200000,1.1657729148864746,1.16604483127594,1.1655012369155884,1.1655012369155884
1787840100000,1.1655012369155884,1.1656370162963867,1.1652295589447021,1.1653653383255005
1787841000000,1.1653653383255005,1.1659088134765625,1.1653653383255005,1.1656370162963867
1787841900000,1.1656370162963867,1.1657729148864746,1.164958119392395,1.164958119392395
1787842800000,1.164958119392395,1.1656370162963867,1.164958119392395,1.1656370162963867
1787843700000,1.1655012369155884,1.1656370162963867,1.1653653383255005,1.1655012369155884
1787844600000,1.1655012369155884,1.1656370162963867,1.1655012369155884,1.1655012369155884
1787845500000,1.1653653383255005,1.1657729148864746,1.1653653383255005,1.1656370162963867
1787846400000,1.1657729148864746,1.1657729148864746,1.1653653383255005,1.1655012369155884
1787847300000,1.1655012369155884,1.1657729148864746,1.1653653383255005,1.1656370162963867
1787848200000,1.1656370162963867,1.1659088134765625,1.1656370162963867,1.1657729148864746
1787849100000,1.1657729148864746,1.1657729148864746,1.1655012369155884,1.1656370162963867
1787850000000,1.1656370162963867,1.1657729148864746,1.1655012369155884,1.1655012369155884
1787850900000,1.1655012369155884,1.1655012369155884,1.1653653383255005,1.1655012369155884
1787851800000,1.1655012369155884,1.1655012369155884,1.1653653383255005,1.1653653383255005
1787852700000,1.1653653383255005,1.1653653383255005,1.1650937795639038,1.1652295589447021
1787853600000,1.1652295589447021,1.1652295589447021,1.1650937795639038,1.1652295589447021
1787854500000,1.1652295589447021,1.1652295589447021,1.1650937795639038,1.1650937795639038
1787855400000,1.1650937795639038,1.1652295589447021,1.1650937795639038,1.1650937795639038
1787856300000,1.1652295589447021,1.1653653383255005,1.1652295589447021,1.1652295589447021
1787857200000,1.1653653383255005,1.1655012369155884,1.1652295589447021,1.1653653383255005
1787858100000,1.1653653383255005,1.1653653383255005,1.1652295589447021,1.1652295589447021
1787859000000,1.1652295589447021,1.1655012369155884,1.1652295589447021,1.1653653383255005
1787859900000,1.1653653383255005,1.1653653383255005,1.1652295589447021,1.1653653383255005
1787860800000,1.1653653383255005,1.1656370162963867,1.1653653383255005,1.1655012369155884
1787861700000,1.1655012369155884,1.1656370162963867,1.1653653383255005,1.1653653383255005
1787862600000,1.1653653383255005,1.1656370162963867,1.1653653383255005,1.1655012369155884
1787863500000,1.1655012369155884,1.1656370162963867,1.1655012369155884,1.1656370162963867
1787864400000,1.1656370162963867,1.1656370162963867,1.164958119392395,1.1655012369155884
1787865300000,1.1656370162963867,1.1657729148864746,1.1653653383255005,1.1656370162963867
1787866200000,1.1659088134765625,1.1659088134765625,1.1656370162963867,1.1657729148864746
1787867100000,1.1656370162963867,1.16604483127594,1.1655012369155884,1.1657729148864746
1787868000000,1.1657729148864746,1.1657729148864746,1.1656370162963867,1.1657729148864746
1787868900000,1.1657729148864746,1.1659088134765625,1.1656370162963867,1.1656370162963867
1787869800000,1.1656370162963867,1.1657729148864746,1.1656370162963867,1.1656370162963867
1787870700000,1.1656370162963867,1.1657729148864746,1.1656370162963867,1.1657729148864746
1787871600000,1.1657729148864746,1.1657729148864746,1.1656370162963867,1.1657729148864746
1787872500000,1.1657729148864746,1.1657729148864746,1.1656370162963867,1.1657729148864746
1787873400000,1.1656370162963867,1.1657729148864746,1.1656370162963867,1.1657729148864746
1787874300000,1.1657729148864746,1.1657729148864746,1.1657729148864746,1.1657729148864746
1787875200000,1.1657729148864746,1.1657729148864746,1.1656370162963867,1.1656370162963867
1787876100000,1.1656370162963867,1.1656370162963867,1.1655012369155884,1.1656370162963867
1787877000000,1.1656370162963867,1.1657729148864746,1.1655012369155884,1.1656370162963867
1787877900000,1.1656370162963867,1.1657729148864746,1.1656370162963867,1.1657729148864746
1787878800000,1.1656370162963867,1.1657729148864746,1.1656370162963867,1.1657729148864746
1787879700000,1.1657729148864746,1.1657729148864746,1.1656370162963867,1.1657729148864746
1787880600000,1.1656370162963867,1.1659088134765625,1.1656370162963867,1.1659088134765625
1787881500000,1.1657729148864746,1.1657729148864746,1.1653653383255005,1.1653653383255005
1787882400000,1.1653653383255005,1.1653653383255005,1.1652295589447021,1.1652295589447021
1787883300000,1.1650937795639038,1.1653653383255005,1.1650937795639038,1.1652295589447021
1787884200000,1.1650937795639038,1.1652295589447021,1.1650937795639038,1.1652295589447021
1787885100000,1.1650937795639038,1.1655012369155884,1.1650937795639038,1.1655012369155884
1787886000000,1.1655012369155884,1.1655012369155884,1.1653653383255005,1.1653653383255005
1787886900000,1.1655012369155884,1.1655012369155884,1.1653653383255005,1.1655012369155884
1787887800000,1.1655012369155884,1.1655012369155884,1.1652295589447021,1.1652295589447021
1787888700000,1.1652295589447021,1.1652295589447021,1.164958119392395,1.164958119392395
1787889600000,1.1650937795639038,1.1650937795639038,1.164958119392395,1.164958119392395
1787890500000,1.164958119392395,1.1650937795639038,1.164958119392395,1.164958119392395
1787891400000,1.164958119392395,1.164958119392395,1.164958119392395,1.164958119392395
1787892300000,1.164958119392395,1.164958119392395,1.164958119392395,1.164958119392395
1787893200000,1.164958119392395,1.164958119392395,1.1648223400115967,1.1648223400115967
1787894100000,1.1648223400115967,1.1648223400115967,1.1648223400115967,1.1648223400115967
1787895000000,1.1648223400115967,1.1648223400115967,1.164686679840088,1.164686679840088
1787895900000,1.164686679840088,1.164958119392395,1.164686679840088,1.164958119392395
1787896800000,1.1648223400115967,1.1650937795639038,1.1648223400115967,1.1648223400115967
1787897700000,1.1648223400115967,1.1650937795639038,1.164686679840088,1.1650937795639038
1787898600000,1.1650937795639038,1.1652295589447021,1.1648223400115967,1.1650937795639038
1787899500000,1.1652295589447021,1.1652295589447021,1.164958119392395,1.1652295589447021
1787900400000,1.1652295589447021,1.1652295589447021,1.1648223400115967,1.164958119392395
1787901300000,1.164958119392395,1.164958119392395,1.1645511388778687,1.164686679840088
1787902200000,1.1645511388778687,1.164958119392395,1.1645511388778687,1.164958119392395
1787903100000,1.1648223400115967,1.1652295589447021,1.164686679840088,1.1650937795639038
1787904000000,1.164958119392395,1.1652295589447021,1.164958119392395,1.1650937795639038
1787904900000,1.164958119392395,1.1650937795639038,1.1648223400115967,1.1648223400115967
1787905800000,1.1648223400115967,1.1650937795639038,1.1648223400115967,1.1648223400115967
1787906700000,1.164686679840088,1.1648223400115967,1.164686679840088,1.1648223400115967
1787907600000,1.1648223400115967,1.1648223400115967,1.1645511388778687,1.164686679840088
1787908500000,1.164686679840088,1.164686679840088,1.1645511388778687,1.1645511388778687
1787909400000,1.164686679840088,1.1648223400115967,1.1644154787063599,1.1645511388778687
1787910300000,1.1645511388778687,1.164686679840088,1.1644154787063599,1.1644154787063599
1787911200000,1.1644154787063599,1.1645511388778687,1.1642799377441406,1.1644154787063599
1787912100000,1.1644154787063599,1.164686679840088,1.1644154787063599,1.164686679840088
1787913000000,1.1648223400115967,1.1650937795639038,1.1648223400115967,1.164958119392395
1787913900000,1.164958119392395,1.1653653383255005,1.164958119392395,1.1653653383255005
1787914800000,1.1653653383255005,1.1653653383255005,1.1650937795639038,1.1650937795639038
1787915700000,1.1650937795639038,1.1652295589447021,1.164958119392395,1.164958119392395
1787916600000,1.1650937795639038,1.1652295589447021,1.164958119392395,1.1650937795639038
1787917500000,1.1650937795639038,1.1652295589447021,1.1648223400115967,1.1648223400115967
1787918400000,1.164958119392395,1.164958119392395,1.164686679840088,1.1648223400115967
1787919300000,1.164686679840088,1.1648223400115967,1.164686679840088,1.164686679840088
1787920200000,1.1645511388778687,1.1645511388778687,1.1644154787063599,1.1644154787063599
1787921100000,1.1645511388778687,1.1653653383255005,1.1645511388778687,1.1653653383255005
1787922000000,1.1652295589447021,1.1653653383255005,1.1648223400115967,1.1648223400115967
1787922900000,1.1648223400115967,1.164958119392395,1.1645511388778687,1.164686679840088
1787923800000,1.1648223400115967,1.1648223400115967,1.1645511388778687,1.1645511388778687
1787924700000,1.1645511388778687,1.164958119392395,1.1645511388778687,1.164958119392395
1787925600000,1.1642799377441406,1.1650937795639038,1.1615750789642334,1.1615750789642334
1787926500000,1.1615750789642334,1.1617100238800049,1.1599582433700562,1.1599582433700562
1787927400000,1.1606314182281494,1.161440134048462,1.1606314182281494,1.1610356569290161
1787928300000,1.161170482635498,1.162520408630371,1.1606314182281494,1.162520408630371
1787929200000,1.16225004196167,1.16225004196167,1.1610356569290161,1.161170482635498
1787930100000,1.161170482635498,1.16130530834198,1.1607661247253418,1.1607661247253418
1787931000000,1.1609008312225342,1.1609008312225342,1.160092830657959,1.1603620052337646
1787931900000,1.1603620052337646,1.1606314182281494,1.1602274179458618,1.1602274179458618
1787932800000,1.160092830657959,1.160092830657959,1.1594202518463135,1.1594202518463135
1787933700000,1.1594202518463135,1.1594202518463135,1.1588828563690186,1.1590172052383423
1787934600000,1.1590172052383423,1.1594202518463135,1.1590172052383423,1.1590172052383423
1787935500000,1.1588828563690186,1.1592857837677002,1.1588828563690186,1.1590172052383423
1787936400000,1.1590172052383423,1.1592857837677002,1.1587486267089844,1.1590172052383423
1787937300000,1.159151554107666,1.159151554107666,1.1588828563690186,1.1590172052383423
1787938200000,1.1590172052383423,1.1590172052383423,1.1583458185195923,1.1583458185195923
1787939100000,1.1583458185195923,1.1584800481796265,1.1582117080688477,1.1584800481796265
1787940000000,1.1584800481796265,1.1584800481796265,1.1582117080688477,1.1584800481796265
1787940900000,1.1584800481796265,1.1587486267089844,1.1583458185195923,1.1587486267089844
1787941800000,1.1586142778396606,1.1586142778396606,1.1582117080688477,1.1583458185195923
1787942700000,1.1583458185195923,1.1583458185195923,1.1582117080688477,1.1583458185195923
1787943600000,1.1584800481796265,1.1587486267089844,1.1584800481796265,1.1586142778396606
1787944500000,1.1586142778396606,1.1590172052383423,1.1584800481796265,1.1590172052383423
1787945400000,1.1590172052383423,1.159151554107666,1.1588828563690186,1.159151554107666
1787946300000,1.1590172052383423,1.159151554107666,1.1590172052383423,1.1590172052383423
1787947200000,1.1590172052383423,1.1590172052383423,1.1587486267089844,1.1588828563690186
1787948100000,1.1588828563690186,1.1588828563690186,1.1587486267089844,1.1587486267089844
1787949000000,1.1588828563690186,1.1588828563690186,1.1583458185195923,1.1584800481796265
1787949900000,1.1584800481796265,1.1587486267089844,1.1584800481796265,1.1586142778396606
1787950800000,1.1586142778396606,1.1587486267089844,1.1586142778396606,1.1587486267089844
1787951700000,1.1587486267089844,1.1587486267089844,1.1587486267089844,1.1587486267089844
1788130800000,1.1588828563690186,1.1588828563690186,1.1587486267089844,1.1588828563690186
1788131700000,1.1587486267089844,1.1590172052383423,1.1587486267089844,1.1588828563690186
1788132600000,1.1588828563690186,1.159151554107666,1.1588828563690186,1.159151554107666
1788133500000,1.1590172052383423,1.1592857837677002,1.1590172052383423,1.1592857837677002
1788134400000,1.1592857837677002,1.15968918800354,1.1592857837677002,1.1595547199249268
1788135300000,1.1595547199249268,1.1595547199249268,1.1590172052383423,1.1590172052383423
1788136200000,1.1590172052383423,1.1595547199249268,1.1590172052383423,1.1594202518463135
1788137100000,1.1594202518463135,1.15968918800354,1.1594202518463135,1.1595547199249268
1788138000000,1.1594202518463135,1.1595547199249268,1.159151554107666,1.159151554107666
1788138900000,1.159151554107666,1.1594202518463135,1.1590172052383423,1.1592857837677002
1788139800000,1.1594202518463135,1.1598236560821533,1.1594202518463135,1.15968918800354
1788140700000,1.15968918800354,1.15968918800354,1.1594202518463135,1.1594202518463135
1788141600000,1.1594202518463135,1.1595547199249268,1.1594202518463135,1.1595547199249268
1788142500000,1.1595547199249268,1.15968918800354,1.1592857837677002,1.1595547199249268
1788143400000,1.1595547199249268,1.1595547199249268,1.159151554107666,1.1592857837677002
1788144300000,1.1592857837677002,1.1595547199249268,1.1592857837677002,1.1595547199249268
1788145200000,1.1595547199249268,1.1595547199249268,1.1595547199249268,1.1595547199249268
1788146100000,1.1595547199249268,1.15968918800354,1.1595547199249268,1.1595547199249268
1788147000000,1.1595547199249268,1.1595547199249268,1.1592857837677002,1.1594202518463135
1788147900000,1.1594202518463135,1.1595547199249268,1.1592857837677002,1.1595547199249268
1788148800000,1.1595547199249268,1.1595547199249268,1.1595547199249268,1.1595547199249268
1788149700000,1.1595547199249268,1.1595547199249268,1.1592857837677002,1.1592857837677002
1788150600000,1.1592857837677002,1.1594202518463135,1.1592857837677002,1.1594202518463135
1788151500000,1.1594202518463135,1.1594202518463135,1.1594202518463135,1.1594202518463135
1788152400000,1.1592857837677002,1.1594202518463135,1.1592857837677002,1.1594202518463135
1788153300000,1.1594202518463135,1.1594202518463135,1.159151554107666,1.1594202518463135
1788154200000,1.1594202518463135,1.1594202518463135,1.159151554107666,1.1592857837677002
1788155100000,1.1594202518463135,1.1594202518463135,1.159151554107666,1.1594202518463135
1788156000000,1.1592857837677002,1.1592857837677002,1.1590172052383423,1.1592857837677002
1788156900000,1.1592857837677002,1.1594202518463135,1.1590172052383423,1.1590172052383423
1788157800000,1.1590172052383423,1.1594202518463135,1.1590172052383423,1.159151554107666
1788158700000,1.159151554107666,1.1592857837677002,1.1587486267089844,1.1592857837677002
1788159600000,1.1592857837677002,1.1592857837677002,1.1588828563690186,1.159151554107666
1788160500000,1.1590172052383423,1.1599582433700562,1.1590172052383423,1.15968918800354
1788161400000,1.1598236560821533,1.1602274179458618,1.1598236560821533,1.1602274179458618
1788162300000,1.1603620052337646,1.1606314182281494,1.1603620052337646,1.1606314182281494
1788163200000,1.1607661247253418,1.1609008312225342,1.160092830657959,1.160092830657959
1788164100000,1.160092830657959,1.1602274179458618,1.1599582433700562,1.1602274179458618
1788165000000,1.160092830657959,1.1602274179458618,1.160092830657959,1.160092830657959
1788165900000,1.160092830657959,1.160092830657959,1.15968918800354,1.15968918800354
1788166800000,1.1599582433700562,1.1603620052337646,1.1599582433700562,1.1603620052337646
1788167700000,1.1603620052337646,1.1603620052337646,1.160092830657959,1.1602274179458618
1788168600000,1.1602274179458618,1.1602274179458618,1.1599582433700562,1.160092830657959
1788169500000,1.160092830657959,1.1603620052337646,1.160092830657959,1.1602274179458618
1788170400000,1.1602274179458618,1.160496711730957,1.1602274179458618,1.160496711730957
1788171300000,1.160496711730957,1.160496711730957,1.1602274179458618,1.160496711730957
1788172200000,1.160496711730957,1.160496711730957,1.160092830657959,1.160092830657959
1788173100000,1.160092830657959,1.1602274179458618,1.1599582433700562,1.160092830657959
1788174000000,1.160092830657959,1.1603620052337646,1.1599582433700562,1.1602274179458618
1788174900000,1.1602274179458618,1.1606314182281494,1.1602274179458618,1.1606314182281494
1788175800000,1.160496711730957,1.160496711730957,1.1602274179458618,1.1603620052337646
1788176700000,1.1603620052337646,1.1603620052337646,1.1599582433700562,1.1599582433700562
1788177600000,1.160092830657959,1.1602274179458618,1.1599582433700562,1.1602274179458618
1788178500000,1.1602274179458618,1.1602274179458618,1.1598236560821533,1.160092830657959
1788179400000,1.1598236560821533,1.1599582433700562,1.1595547199249268,1.15968918800354
1788180300000,1.15968918800354,1.1599582433700562,1.15968918800354,1.1598236560821533
1788181200000,1.1598236560821533,1.160092830657959,1.15968918800354,1.1599582433700562
1788182100000,1.160092830657959,1.1603620052337646,1.1599582433700562,1.1602274179458618
1788183000000,1.1602274179458618,1.160496711730957,1.1599582433700562,1.1599582433700562
1788183900000,1.1599582433700562,1.1603620052337646,1.1598236560821533,1.1603620052337646
1788184800000,1.1598236560821533,1.1606314182281494,1.1598236560821533,1.160496711730957
1788185700000,1.1603620052337646,1.1607661247253418,1.1603620052337646,1.1606314182281494
1788186600000,1.1607661247253418,1.1609008312225342,1.160496711730957,1.1609008312225342
1788187500000,1.16130530834198,1.1621150970458984,1.1610356569290161,1.1617100238800049
1788188400000,1.1618449687957764,1.1619800329208374,1.1617100238800049,1.1618449687957764
1788189300000,1.1617100238800049,1.1619800329208374,1.1615750789642334,1.1619800329208374
1788190200000,1.1621150970458984,1.16225004196167,1.1621150970458984,1.1621150970458984
1788191100000,1.1621150970458984,1.1623852252960205,1.1619800329208374,1.1619800329208374
1788192000000,1.1619800329208374,1.1621150970458984,1.1619800329208374,1.1619800329208374
1788192900000,1.1619800329208374,1.1621150970458984,1.1618449687957764,1.1619800329208374
1788193800000,1.1619800329208374,1.1619800329208374,1.1618449687957764,1.1618449687957764
1788194700000,1.1618449687957764,1.1619800329208374,1.1617100238800049,1.1619800329208374
1788195600000,1.1619800329208374,1.1621150970458984,1.1618449687957764,1.1621150970458984
1788196500000,1.1619800329208374,1.1621150970458984,1.1618449687957764,1.1619800329208374
1788197400000,1.1618449687957764,1.1619800329208374,1.1618449687957764,1.1619800329208374
1788198300000,1.1618449687957764,1.1621150970458984,1.1618449687957764,1.1618449687957764
1788199200000,1.1618449687957764,1.1621150970458984,1.1618449687957764,1.1621150970458984
1788200100000,1.1621150970458984,1.1621150970458984,1.1618449687957764,1.1618449687957764
1788201000000,1.1618449687957764,1.1619800329208374,1.1618449687957764,1.1618449687957764
1788201900000,1.1618449687957764,1.1621150970458984,1.1618449687957764,1.1618449687957764
1788202800000,1.1619800329208374,1.1621150970458984,1.1619800329208374,1.1619800329208374
1788203700000,1.1619800329208374,1.1621150970458984,1.1619800329208374,1.1619800329208374
1788204600000,1.1621150970458984,1.1621150970458984,1.1618449687957764,1.1618449687957764
1788205500000,1.1618449687957764,1.1621150970458984,1.1618449687957764,1.1618449687957764
1788206400000,1.1621150970458984,1.1621150970458984,1.1619800329208374,1.1619800329208374
1788207300000,1.1618449687957764,1.1618449687957764,1.1617100238800049,1.1618449687957764
1788208200000,1.1618449687957764,1.1619800329208374,1.1618449687957764,1.1619800329208374
1788209100000,1.1619800329208374,1.1621150970458984,1.1619800329208374,1.1621150970458984
1788210000000,1.1621150970458984,1.16225004196167,1.1619800329208374,1.1619800329208374
1788210900000,1.1619800329208374,1.16225004196167,1.1617100238800049,1.16225004196167
1788211800000,1.1621150970458984,1.16225004196167,1.1619800329208374,1.1621150970458984
1788212700000,1.1619800329208374,1.16225004196167,1.1619800329208374,1.16225004196167
1788213600000,1.1621150970458984,1.1621150970458984,1.1621150970458984,1.1621150970458984
1788214500000,1.1621150970458984,1.1621150970458984,1.1619800329208374,1.1619800329208374
1788215400000,1.1621150970458984,1.1621150970458984,1.1618449687957764,1.1618449687957764
1788216300000,1.1618449687957764,1.1618449687957764,1.1618449687957764,1.1618449687957764
1788217200000,1.1618449687957764,1.1618449687957764,1.1615750789642334,1.1617100238800049
1788218100000,1.1617100238800049,1.1618449687957764,1.1617100238800049,1.1618449687957764
1788219000000,1.1619800329208374,1.1619800329208374,1.1618449687957764,1.1619800329208374
1788219900000,1.1619800329208374,1.1621150970458984,1.1619800329208374,1.1621150970458984
1788220800000,1.1619800329208374,1.162520408630371,1.1619800329208374,1.1623852252960205
1788221700000,1.16225004196167,1.1627906560897827,1.16225004196167,1.1627906560897827
1788222600000,1.1626555919647217,1.1627906560897827,1.1623852252960205,1.1623852252960205
1788223500000,1.162520408630371,1.162520408630371,1.1621150970458984,1.1621150970458984
1788224400000,1.16225004196167,1.16225004196167,1.1617100238800049,1.1617100238800049
1788225300000,1.1617100238800049,1.1618449687957764,1.161440134048462,1.161440134048462
1788226200000,1.161440134048462,1.1615750789642334,1.16130530834198,1.1615750789642334
1788227100000,1.1615750789642334,1.1615750789642334,1.161170482635498,1.16130530834198
1788228000000,1.16130530834198,1.16130530834198,1.1610356569290161,1.161170482635498
1788228900000,1.161170482635498,1.16130530834198,1.161170482635498,1.16130530834198
1788229800000,1.16130530834198,1.16130530834198,1.1610356569290161,1.161170482635498
1788230700000,1.161170482635498,1.16130530834198,1.1610356569290161,1.16130530834198
1788231600000,1.161170482635498,1.16130530834198,1.1610356569290161,1.16130530834198
1788232500000,1.16130530834198,1.16130530834198,1.1609008312225342,1.1610356569290161
1788233400000,1.1610356569290161,1.161170482635498,1.1610356569290161,1.1610356569290161
1788234300000,1.1610356569290161,1.1610356569290161,1.1609008312225342,1.1609008312225342
1788235200000,1.1609008312225342,1.1610356569290161,1.1607661247253418,1.1609008312225342
1788236100000,1.1609008312225342,1.1609008312225342,1.1606314182281494,1.1606314182281494
1788237000000,1.1606314182281494,1.1607661247253418,1.1606314182281494,1.1607661247253418
1788237900000,1.1609008312225342,1.1609008312225342,1.1607661247253418,1.1609008312225342
1788238800000,1.1609008312225342,1.16130530834198,1.1609008312225342,1.161170482635498
1788239700000,1.1610356569290161,1.161170482635498,1.1609008312225342,1.161170482635498
1788240600000,1.161170482635498,1.16130530834198,1.1610356569290161,1.161170482635498
1788241500000,1.161170482635498,1.16130530834198,1.161170482635498,1.161170482635498
1788242400000,1.1610356569290161,1.161170482635498,1.1610356569290161,1.1610356569290161
1788243300000,1.161170482635498,1.161170482635498,1.160496711730957,1.160496711730957
1788244200000,1.160496711730957,1.1606314182281494,1.1603620052337646,1.1606314182281494
1788245100000,1.1606314182281494,1.1607661247253418,1.160496711730957,1.1607661247253418
1788246000000,1.1609008312225342,1.1609008312225342,1.160496711730957,1.1606314182281494
1788246900000,1.1606314182281494,1.1606314182281494,1.160092830657959,1.160092830657959
1788247800000,1.160092830657959,1.160092830657959,1.1595547199249268,1.1595547199249268
1788248700000,1.1595547199249268,1.1598236560821533,1.1595547199249268,1.1598236560821533
1788249600000,1.1598236560821533,1.1598236560821533,1.159151554107666,1.1592857837677002
1788250500000,1.1592857837677002,1.15968918800354,1.1592857837677002,1.1595547199249268
1788251400000,1.1594202518463135,1.15968918800354,1.1592857837677002,1.15968918800354
1788252300000,1.15968918800354,1.1598236560821533,1.1595547199249268,1.15968918800354
1788253200000,1.15968918800354,1.160092830657959,1.15968918800354,1.160092830657959
1788254100000,1.1599582433700562,1.160092830657959,1.1599582433700562,1.1599582433700562
1788255000000,1.1599582433700562,1.1603620052337646,1.1599582433700562,1.160092830657959
1788255900000,1.1602274179458618,1.1603620052337646,1.15968918800354,1.15968918800354
1788256800000,1.15968918800354,1.1598236560821533,1.1595547199249268,1.1595547199249268
1788257700000,1.1595547199249268,1.1598236560821533,1.1595547199249268,1.15968918800354
1788258600000,1.15968918800354,1.15968918800354,1.1594202518463135,1.1594202518463135
1788259500000,1.1594202518463135,1.15968918800354,1.1594202518463135,1.1595547199249268
1788260400000,1.1594202518463135,1.1595547199249268,1.1594202518463135,1.1595547199249268
1788261300000,1.1594202518463135,1.1598236560821533,1.1594202518463135,1.1598236560821533
1788262200000,1.1598236560821533,1.1599582433700562,1.15968918800354,1.1598236560821533
1788263100000,1.1598236560821533,1.1598236560821533,1.1595547199249268,1.1595547199249268
1788264000000,1.1595547199249268,1.1595547199249268,1.159151554107666,1.1594202518463135
1788264900000,1.1594202518463135,1.15968918800354,1.1594202518463135,1.1595547199249268
1788265800000,1.1595547199249268,1.15968918800354,1.1594202518463135,1.1595547199249268
1788266700000,1.1595547199249268,1.15968918800354,1.1595547199249268,1.15968918800354
1788267600000,1.1594202518463135,1.1594202518463135,1.1592857837677002,1.1594202518463135
1788268500000,1.1595547199249268,1.1595547199249268,1.1594202518463135,1.1595547199249268
1788269400000,1.1598236560821533,1.160496711730957,1.1598236560821533,1.160496711730957
1788270300000,1.1603620052337646,1.1606314182281494,1.160092830657959,1.1606314182281494
1788271200000,1.1603620052337646,1.1610356569290161,1.1603620052337646,1.1610356569290161
1788272100000,1.1610356569290161,1.1610356569290161,1.160496711730957,1.160496711730957
1788273000000,1.1603620052337646,1.1606314182281494,1.1603620052337646,1.1603620052337646
1788273900000,1.160496711730957,1.160496711730957,1.1599582433700562,1.1599582433700562
1788274800000,1.1602274179458618,1.1602274179458618,1.1598236560821533,1.1598236560821533
1788275700000,1.1598236560821533,1.1598236560821533,1.1594202518463135,1.15968918800354
1788276600000,1.15968918800354,1.15968918800354,1.1594202518463135,1.1595547199249268
1788277500000,1.1595547199249268,1.1595547199249268,1.1592857837677002,1.1595547199249268
1788278400000,1.15968918800354,1.15968918800354,1.1594202518463135,1.1594202518463135
1788279300000,1.1595547199249268,1.1595547199249268,1.1588828563690186,1.159151554107666
1788280200000,1.159151554107666,1.1594202518463135,1.1588828563690186,1.1590172052383423
1788281100000,1.159151554107666,1.159151554107666,1.1588828563690186,1.1588828563690186
1788282000000,1.1588828563690186,1.1592857837677002,1.1588828563690186,1.159151554107666
1788282900000,1.159151554107666,1.15968918800354,1.1590172052383423,1.15968918800354
1788283800000,1.1598236560821533,1.1598236560821533,1.1590172052383423,1.159151554107666
1788284700000,1.159151554107666,1.159151554107666,1.1590172052383423,1.159151554107666
1788285600000,1.159151554107666,1.1594202518463135,1.159151554107666,1.159151554107666
1788286500000,1.1590172052383423,1.1592857837677002,1.1590172052383423,1.159151554107666
1788287400000,1.159151554107666,1.159151554107666,1.1588828563690186,1.1590172052383423
1788288300000,1.1590172052383423,1.1594202518463135,1.1590172052383423,1.1594202518463135
1788289200000,1.1592857837677002,1.1595547199249268,1.1592857837677002,1.1595547199249268
1788290100000,1.1595547199249268,1.1595547199249268,1.1594202518463135,1.1594202518463135
1788291000000,1.1595547199249268,1.1595547199249268,1.1592857837677002,1.1592857837677002
1788291900000,1.159151554107666,1.1592857837677002,1.159151554107666,1.1592857837677002
1788292800000,1.159151554107666,1.1592857837677002,1.159151554107666,1.159151554107666
1788293700000,1.159151554107666,1.1594202518463135,1.159151554107666,1.1592857837677002
1788294600000,1.1592857837677002,1.1595547199249268,1.1592857837677002,1.1595547199249268
1788295500000,1.1595547199249268,1.15968918800354,1.1594202518463135,1.1595547199249268
1788296400000,1.1594202518463135,1.1598236560821533,1.1592857837677002,1.1592857837677002
1788297300000,1.1594202518463135,1.1594202518463135,1.1590172052383423,1.1592857837677002
1788298200000,1.1594202518463135,1.1595547199249268,1.1592857837677002,1.1594202518463135
1788299100000,1.1594202518463135,1.15968918800354,1.1592857837677002,1.1595547199249268
1788300000000,1.1595547199249268,1.1599582433700562,1.1595547199249268,1.1598236560821533
1788300900000,1.1598236560821533,1.1599582433700562,1.15968918800354,1.15968918800354
1788301800000,1.15968918800354,1.15968918800354,1.1595547199249268,1.15968918800354
1788302700000,1.1595547199249268,1.15968918800354,1.1595547199249268,1.15968918800354
1788303600000,1.1595547199249268,1.15968918800354,1.1595547199249268,1.15968918800354
1788304500000,1.1595547199249268,1.15968918800354,1.1595547199249268,1.1595547199249268
1788305400000,1.1595547199249268,1.15968918800354,1.1595547199249268,1.1595547199249268
1788306300000,1.15968918800354,1.15968918800354,1.1594202518463135,1.1594202518463135
1788307200000,1.1594202518463135,1.1595547199249268,1.1590172052383423,1.159151554107666
1788308100000,1.1592857837677002,1.1594202518463135,1.1590172052383423,1.1590172052383423
1788309000000,1.1590172052383423,1.159151554107666,1.1590172052383423,1.159151554107666
1788309900000,1.159151554107666,1.159151554107666,1.1587486267089844,1.1587486267089844
1788310800000,1.1587486267089844,1.1587486267089844,1.1584800481796265,1.1584800481796265
1788311700000,1.1587486267089844,1.1587486267089844,1.1586142778396606,1.1586142778396606
1788312600000,1.1584800481796265,1.1584800481796265,1.158077597618103,1.158077597618103
1788313500000,1.158077597618103,1.1582117080688477,1.158077597618103,1.1582117080688477
1788314400000,1.158077597618103,1.1583458185195923,1.1579434871673584,1.1583458185195923
1788315300000,1.1583458185195923,1.1584800481796265,1.158077597618103,1.1583458185195923
1788316200000,1.1583458185195923,1.1586142778396606,1.1582117080688477,1.1584800481796265
1788317100000,1.1584800481796265,1.1584800481796265,1.1583458185195923,1.1584800481796265
1788318000000,1.1584800481796265,1.1586142778396606,1.1583458185195923,1.1583458185195923
1788318900000,1.1583458185195923,1.1583458185195923,1.1582117080688477,1.1582117080688477
1788319800000,1.1582117080688477,1.1582117080688477,1.1582117080688477,1.1582117080688477
1788320700000,1.1582117080688477,1.1583458185195923,1.1582117080688477,1.1583458185195923
1788321600000,1.1583458185195923,1.1583458185195923,1.1579434871673584,1.1579434871673584
1788322500000,1.158077597618103,1.158077597618103,1.1578094959259033,1.1579434871673584
1788323400000,1.1579434871673584,1.1579434871673584,1.1579434871673584,1.1579434871673584
1788324300000,1.158077597618103,1.158077597618103,1.1578094959259033,1.1579434871673584
1788325200000,1.1579434871673584,1.158077597618103,1.1576753854751587,1.158077597618103
1788326100000,1.158077597618103,1.1582117080688477,1.158077597618103,1.1582117080688477
1788327000000,1.1583458185195923,1.1583458185195923,1.1582117080688477,1.1583458185195923
1788327900000,1.1583458185195923,1.1584800481796265,1.1583458185195923,1.1583458185195923
1788328800000,1.1583458185195923,1.1586142778396606,1.1583458185195923,1.1586142778396606
1788329700000,1.1583458185195923,1.1584800481796265,1.158077597618103,1.158077597618103
1788330600000,1.158077597618103,1.1582117080688477,1.1578094959259033,1.158077597618103
1788331500000,1.158077597618103,1.158077597618103,1.157139539718628,1.157139539718628
1788332400000,1.157273530960083,1.1576753854751587,1.157139539718628,1.1576753854751587
1788333300000,1.1575413942337036,1.1578094959259033,1.1575413942337036,1.1576753854751587
1788334200000,1.1576753854751587,1.1582117080688477,1.1576753854751587,1.1579434871673584
1788335100000,1.158077597618103,1.1582117080688477,1.1579434871673584,1.1582117080688477
1788336000000,1.1582117080688477,1.1583458185195923,1.1582117080688477,1.1582117080688477
1788336900000,1.1582117080688477,1.1584800481796265,1.1582117080688477,1.1583458185195923
1788337800000,1.1582117080688477,1.1584800481796265,1.1582117080688477,1.1583458185195923
1788338700000,1.1583458185195923,1.1583458185195923,1.1576753854751587,1.1576753854751587
1788339600000,1.1575413942337036,1.158077597618103,1.1575413942337036,1.1578094959259033
1788340500000,1.1579434871673584,1.1579434871673584,1.1578094959259033,1.1579434871673584
1788341400000,1.1579434871673584,1.1579434871673584,1.1576753854751587,1.1576753854751587
1788342300000,1.1576753854751587,1.1578094959259033,1.1574074029922485,1.1575413942337036
1788343200000,1.1575413942337036,1.1575413942337036,1.157273530960083,1.1575413942337036
1788344100000,1.1575413942337036,1.1575413942337036,1.157273530960083,1.157273530960083
1788345000000,1.157273530960083,1.157273530960083,1.157139539718628,1.157139539718628
1788345900000,1.157139539718628,1.1575413942337036,1.157139539718628,1.1575413942337036
1788346800000,1.1575413942337036,1.1579434871673584,1.1574074029922485,1.1579434871673584
1788347700000,1.1579434871673584,1.158077597618103,1.1578094959259033,1.1578094959259033
1788348600000,1.1576753854751587,1.1582117080688477,1.1576753854751587,1.1579434871673584
1788349500000,1.1578094959259033,1.158077597618103,1.1578094959259033,1.158077597618103
1788350400000,1.158077597618103,1.1584800481796265,1.158077597618103,1.1582117080688477
1788351300000,1.1582117080688477,1.1587486267089844,1.158077597618103,1.1586142778396606
1788352200000,1.1584800481796265,1.1584800481796265,1.158077597618103,1.158077597618103
1788353100000,1.158077597618103,1.1586142778396606,1.158077597618103,1.1582117080688477
1788354000000,1.1583458185195923,1.1584800481796265,1.1582117080688477,1.1582117080688477
1788354900000,1.1582117080688477,1.1607661247253418,1.1582117080688477,1.1599582433700562
1788355800000,1.1599582433700562,1.160092830657959,1.1592857837677002,1.160092830657959
1788356700000,1.15968918800354,1.1607661247253418,1.1595547199249268,1.1607661247253418
1788357600000,1.160496711730957,1.160496711730957,1.15968918800354,1.15968918800354
1788358500000,1.1598236560821533,1.1598236560821533,1.1592857837677002,1.1594202518463135
1788359400000,1.1594202518463135,1.15968918800354,1.1594202518463135,1.1594202518463135
1788360300000,1.1595547199249268,1.15968918800354,1.1592857837677002,1.1595547199249268
1788361200000,1.1595547199249268,1.1599582433700562,1.1595547199249268,1.1595547199249268
1788362100000,1.1594202518463135,1.1598236560821533,1.1592857837677002,1.1598236560821533
1788363000000,1.1599582433700562,1.1599582433700562,1.1594202518463135,1.1594202518463135
1788363900000,1.1594202518463135,1.1595547199249268,1.1592857837677002,1.1594202518463135
1788364800000,1.15968918800354,1.15968918800354,1.1594202518463135,1.1595547199249268
1788365700000,1.15968918800354,1.15968918800354,1.1592857837677002,1.1592857837677002
1788366600000,1.1592857837677002,1.1594202518463135,1.1592857837677002,1.1592857837677002
1788367500000,1.1594202518463135,1.1595547199249268,1.159151554107666,1.159151554107666
1788368400000,1.159151554107666,1.159151554107666,1.1588828563690186,1.1588828563690186
1788369300000,1.1588828563690186,1.1590172052383423,1.1587486267089844,1.1590172052383423
1788370200000,1.1590172052383423,1.1590172052383423,1.1587486267089844,1.1590172052383423
1788371100000,1.1592857837677002,1.1592857837677002,1.1590172052383423,1.1590172052383423
1788372000000,1.1590172052383423,1.159151554107666,1.1590172052383423,1.1590172052383423
1788372900000,1.1588828563690186,1.159151554107666,1.1588828563690186,1.1588828563690186
1788373800000,1.1590172052383423,1.159151554107666,1.1587486267089844,1.1587486267089844
1788374700000,1.1588828563690186,1.1590172052383423,1.1588828563690186,1.1588828563690186
1788375600000,1.1588828563690186,1.1590172052383423,1.1586142778396606,1.1586142778396606
1788376500000,1.1587486267089844,1.1590172052383423,1.1587486267089844,1.1587486267089844
1788377400000,1.1588828563690186,1.1588828563690186,1.1587486267089844,1.1588828563690186
1788378300000,1.1588828563690186,1.1590172052383423,1.1587486267089844,1.1590172052383423
1788379200000,1.159151554107666,1.1592857837677002,1.159151554107666,1.159151554107666
1788380100000,1.1592857837677002,1.1592857837677002,1.159151554107666,1.159151554107666
1788381000000,1.159151554107666,1.1592857837677002,1.159151554107666,1.159151554107666
1788381900000,1.1592857837677002,1.1592857837677002,1.159151554107666,1.159151554107666
1788382800000,1.1588828563690186,1.1592857837677002,1.1588828563690186,1.1590172052383423
1788383700000,1.1590172052383423,1.1592857837677002,1.1590172052383423,1.159151554107666
1788384600000,1.159151554107666,1.1592857837677002,1.1590172052383423,1.159151554107666
1788385500000,1.1590172052383423,1.1592857837677002,1.1588828563690186,1.1592857837677002
1788386400000,1.1592857837677002,1.1592857837677002,1.1590172052383423,1.1590172052383423
1788387300000,1.1590172052383423,1.1590172052383423,1.1588828563690186,1.1590172052383423
1788388200000,1.1590172052383423,1.159151554107666,1.1590172052383423,1.1590172052383423
1788389100000,1.1590172052383423,1.159151554107666,1.1590172052383423,1.1590172052383423
1788390000000,1.1590172052383423,1.1590172052383423,1.1588828563690186,1.1588828563690186
1788390900000,1.1588828563690186,1.1590172052383423,1.1588828563690186,1.1588828563690186
1788391800000,1.1588828563690186,1.1588828563690186,1.1587486267089844,1.1588828563690186
1788392700000,1.1588828563690186,1.1588828563690186,1.1588828563690186,1.1588828563690186
1788393600000,1.1587486267089844,1.1590172052383423,1.1587486267089844,1.1588828563690186
1788394500000,1.1588828563690186,1.1592857837677002,1.1588828563690186,1.1592857837677002
1788395400000,1.1592857837677002,1.1592857837677002,1.1590172052383423,1.159151554107666
1788396300000,1.1590172052383423,1.1594202518463135,1.1590172052383423,1.1592857837677002
1788397200000,1.1592857837677002,1.1592857837677002,1.1592857837677002,1.1592857837677002
1788398100000,1.1592857837677002,1.1594202518463135,1.159151554107666,1.1594202518463135
1788399000000,1.1594202518463135,1.15968918800354,1.1592857837677002,1.1592857837677002
1788399900000,1.1592857837677002,1.1592857837677002,1.1588828563690186,1.1588828563690186
1788400800000,1.1590172052383423,1.159151554107666,1.1588828563690186,1.1590172052383423
1788401700000,1.1590172052383423,1.1592857837677002,1.1588828563690186,1.1592857837677002
1788402600000,1.1592857837677002,1.1598236560821533,1.1592857837677002,1.1594202518463135
1788403500000,1.1594202518463135,1.15968918800354,1.1592857837677002,1.1594202518463135
1788404400000,1.1595547199249268,1.1599582433700562,1.1594202518463135,1.1598236560821533
1788405300000,1.1598236560821533,1.1599582433700562,1.1598236560821533,1.1599582433700562
1788406200000,1.1599582433700562,1.160092830657959,1.1598236560821533,1.160092830657959
1788407100000,1.1599582433700562,1.160092830657959,1.1599582433700562,1.1599582433700562
1788408000000,1.160092830657959,1.160092830657959,1.1599582433700562,1.160092830657959
1788408900000,1.160092830657959,1.160092830657959,1.1599582433700562,1.160092830657959
1788409800000,1.160092830657959,1.1603620052337646,1.160092830657959,1.1602274179458618
1788410700000,1.1602274179458618,1.1602274179458618,1.1598236560821533,1.1598236560821533
1788411600000,1.1599582433700562,1.1599582433700562,1.15968918800354,1.1598236560821533
1788412500000,1.1598236560821533,1.1602274179458618,1.1598236560821533,1.160092830657959
1788413400000,1.160092830657959,1.1602274179458618,1.160092830657959,1.1602274179458618
1788414300000,1.1602274179458618,1.1603620052337646,1.160092830657959,1.1603620052337646
1788415200000,1.1603620052337646,1.1603620052337646,1.1599582433700562,1.160092830657959
1788416100000,1.160092830657959,1.1603620052337646,1.160092830657959,1.1603620052337646
1788417000000,1.160496711730957,1.1610356569290161,1.160496711730957,1.1610356569290161
1788417900000,1.1610356569290161,1.161170482635498,1.1607661247253418,1.1607661247253418
1788418800000,1.1609008312225342,1.1617100238800049,1.1609008312225342,1.1610356569290161
1788419700000,1.1610356569290161,1.16130530834198,1.1609008312225342,1.1609008312225342
1788420600000,1.1609008312225342,1.1609008312225342,1.160496711730957,1.160496711730957
1788421500000,1.1607661247253418,1.1610356569290161,1.160496711730957,1.1607661247253418
1788422400000,1.1606314182281494,1.1610356569290161,1.1603620052337646,1.1603620052337646
1788423300000,1.1603620052337646,1.1607661247253418,1.1603620052337646,1.1607661247253418
1788424200000,1.1606314182281494,1.1610356569290161,1.1606314182281494,1.1610356569290161
1788425100000,1.1610356569290161,1.161440134048462,1.1610356569290161,1.16130530834198
1788426000000,1.161440134048462,1.161440134048462,1.1607661247253418,1.1607661247253418
1788426900000,1.1609008312225342,1.1609008312225342,1.1606314182281494,1.1606314182281494
1788427800000,1.1606314182281494,1.1607661247253418,1.160496711730957,1.1607661247253418
1788428700000,1.1607661247253418,1.1609008312225342,1.1607661247253418,1.1609008312225342
1788429600000,1.1609008312225342,1.1609008312225342,1.160496711730957,1.160496711730957
1788430500000,1.160496711730957,1.1606314182281494,1.1603620052337646,1.1603620052337646
1788431400000,1.160496711730957,1.160496711730957,1.160092830657959,1.1602274179458618
1788432300000,1.1602274179458618,1.1607661247253418,1.1602274179458618,1.1607661247253418
1788433200000,1.1606314182281494,1.161170482635498,1.160496711730957,1.161170482635498
1788434100000,1.161170482635498,1.1617100238800049,1.161170482635498,1.16130530834198
1788435000000,1.16130530834198,1.161440134048462,1.161170482635498,1.16130530834198
1788435900000,1.16130530834198,1.1617100238800049,1.16130530834198,1.1615750789642334
1788436800000,1.161440134048462,1.1619800329208374,1.161440134048462,1.1617100238800049
1788437700000,1.1617100238800049,1.1617100238800049,1.161170482635498,1.16130530834198
1788438600000,1.1621150970458984,1.1627906560897827,1.1619800329208374,1.16225004196167
1788439500000,1.1621150970458984,1.1633317470550537,1.1621150970458984,1.1629259586334229
1788440400000,1.1629259586334229,1.1631964445114136,1.1626555919647217,1.1629259586334229
1788441300000,1.1629259586334229,1.1629259586334229,1.1623852252960205,1.1626555919647217
1788442200000,1.162520408630371,1.1627906560897827,1.16225004196167,1.1626555919647217
1788443100000,1.1626555919647217,1.163061261177063,1.1621150970458984,1.163061261177063
1788444000000,1.1626555919647217,1.1629259586334229,1.1623852252960205,1.1629259586334229
1788444900000,1.1627906560897827,1.1627906560897827,1.1623852252960205,1.1626555919647217
1788445800000,1.1626555919647217,1.1626555919647217,1.1618449687957764,1.1618449687957764
1788446700000,1.1617100238800049,1.1623852252960205,1.1617100238800049,1.1621150970458984
1788447600000,1.16225004196167,1.1627906560897827,1.16225004196167,1.1627906560897827
1788448500000,1.1626555919647217,1.1627906560897827,1.162520408630371,1.1626555919647217
1788449400000,1.1629259586334229,1.163061261177063,1.16225004196167,1.1623852252960205
1788450300000,1.16225004196167,1.1626555919647217,1.1621150970458984,1.1626555919647217
1788451200000,1.1626555919647217,1.163061261177063,1.1626555919647217,1.163061261177063
1788452100000,1.163061261177063,1.163873314857483,1.163061261177063,1.163873314857483
1788453000000,1.1640088558197021,1.1640088558197021,1.1637378931045532,1.1640088558197021
1788453900000,1.1640088558197021,1.1644154787063599,1.1640088558197021,1.1641442775726318
1788454800000,1.1641442775726318,1.1641442775726318,1.163873314857483,1.1640088558197021
1788455700000,1.1641442775726318,1.1641442775726318,1.163873314857483,1.1640088558197021
1788456600000,1.1641442775726318,1.1641442775726318,1.1640088558197021,1.1640088558197021
1788457500000,1.1640088558197021,1.1640088558197021,1.163602590560913,1.163602590560913
1788458400000,1.1637378931045532,1.163873314857483,1.163602590560913,1.163873314857483
1788459300000,1.163873314857483,1.1640088558197021,1.1637378931045532,1.163873314857483
1788460200000,1.163873314857483,1.163873314857483,1.1637378931045532,1.1637378931045532
1788461100000,1.1637378931045532,1.163873314857483,1.163602590560913,1.1637378931045532
1788462000000,1.1637378931045532,1.1637378931045532,1.1633317470550537,1.1633317470550537
1788462900000,1.1633317470550537,1.1633317470550537,1.1629259586334229,1.1629259586334229
1788463800000,1.1629259586334229,1.163061261177063,1.1629259586334229,1.163061261177063
1788464700000,1.1631964445114136,1.1633317470550537,1.163061261177063,1.1633317470550537
1788465600000,1.1631964445114136,1.1633317470550537,1.163061261177063,1.163061261177063
1788466500000,1.163061261177063,1.163061261177063,1.1629259586334229,1.163061261177063
1788467400000,1.163061261177063,1.163061261177063,1.1629259586334229,1.163061261177063
1788468300000,1.163061261177063,1.163061261177063,1.1629259586334229,1.1629259586334229
1788469200000,1.162520408630371,1.1633317470550537,1.162520408630371,1.1633317470550537
1788470100000,1.1631964445114136,1.1631964445114136,1.1629259586334229,1.1629259586334229
1788471000000,1.163061261177063,1.163061261177063,1.1627906560897827,1.1627906560897827
1788471900000,1.1627906560897827,1.163061261177063,1.1627906560897827,1.163061261177063
1788472800000,1.163061261177063,1.163061261177063,1.1627906560897827,1.163061261177063
1788473700000,1.163061261177063,1.163061261177063,1.1629259586334229,1.1629259586334229
1788474600000,1.1629259586334229,1.163061261177063,1.1629259586334229,1.1629259586334229
1788475500000,1.1629259586334229,1.1629259586334229,1.1626555919647217,1.1626555919647217
1788476400000,1.1627906560897827,1.1627906560897827,1.1626555919647217,1.1627906560897827
1788477300000,1.1627906560897827,1.1629259586334229,1.1627906560897827,1.1629259586334229
1788478200000,1.1629259586334229,1.163061261177063,1.1629259586334229,1.1629259586334229
1788479100000,1.1629259586334229,1.1631964445114136,1.1629259586334229,1.1631964445114136
1788480000000,1.1631964445114136,1.1634671688079834,1.1631964445114136,1.1631964445114136
1788480900000,1.1631964445114136,1.1631964445114136,1.1629259586334229,1.1629259586334229
1788481800000,1.163061261177063,1.163061261177063,1.1629259586334229,1.163061261177063
1788482700000,1.1631964445114136,1.1634671688079834,1.1631964445114136,1.1631964445114136
1788483600000,1.1631964445114136,1.1633317470550537,1.163061261177063,1.163061261177063
1788484500000,1.1631964445114136,1.1634671688079834,1.1631964445114136,1.1631964445114136
1788485400000,1.1631964445114136,1.1633317470550537,1.1631964445114136,1.1633317470550537
1788486300000,1.1631964445114136,1.1633317470550537,1.1631964445114136,1.1633317470550537
1788487200000,1.1633317470550537,1.163602590560913,1.1633317470550537,1.1633317470550537
1788488100000,1.1633317470550537,1.1633317470550537,1.1629259586334229,1.163061261177063
1788489000000,1.163061261177063,1.1631964445114136,1.163061261177063,1.1631964445114136
1788489900000,1.1631964445114136,1.1633317470550537,1.163061261177063,1.163061261177063
1788490800000,1.163061261177063,1.1631964445114136,1.163061261177063,1.1631964445114136
1788491700000,1.1631964445114136,1.1631964445114136,1.163061261177063,1.163061261177063
1788492600000,1.1629259586334229,1.163061261177063,1.1626555919647217,1.1626555919647217
1788493500000,1.1627906560897827,1.1627906560897827,1.1626555919647217,1.1626555919647217
1788494400000,1.1626555919647217,1.163061261177063,1.1626555919647217,1.1629259586334229
1788495300000,1.1629259586334229,1.1629259586334229,1.1627906560897827,1.1629259586334229
1788496200000,1.1629259586334229,1.163061261177063,1.1627906560897827,1.163061261177063
1788497100000,1.163061261177063,1.163061261177063,1.1629259586334229,1.163061261177063
1788498000000,1.1629259586334229,1.163061261177063,1.1627906560897827,1.163061261177063
1788498900000,1.163061261177063,1.163061261177063,1.163061261177063,1.163061261177063
1788499800000,1.163061261177063,1.1631964445114136,1.1629259586334229,1.1629259586334229
1788500700000,1.1629259586334229,1.1631964445114136,1.1629259586334229,1.1631964445114136
1788501600000,1.163061261177063,1.1633317470550537,1.163061261177063,1.1633317470550537
1788502500000,1.1633317470550537,1.1633317470550537,1.1631964445114136,1.1631964445114136
1788503400000,1.163061261177063,1.1633317470550537,1.163061261177063,1.1631964445114136
1788504300000,1.163061261177063,1.1631964445114136,1.163061261177063,1.163061261177063
1788505200000,1.1631964445114136,1.1633317470550537,1.1629259586334229,1.1629259586334229
1788506100000,1.1629259586334229,1.1631964445114136,1.1629259586334229,1.1631964445114136
1788507000000,1.1631964445114136,1.1631964445114136,1.1629259586334229,1.1631964445114136
1788507900000,1.1631964445114136,1.1631964445114136,1.162520408630371,1.1626555919647217
1788508800000,1.1626555919647217,1.1626555919647217,1.16225004196167,1.16225004196167
1788509700000,1.16225004196167,1.1626555919647217,1.16225004196167,1.1626555919647217
1788510600000,1.162520408630371,1.1626555919647217,1.162520408630371,1.1626555919647217
1788511500000,1.1627906560897827,1.1629259586334229,1.1626555919647217,1.1627906560897827
1788512400000,1.1626555919647217,1.1627906560897827,1.162520408630371,1.162520408630371
1788513300000,1.1626555919647217,1.1626555919647217,1.162520408630371,1.162520408630371
1788514200000,1.162520408630371,1.162520408630371,1.16225004196167,1.1623852252960205
1788515100000,1.1623852252960205,1.1623852252960205,1.1619800329208374,1.1621150970458984
1788516000000,1.1621150970458984,1.16225004196167,1.1621150970458984,1.16225004196167
1788516900000,1.16225004196167,1.1623852252960205,1.1621150970458984,1.1621150970458984
1788517800000,1.1621150970458984,1.1623852252960205,1.1621150970458984,1.1623852252960205
1788518700000,1.162520408630371,1.1626555919647217,1.1623852252960205,1.1623852252960205
1788519600000,1.162520408630371,1.162520408630371,1.1623852252960205,1.162520408630371
1788520500000,1.162520408630371,1.1626555919647217,1.162520408630371,1.162520408630371
1788521400000,1.1623852252960205,1.162520408630371,1.1623852252960205,1.1623852252960205
1788522300000,1.1626555919647217,1.1626555919647217,1.1623852252960205,1.1623852252960205
1788523200000,1.162520408630371,1.1627906560897827,1.1623852252960205,1.162520408630371
1788524100000,1.1626555919647217,1.163061261177063,1.1626555919647217,1.163061261177063
1788525000000,1.1594202518463135,1.1603620052337646,1.159151554107666,1.1603620052337646
1788525900000,1.160092830657959,1.160496711730957,1.1594202518463135,1.160496711730957
1788526800000,1.1602274179458618,1.160496711730957,1.160092830657959,1.1603620052337646
1788527700000,1.1607661247253418,1.1618449687957764,1.1607661247253418,1.1618449687957764
1788528600000,1.1619800329208374,1.1619800329208374,1.161440134048462,1.1617100238800049
1788529500000,1.1619800329208374,1.162520408630371,1.16130530834198,1.161440134048462
1788530400000,1.16130530834198,1.1618449687957764,1.16130530834198,1.1617100238800049
1788531300000,1.1615750789642334,1.1619800329208374,1.1615750789642334,1.1619800329208374
1788532200000,1.1618449687957764,1.1623852252960205,1.1618449687957764,1.1623852252960205
1788533100000,1.1623852252960205,1.1623852252960205,1.1617100238800049,1.1619800329208374
1788534000000,1.1618449687957764,1.162520408630371,1.1617100238800049,1.162520408630371
1788534900000,1.1623852252960205,1.162520408630371,1.16225004196167,1.16225004196167
1788535800000,1.1623852252960205,1.162520408630371,1.16225004196167,1.1623852252960205
1788536700000,1.1623852252960205,1.1626555919647217,1.1621150970458984,1.1621150970458984
1788537600000,1.16225004196167,1.162520408630371,1.16225004196167,1.162520408630371
1788538500000,1.162520408630371,1.1627906560897827,1.162520408630371,1.162520408630371
1788539400000,1.162520408630371,1.1626555919647217,1.1623852252960205,1.162520408630371
1788540300000,1.162520408630371,1.1626555919647217,1.16225004196167,1.16225004196167
1788541200000,1.16225004196167,1.16225004196167,1.1618449687957764,1.1619800329208374
1788542100000,1.1619800329208374,1.1621150970458984,1.1617100238800049,1.1617100238800049
1788543000000,1.1618449687957764,1.1618449687957764,1.1615750789642334,1.1617100238800049
1788543900000,1.1615750789642334,1.1617100238800049,1.1615750789642334,1.1615750789642334
1788544800000,1.1617100238800049,1.1617100238800049,1.161440134048462,1.161440134048462
1788545700000,1.161440134048462,1.1615750789642334,1.161440134048462,1.161440134048462
1788546600000,1.1615750789642334,1.1615750789642334,1.16130530834198,1.16130530834198
1788547500000,1.16130530834198,1.161440134048462,1.16130530834198,1.161440134048462
1788548400000,1.161440134048462,1.1615750789642334,1.161440134048462,1.1615750789642334
1788549300000,1.1615750789642334,1.1618449687957764,1.1615750789642334,1.1618449687957764
1788550200000,1.1618449687957764,1.1618449687957764,1.1617100238800049,1.1618449687957764
1788551100000,1.1618449687957764,1.1618449687957764,1.1617100238800049,1.1617100238800049
1788552000000,1.1617100238800049,1.1618449687957764,1.1615750789642334,1.1615750789642334
1788552900000,1.1615750789642334,1.1617100238800049,1.1615750789642334,1.1617100238800049
1788553800000,1.1617100238800049,1.1617100238800049,1.1615750789642334,1.1615750789642334
1788554700000,1.1615750789642334,1.1617100238800049,1.1615750789642334,1.1617100238800049
1788555600000,1.1621150970458984,1.1621150970458984,1.1621150970458984,1.1621150970458984
1788556500000,1.1621150970458984,1.1621150970458984,1.1621150970458984,1.1621150970458984
1788735600000,1.1617100238800049,1.1618449687957764,1.1617100238800049,1.1618449687957764
1788736500000,1.1618449687957764,1.1618449687957764,1.1618449687957764,1.1618449687957764
1788737400000,1.1618449687957764,1.1619800329208374,1.1618449687957764,1.1618449687957764
1788738300000,1.1619800329208374,1.1619800329208374,1.1617100238800049,1.1617100238800049
1788739200000,1.1617100238800049,1.1618449687957764,1.1617100238800049,1.1618449687957764
1788740100000,1.1618449687957764,1.1621150970458984,1.1618449687957764,1.1621150970458984
1788741000000,1.1621150970458984,1.16225004196167,1.1621150970458984,1.16225004196167
1788741900000,1.16225004196167,1.1623852252960205,1.1621150970458984,1.1621150970458984
1788742800000,1.1621150970458984,1.1621150970458984,1.1618449687957764,1.1621150970458984
1788743700000,1.1618449687957764,1.1619800329208374,1.1617100238800049,1.1619800329208374
1788744600000,1.1619800329208374,1.1619800329208374,1.1617100238800049,1.1617100238800049
1788745500000,1.1617100238800049,1.1619800329208374,1.1617100238800049,1.1617100238800049
1788746400000,1.1617100238800049,1.1617100238800049,1.16130530834198,1.16130530834198
1788747300000,1.16130530834198,1.161440134048462,1.16130530834198,1.161440134048462
1788748200000,1.161440134048462,1.1615750789642334,1.16130530834198,1.16130530834198
1788749100000,1.16130530834198,1.16130530834198,1.161170482635498,1.16130530834198
1788750000000,1.161170482635498,1.16130530834198,1.161170482635498,1.16130530834198
1788750900000,1.16130530834198,1.1615750789642334,1.16130530834198,1.1615750789642334
1788751800000,1.1615750789642334,1.1615750789642334,1.16130530834198,1.16130530834198
1788752700000,1.16130530834198,1.161440134048462,1.16130530834198,1.161440134048462
1788753600000,1.161440134048462,1.161440134048462,1.16130530834198,1.161440134048462
1788754500000,1.161440134048462,1.161440134048462,1.16130530834198,1.16130530834198
1788755400000,1.16130530834198,1.161440134048462,1.161170482635498,1.16130530834198
1788756300000,1.16130530834198,1.1615750789642334,1.16130530834198,1.1615750789642334
1788757200000,1.161440134048462,1.1615750789642334,1.16130530834198,1.161440134048462
1788758100000,1.16130530834198,1.161440134048462,1.16130530834198,1.161440134048462
1788759000000,1.161440134048462,1.161440134048462,1.16130530834198,1.161440134048462
1788759900000,1.161440134048462,1.1617100238800049,1.161440134048462,1.1617100238800049
1788760800000,1.1615750789642334,1.1615750789642334,1.161440134048462,1.1615750789642334
1788761700000,1.161440134048462,1.1619800329208374,1.161440134048462,1.1619800329208374
1788762600000,1.1619800329208374,1.16225004196167,1.1619800329208374,1.1621150970458984
1788763500000,1.1621150970458984,1.1621150970458984,1.1618449687957764,1.1618449687957764
1788764400000,1.1618449687957764,1.1618449687957764,1.161440134048462,1.1615750789642334
1788765300000,1.1617100238800049,1.1619800329208374,1.1617100238800049,1.1619800329208374
1788766200000,1.1621150970458984,1.16225004196167,1.1617100238800049,1.1619800329208374
1788767100000,1.1619800329208374,1.1626555919647217,1.1619800329208374,1.1626555919647217
1788768000000,1.1627906560897827,1.1634671688079834,1.162520408630371,1.1634671688079834
1788768900000,1.1634671688079834,1.163873314857483,1.1633317470550537,1.163602590560913
1788769800000,1.1637378931045532,1.1637378931045532,1.1629259586334229,1.163061261177063
1788770700000,1.1629259586334229,1.1629259586334229,1.162520408630371,1.162520408630371
1788771600000,1.162520408630371,1.1626555919647217,1.1623852252960205,1.162520408630371
1788772500000,1.162520408630371,1.1627906560897827,1.1623852252960205,1.1627906560897827
1788773400000,1.1626555919647217,1.1629259586334229,1.1623852252960205,1.162520408630371
1788774300000,1.1626555919647217,1.1626555919647217,1.1623852252960205,1.1623852252960205
1788775200000,1.1623852252960205,1.1626555919647217,1.1623852252960205,1.1626555919647217
1788776100000,1.162520408630371,1.1627906560897827,1.162520408630371,1.1626555919647217
1788777000000,1.1627906560897827,1.1627906560897827,1.1626555919647217,1.1627906560897827
1788777900000,1.1629259586334229,1.1629259586334229,1.1627906560897827,1.1627906560897827
1788778800000,1.1627906560897827,1.1629259586334229,1.162520408630371,1.1626555919647217
1788779700000,1.1626555919647217,1.1627906560897827,1.1626555919647217,1.1627906560897827
1788780600000,1.1627906560897827,1.1627906560897827,1.162520408630371,1.1626555919647217
1788781500000,1.1626555919647217,1.1627906560897827,1.1626555919647217,1.1626555919647217
1788782400000,1.1627906560897827,1.1627906560897827,1.162520408630371,1.1626555919647217
1788783300000,1.162520408630371,1.163061261177063,1.1623852252960205,1.163061261177063
1788784200000,1.1629259586334229,1.1631964445114136,1.1629259586334229,1.163061261177063
1788785100000,1.163061261177063,1.1631964445114136,1.1627906560897827,1.1629259586334229
1788786000000,1.1629259586334229,1.1629259586334229,1.1627906560897827,1.1629259586334229
1788786900000,1.1629259586334229,1.163061261177063,1.1627906560897827,1.1627906560897827
1788787800000,1.1627906560897827,1.163061261177063,1.1627906560897827,1.1629259586334229
1788788700000,1.163061261177063,1.1633317470550537,1.163061261177063,1.1631964445114136
1788789600000,1.1631964445114136,1.1634671688079834,1.1631964445114136,1.1634671688079834
1788790500000,1.1634671688079834,1.163602590560913,1.1633317470550537,1.1633317470550537
1788791400000,1.1633317470550537,1.1633317470550537,1.1633317470550537,1.1633317470550537
1788792300000,1.1633317470550537,1.1634671688079834,1.163061261177063,1.1634671688079834
1788793200000,1.1634671688079834,1.1634671688079834,1.163061261177063,1.163061261177063
1788794100000,1.163061261177063,1.1633317470550537,1.163061261177063,1.1633317470550537
1788795000000,1.1634671688079834,1.1634671688079834,1.1631964445114136,1.1631964445114136
1788795900000,1.1631964445114136,1.1631964445114136,1.163061261177063,1.163061261177063
1788796800000,1.163061261177063,1.163061261177063,1.1629259586334229,1.163061261177063
1788797700000,1.163061261177063,1.163061261177063,1.1629259586334229,1.163061261177063
1788798600000,1.1631964445114136,1.1633317470550537,1.163061261177063,1.1633317470550537
1788799500000,1.1633317470550537,1.1633317470550537,1.1631964445114136,1.1631964445114136
1788800400000,1.1631964445114136,1.1631964445114136,1.1629259586334229,1.163061261177063
1788801300000,1.163061261177063,1.163061261177063,1.1629259586334229,1.1629259586334229
1788802200000,1.1629259586334229,1.1629259586334229,1.1627906560897827,1.1627906560897827
1788803100000,1.1627906560897827,1.1629259586334229,1.1627906560897827,1.1629259586334229
1788804000000,1.1629259586334229,1.1629259586334229,1.1627906560897827,1.1627906560897827
1788804900000,1.1627906560897827,1.1627906560897827,1.1626555919647217,1.1626555919647217
1788805800000,1.1626555919647217,1.1627906560897827,1.1626555919647217,1.1627906560897827
1788806700000,1.1627906560897827,1.1627906560897827,1.1626555919647217,1.1626555919647217
1788807600000,1.1626555919647217,1.1626555919647217,1.1626555919647217,1.1626555919647217
1788808500000,1.1626555919647217,1.1626555919647217,1.1626555919647217,1.1626555919647217
1788809400000,1.162520408630371,1.162520408630371,1.162520408630371,1.162520408630371
1788810300000,1.162520408630371,1.162520408630371,1.162520408630371,1.162520408630371
1788811200000,1.162520408630371,1.162520408630371,1.162520408630371,1.162520408630371
1788812100000,1.162520408630371,1.1626555919647217,1.162520408630371,1.162520408630371
1788813000000,1.162520408630371,1.1626555919647217,1.162520408630371,1.1626555919647217
1788813900000,1.1626555919647217,1.1626555919647217,1.162520408630371,1.1626555919647217
1788814800000,1.1629259586334229,1.1629259586334229,1.1623852252960205,1.162520408630371
1788815700000,1.162520408630371,1.1629259586334229,1.162520408630371,1.1629259586334229
1788816600000,1.1627906560897827,1.1629259586334229,1.1623852252960205,1.162520408630371
1788817500000,1.1626555919647217,1.1627906560897827,1.162520408630371,1.1626555919647217
1788818400000,1.1627906560897827,1.1627906560897827,1.1626555919647217,1.1627906560897827
1788819300000,1.1627906560897827,1.1629259586334229,1.1627906560897827,1.1629259586334229
1788820200000,1.1629259586334229,1.1629259586334229,1.1627906560897827,1.1627906560897827
1788821100000,1.1627906560897827,1.1629259586334229,1.1627906560897827,1.1629259586334229
1788822000000,1.1629259586334229,1.163061261177063,1.1629259586334229,1.163061261177063
1788822900000,1.163061261177063,1.1633317470550537,1.163061261177063,1.163061261177063
1788823800000,1.1631964445114136,1.1631964445114136,1.163061261177063,1.1631964445114136
1788824700000,1.1633317470550537,1.1633317470550537,1.1629259586334229,1.163061261177063
1788825600000,1.163061261177063,1.1634671688079834,1.1629259586334229,1.1629259586334229
1788826500000,1.1627906560897827,1.163061261177063,1.1627906560897827,1.163061261177063
1788827400000,1.163061261177063,1.1631964445114136,1.1629259586334229,1.1629259586334229
1788828300000,1.1629259586334229,1.163061261177063,1.1629259586334229,1.1629259586334229
1788829200000,1.163061261177063,1.1631964445114136,1.1629259586334229,1.163061261177063
1788830100000,1.1631964445114136,1.163602590560913,1.1631964445114136,1.1634671688079834
1788831000000,1.1634671688079834,1.163602590560913,1.1633317470550537,1.1634671688079834
1788831900000,1.1634671688079834,1.163602590560913,1.1633317470550537,1.163602590560913
1788832800000,1.1637378931045532,1.1637378931045532,1.1633317470550537,1.1633317470550537
1788833700000,1.1634671688079834,1.163602590560913,1.1631964445114136,1.1631964445114136
1788834600000,1.1631964445114136,1.1631964445114136,1.1627906560897827,1.1629259586334229
1788835500000,1.1629259586334229,1.1629259586334229,1.1627906560897827,1.1627906560897827
1788836400000,1.1626555919647217,1.1629259586334229,1.1626555919647217,1.1627906560897827
1788837300000,1.1627906560897827,1.1629259586334229,1.1627906560897827,1.1629259586334229
1788838200000,1.1629259586334229,1.1629259586334229,1.1627906560897827,1.1629259586334229
1788839100000,1.1629259586334229,1.163061261177063,1.1627906560897827,1.1627906560897827
1788840000000,1.1629259586334229,1.1629259586334229,1.1627906560897827,1.1627906560897827
1788840900000,1.1627906560897827,1.1627906560897827,1.1626555919647217,1.1626555919647217
1788841800000,1.1626555919647217,1.1627906560897827,1.1626555919647217,1.1627906560897827
1788842700000,1.1627906560897827,1.1627906560897827,1.1626555919647217,1.1627906560897827
1788843600000,1.1627906560897827,1.1629259586334229,1.1627906560897827,1.1629259586334229
1788844500000,1.1629259586334229,1.1629259586334229,1.1626555919647217,1.1627906560897827
1788845400000,1.1626555919647217,1.163061261177063,1.1626555919647217,1.163061261177063
1788846300000,1.163061261177063,1.1634671688079834,1.163061261177063,1.1634671688079834
1788847200000,1.1634671688079834,1.163873314857483,1.1633317470550537,1.1633317470550537
1788848100000,1.1633317470550537,1.1633317470550537,1.1626555919647217,1.1629259586334229
1788849000000,1.1627906560897827,1.1629259586334229,1.162520408630371,1.1629259586334229
1788849900000,1.1627906560897827,1.1627906560897827,1.1623852252960205,1.162520408630371
1788850800000,1.1623852252960205,1.1626555919647217,1.1621150970458984,1.16225004196167
1788851700000,1.16225004196167,1.16225004196167,1.1617100238800049,1.1618449687957764
1788852600000,1.1618449687957764,1.1619800329208374,1.16130530834198,1.161440134048462
1788853500000,1.1615750789642334,1.1617100238800049,1.16130530834198,1.1615750789642334
1788854400000,1.1615750789642334,1.1618449687957764,1.161440134048462,1.161440134048462
1788855300000,1.16130530834198,1.1618449687957764,1.161170482635498,1.1617100238800049
1788856200000,1.1618449687957764,1.1618449687957764,1.1615750789642334,1.1617100238800049
1788857100000,1.161440134048462,1.1617100238800049,1.16130530834198,1.16130530834198
1788858000000,1.16130530834198,1.1617100238800049,1.16130530834198,1.1615750789642334
1788858900000,1.161440134048462,1.1615750789642334,1.161440134048462,1.161440134048462
1788859800000,1.161440134048462,1.1619800329208374,1.161440134048462,1.1617100238800049
1788860700000,1.1617100238800049,1.1618449687957764,1.1615750789642334,1.1617100238800049
1788861600000,1.1617100238800049,1.1617100238800049,1.161440134048462,1.1617100238800049
1788862500000,1.1617100238800049,1.1618449687957764,1.161440134048462,1.161440134048462
1788863400000,1.161440134048462,1.161440134048462,1.16130530834198,1.16130530834198
1788864300000,1.16130530834198,1.1617100238800049,1.16130530834198,1.1617100238800049
1788865200000,1.1615750789642334,1.1617100238800049,1.16130530834198,1.161440134048462
1788866100000,1.161440134048462,1.1619800329208374,1.161440134048462,1.1618449687957764
1788867000000,1.1618449687957764,1.16225004196167,1.1617100238800049,1.1617100238800049
1788867900000,1.1615750789642334,1.1617100238800049,1.161170482635498,1.1615750789642334
1788868800000,1.1615750789642334,1.1618449687957764,1.1615750789642334,1.1615750789642334
1788869700000,1.161440134048462,1.1619800329208374,1.161440134048462,1.1619800329208374
1788870600000,1.1619800329208374,1.1621150970458984,1.1618449687957764,1.1618449687957764
1788871500000,1.1618449687957764,1.16225004196167,1.1618449687957764,1.16225004196167
1788872400000,1.1623852252960205,1.1627906560897827,1.1623852252960205,1.1626555919647217
1788873300000,1.1626555919647217,1.163061261177063,1.1626555919647217,1.1626555919647217
1788874200000,1.162520408630371,1.1627906560897827,1.16225004196167,1.162520408630371
1788875100000,1.162520408630371,1.1626555919647217,1.1623852252960205,1.162520408630371
1788876000000,1.1626555919647217,1.1627906560897827,1.16225004196167,1.16225004196167
1788876900000,1.16225004196167,1.163061261177063,1.16225004196167,1.1629259586334229
1788877800000,1.1629259586334229,1.1634671688079834,1.1629259586334229,1.1634671688079834
1788878700000,1.1634671688079834,1.1634671688079834,1.163061261177063,1.1633317470550537
1788879600000,1.1634671688079834,1.163602590560913,1.1633317470550537,1.1634671688079834
1788880500000,1.163602590560913,1.163602590560913,1.1631964445114136,1.1633317470550537
1788881400000,1.1633317470550537,1.1634671688079834,1.163061261177063,1.1631964445114136
1788882300000,1.163061261177063,1.1631964445114136,1.163061261177063,1.163061261177063
1788883200000,1.1629259586334229,1.1629259586334229,1.162520408630371,1.1626555919647217
1788884100000,1.1626555919647217,1.1626555919647217,1.1623852252960205,1.1626555919647217
1788885000000,1.1626555919647217,1.1627906560897827,1.1623852252960205,1.162520408630371
1788885900000,1.162520408630371,1.1627906560897827,1.1623852252960205,1.1626555919647217
1788886800000,1.1627906560897827,1.163061261177063,1.1627906560897827,1.1629259586334229
1788887700000,1.1629259586334229,1.163061261177063,1.1629259586334229,1.1629259586334229
1788888600000,1.1629259586334229,1.1629259586334229,1.1627906560897827,1.1627906560897827
1788889500000,1.1629259586334229,1.1629259586334229,1.1627906560897827,1.1629259586334229
1788890400000,1.1629259586334229,1.163061261177063,1.1629259586334229,1.1629259586334229
1788891300000,1.1629259586334229,1.1631964445114136,1.1627906560897827,1.163061261177063
1788892200000,1.163061261177063,1.1634671688079834,1.163061261177063,1.1634671688079834
1788893100000,1.1633317470550537,1.1634671688079834,1.1626555919647217,1.1629259586334229
1788894000000,1.1631964445114136,1.1633317470550537,1.1629259586334229,1.1629259586334229
1788894900000,1.163061261177063,1.163061261177063,1.1629259586334229,1.1629259586334229
1788895800000,1.1629259586334229,1.163061261177063,1.1629259586334229,1.163061261177063
1788896700000,1.1629259586334229,1.1629259586334229,1.1626555919647217,1.1626555919647217
1788897600000,1.1626555919647217,1.1627906560897827,1.1626555919647217,1.1626555919647217
1788898500000,1.1626555919647217,1.1627906560897827,1.1626555919647217,1.1626555919647217
1788899400000,1.162520408630371,1.1627906560897827,1.162520408630371,1.1626555919647217
1788900300000,1.1626555919647217,1.1626555919647217,1.162520408630371,1.1626555919647217
1788901200000,1.1631964445114136,1.1631964445114136,1.162520408630371,1.1626555919647217
1788902100000,1.1627906560897827,1.163061261177063,1.162520408630371,1.1627906560897827
1788903000000,1.1627906560897827,1.1629259586334229,1.1626555919647217,1.1629259586334229
1788903900000,1.1629259586334229,1.163061261177063,1.1627906560897827,1.163061261177063
1788904800000,1.1627906560897827,1.1629259586334229,1.1627906560897827,1.1629259586334229
1788905700000,1.1629259586334229,1.163061261177063,1.1629259586334229,1.163061261177063
1788906600000,1.163061261177063,1.163061261177063,1.1629259586334229,1.1629259586334229
1788907500000,1.1629259586334229,1.1629259586334229,1.1629259586334229,1.1629259586334229
1788908400000,1.1629259586334229,1.1629259586334229,1.1629259586334229,1.1629259586334229
1788909300000,1.1629259586334229,1.163061261177063,1.1629259586334229,1.163061261177063
1788910200000,1.163061261177063,1.1631964445114136,1.1629259586334229,1.1631964445114136
1788911100000,1.1631964445114136,1.1631964445114136,1.163061261177063,1.163061261177063
1788912000000,1.1631964445114136,1.1634671688079834,1.1631964445114136,1.1634671688079834
1788912900000,1.1633317470550537,1.1634671688079834,1.1633317470550537,1.1634671688079834
1788913800000,1.1634671688079834,1.1634671688079834,1.1633317470550537,1.1634671688079834
1788914700000,1.1633317470550537,1.1634671688079834,1.1633317470550537,1.1634671688079834
1788915600000,1.1634671688079834,1.1634671688079834,1.1631964445114136,1.1634671688079834
1788916500000,1.1634671688079834,1.163602590560913,1.163061261177063,1.1631964445114136
1788917400000,1.163061261177063,1.1633317470550537,1.163061261177063,1.1633317470550537
1788918300000,1.1633317470550537,1.1634671688079834,1.1633317470550537,1.1634671688079834
1788919200000,1.1634671688079834,1.1634671688079834,1.1631964445114136,1.1633317470550537
1788920100000,1.1633317470550537,1.1633317470550537,1.1631964445114136,1.1631964445114136
1788921000000,1.1631964445114136,1.1633317470550537,1.1631964445114136,1.1631964445114136
1788921900000,1.1633317470550537,1.1634671688079834,1.1633317470550537,1.1634671688079834
1788922800000,1.1634671688079834,1.1634671688079834,1.1633317470550537,1.1634671688079834
1788923700000,1.1634671688079834,1.1634671688079834,1.1633317470550537,1.1633317470550537
1788924600000,1.1633317470550537,1.1634671688079834,1.1633317470550537,1.1634671688079834
1788925500000,1.1634671688079834,1.163602590560913,1.1633317470550537,1.1633317470550537
1788926400000,1.1633317470550537,1.1634671688079834,1.1633317470550537,1.1634671688079834
1788927300000,1.1634671688079834,1.163602590560913,1.1633317470550537,1.163602590560913
1788928200000,1.163602590560913,1.163602590560913,1.1634671688079834,1.1634671688079834
1788929100000,1.1634671688079834,1.163602590560913,1.1634671688079834,1.163602590560913
1788930000000,1.163602590560913,1.163873314857483,1.163602590560913,1.1637378931045532
1788930900000,1.1637378931045532,1.1640088558197021,1.1637378931045532,1.1640088558197021
1788931800000,1.163873314857483,1.163873314857483,1.1637378931045532,1.1637378931045532
1788932700000,1.163602590560913,1.163873314857483,1.163602590560913,1.163873314857483
1788933600000,1.163873314857483,1.1644154787063599,1.163873314857483,1.1644154787063599
1788934500000,1.1645511388778687,1.1648223400115967,1.1644154787063599,1.1644154787063599
1788935400000,1.1644154787063599,1.1645511388778687,1.1641442775726318,1.1641442775726318
1788936300000,1.1641442775726318,1.1642799377441406,1.1641442775726318,1.1642799377441406
1788937200000,1.1642799377441406,1.1648223400115967,1.1642799377441406,1.1648223400115967
1788938100000,1.1648223400115967,1.164958119392395,1.1641442775726318,1.1642799377441406
1788939000000,1.1642799377441406,1.164686679840088,1.1641442775726318,1.164686679840088
1788939900000,1.1648223400115967,1.1652295589447021,1.1645511388778687,1.1645511388778687
1788940800000,1.1645511388778687,1.1645511388778687,1.1640088558197021,1.1642799377441406
1788941700000,1.1642799377441406,1.1642799377441406,1.1640088558197021,1.1640088558197021
1788942600000,1.1640088558197021,1.1640088558197021,1.1637378931045532,1.1637378931045532
1788943500000,1.163873314857483,1.1640088558197021,1.163602590560913,1.163602590560913
1788944400000,1.163602590560913,1.1637378931045532,1.1634671688079834,1.1634671688079834
1788945300000,1.163602590560913,1.1637378931045532,1.163602590560913,1.163602590560913
1788946200000,1.1637378931045532,1.1637378931045532,1.1634671688079834,1.1634671688079834
1788947100000,1.1633317470550537,1.1633317470550537,1.1626555919647217,1.1626555919647217
1788948000000,1.1627906560897827,1.163061261177063,1.162520408630371,1.1627906560897827
1788948900000,1.1627906560897827,1.163061261177063,1.1627906560897827,1.1629259586334229
1788949800000,1.163061261177063,1.1634671688079834,1.163061261177063,1.163061261177063
1788950700000,1.1631964445114136,1.163602590560913,1.1631964445114136,1.1633317470550537
1788951600000,1.1633317470550537,1.163602590560913,1.1633317470550537,1.163602590560913
1788952500000,1.163602590560913,1.164958119392395,1.163602590560913,1.164958119392395
1788953400000,1.164958119392395,1.1650937795639038,1.164686679840088,1.164958119392395
1788954300000,1.1648223400115967,1.1650937795639038,1.164686679840088,1.164958119392395
1788955200000,1.1650937795639038,1.1656370162963867,1.1650937795639038,1.1656370162963867
1788956100000,1.1655012369155884,1.1655012369155884,1.164958119392395,1.1650937795639038
1788957000000,1.1650937795639038,1.1650937795639038,1.164958119392395,1.1650937795639038
1788957900000,1.1650937795639038,1.1650937795639038,1.164686679840088,1.164958119392395
1788958800000,1.164958119392395,1.1652295589447021,1.164958119392395,1.1650937795639038
1788959700000,1.164958119392395,1.1650937795639038,1.1648223400115967,1.1650937795639038
1788960600000,1.1650937795639038,1.1652295589447021,1.1648223400115967,1.1652295589447021
1788961500000,1.1652295589447021,1.1653653383255005,1.164958119392395,1.164958119392395
1788962400000,1.1650937795639038,1.1655012369155884,1.1650937795639038,1.1655012369155884
1788963300000,1.1656370162963867,1.1656370162963867,1.1648223400115967,1.1650937795639038
1788964200000,1.164958119392395,1.1650937795639038,1.1648223400115967,1.164958119392395
1788965100000,1.1648223400115967,1.1650937795639038,1.1648223400115967,1.1650937795639038
1788966000000,1.1650937795639038,1.1650937795639038,1.1626555919647217,1.1626555919647217
1788966900000,1.1626555919647217,1.1627906560897827,1.1623852252960205,1.1627906560897827
1788967800000,1.1627906560897827,1.163602590560913,1.1627906560897827,1.163602590560913
1788968700000,1.1634671688079834,1.1634671688079834,1.1629259586334229,1.163061261177063
1788969600000,1.163061261177063,1.163602590560913,1.163061261177063,1.1633317470550537
1788970500000,1.1631964445114136,1.1633317470550537,1.163061261177063,1.1631964445114136
1788971400000,1.1633317470550537,1.163873314857483,1.1633317470550537,1.163873314857483
1788972300000,1.163873314857483,1.1642799377441406,1.163873314857483,1.163873314857483
1788973200000,1.163873314857483,1.1642799377441406,1.163873314857483,1.1642799377441406
1788974100000,1.1641442775726318,1.1644154787063599,1.1641442775726318,1.1644154787063599
1788975000000,1.1644154787063599,1.1644154787063599,1.1640088558197021,1.1642799377441406
1788975900000,1.1642799377441406,1.1642799377441406,1.1641442775726318,1.1641442775726318
1788976800000,1.1642799377441406,1.1642799377441406,1.1641442775726318,1.1642799377441406
1788977700000,1.1641442775726318,1.1641442775726318,1.163873314857483,1.163873314857483
1788978600000,1.163873314857483,1.163873314857483,1.1634671688079834,1.1634671688079834
1788979500000,1.1634671688079834,1.1634671688079834,1.1631964445114136,1.1631964445114136
1788980400000,1.1633317470550537,1.1633317470550537,1.1629259586334229,1.163061261177063
1788981300000,1.163061261177063,1.1631964445114136,1.1629259586334229,1.163061261177063
1788982200000,1.163061261177063,1.1633317470550537,1.163061261177063,1.1633317470550537
1788983100000,1.1634671688079834,1.1634671688079834,1.1633317470550537,1.1634671688079834
1788984000000,1.1633317470550537,1.1633317470550537,1.1631964445114136,1.1633317470550537
1788984900000,1.1631964445114136,1.1633317470550537,1.1631964445114136,1.1633317470550537
1788985800000,1.1633317470550537,1.1634671688079834,1.1633317470550537,1.1634671688079834
1788986700000,1.1634671688079834,1.163602590560913,1.1634671688079834,1.163602590560913
1788987600000,1.1626555919647217,1.1640088558197021,1.162520408630371,1.1640088558197021
1788988500000,1.163873314857483,1.1640088558197021,1.1634671688079834,1.163873314857483
1788989400000,1.1641442775726318,1.1641442775726318,1.1637378931045532,1.1641442775726318
1788990300000,1.1640088558197021,1.1640088558197021,1.163873314857483,1.163873314857483
1788991200000,1.1640088558197021,1.1640088558197021,1.1637378931045532,1.163873314857483
1788992100000,1.163873314857483,1.1641442775726318,1.163873314857483,1.1641442775726318
1788993000000,1.1641442775726318,1.1641442775726318,1.1640088558197021,1.1641442775726318
1788993900000,1.1640088558197021,1.1641442775726318,1.1640088558197021,1.1641442775726318
1788994800000,1.1641442775726318,1.1641442775726318,1.1640088558197021,1.1641442775726318
1788995700000,1.1641442775726318,1.1641442775726318,1.1640088558197021,1.1640088558197021
1788996600000,1.1640088558197021,1.1640088558197021,1.163873314857483,1.163873314857483
1788997500000,1.1640088558197021,1.1640088558197021,1.1637378931045532,1.1637378931045532
1788998400000,1.163602590560913,1.1637378931045532,1.1634671688079834,1.1637378931045532
1788999300000,1.1637378931045532,1.1637378931045532,1.1634671688079834,1.1634671688079834
1789000200000,1.1634671688079834,1.163602590560913,1.1633317470550537,1.1634671688079834
1789001100000,1.1634671688079834,1.1637378931045532,1.1634671688079834,1.1634671688079834
1789002000000,1.163602590560913,1.163873314857483,1.1634671688079834,1.163873314857483
1789002900000,1.163873314857483,1.163873314857483,1.163602590560913,1.163602590560913
1789003800000,1.163602590560913,1.1637378931045532,1.163602590560913,1.163602590560913
1789004700000,1.1637378931045532,1.1642799377441406,1.1637378931045532,1.1642799377441406
1789005600000,1.1642799377441406,1.1644154787063599,1.1641442775726318,1.1641442775726318
1789006500000,1.1641442775726318,1.1641442775726318,1.1640088558197021,1.1640088558197021
1789007400000,1.163873314857483,1.1641442775726318,1.1637378931045532,1.1640088558197021
1789008300000,1.1640088558197021,1.1642799377441406,1.163873314857483,1.1642799377441406
1789009200000,1.1642799377441406,1.1642799377441406,1.1640088558197021,1.1640088558197021
1789010100000,1.1640088558197021,1.1641442775726318,1.1640088558197021,1.1640088558197021
1789011000000,1.1640088558197021,1.1641442775726318,1.1640088558197021,1.1640088558197021
1789011900000,1.1640088558197021,1.1641442775726318,1.1640088558197021,1.1641442775726318
1789012800000,1.1641442775726318,1.1642799377441406,1.1641442775726318,1.1642799377441406
1789013700000,1.1642799377441406,1.1642799377441406,1.1641442775726318,1.1641442775726318
1789014600000,1.1641442775726318,1.1642799377441406,1.1641442775726318,1.1641442775726318
1789015500000,1.1641442775726318,1.1641442775726318,1.1640088558197021,1.1640088558197021
1789016400000,1.1641442775726318,1.1641442775726318,1.1640088558197021,1.1641442775726318
1789017300000,1.1641442775726318,1.1642799377441406,1.1641442775726318,1.1641442775726318
1789018200000,1.1642799377441406,1.1642799377441406,1.1641442775726318,1.1641442775726318
1789019100000,1.1641442775726318,1.1644154787063599,1.1641442775726318,1.1642799377441406
1789020000000,1.1642799377441406,1.1642799377441406,1.1641442775726318,1.1641442775726318
1789020900000,1.1641442775726318,1.1642799377441406,1.1641442775726318,1.1642799377441406
1789021800000,1.1642799377441406,1.1642799377441406,1.1641442775726318,1.1641442775726318
1789022700000,1.1641442775726318,1.1642799377441406,1.1640088558197021,1.1642799377441406
1789023600000,1.1642799377441406,1.1642799377441406,1.163873314857483,1.1641442775726318
1789024500000,1.1641442775726318,1.1642799377441406,1.1641442775726318,1.1641442775726318
1789025400000,1.1642799377441406,1.1644154787063599,1.1642799377441406,1.1644154787063599
1789026300000,1.1644154787063599,1.1644154787063599,1.1642799377441406,1.1642799377441406
1789027200000,1.1642799377441406,1.1642799377441406,1.163873314857483,1.1640088558197021
1789028100000,1.163873314857483,1.1641442775726318,1.163873314857483,1.1641442775726318
1789029000000,1.1641442775726318,1.1642799377441406,1.1640088558197021,1.1640088558197021
1789029900000,1.1640088558197021,1.1641442775726318,1.163873314857483,1.1641442775726318
1789030800000,1.1641442775726318,1.1642799377441406,1.1641442775726318,1.1642799377441406
1789031700000,1.1642799377441406,1.1642799377441406,1.163873314857483,1.1640088558197021
1789032600000,1.1640088558197021,1.1640088558197021,1.163602590560913,1.163602590560913
1789033500000,1.1637378931045532,1.163873314857483,1.163602590560913,1.1637378931045532
1789034400000,1.1637378931045532,1.1641442775726318,1.1637378931045532,1.163873314857483
1789035300000,1.163873314857483,1.1640088558197021,1.1634671688079834,1.1634671688079834
1789036200000,1.1633317470550537,1.1633317470550537,1.1627906560897827,1.1627906560897827
1789037100000,1.1627906560897827,1.1631964445114136,1.1627906560897827,1.1631964445114136
1789038000000,1.163061261177063,1.1631964445114136,1.1626555919647217,1.1627906560897827
1789038900000,1.1629259586334229,1.1629259586334229,1.162520408630371,1.1626555919647217
1789039800000,1.1626555919647217,1.1629259586334229,1.1626555919647217,1.1629259586334229
1789040700000,1.163061261177063,1.163061261177063,1.1619800329208374,1.1619800329208374
1789041600000,1.1621150970458984,1.1621150970458984,1.1617100238800049,1.1619800329208374
1789042500000,1.1617100238800049,1.1627906560897827,1.1615750789642334,1.162520408630371
1789043400000,1.1623852252960205,1.1623852252960205,1.15968918800354,1.1603620052337646
1789044300000,1.160496711730957,1.16130530834198,1.1603620052337646,1.1607661247253418
1789045200000,1.1609008312225342,1.1609008312225342,1.1603620052337646,1.160496711730957
1789046100000,1.160496711730957,1.1607661247253418,1.1602274179458618,1.1606314182281494
1789047000000,1.1607661247253418,1.1619800329208374,1.1606314182281494,1.1619800329208374
1789047900000,1.1621150970458984,1.1621150970458984,1.1615750789642334,1.1615750789642334
1789048800000,1.1617100238800049,1.1623852252960205,1.1617100238800049,1.1623852252960205
1789049700000,1.16225004196167,1.1626555919647217,1.1619800329208374,1.1626555919647217
1789050600000,1.1623852252960205,1.163061261177063,1.1623852252960205,1.1627906560897827
1789051500000,1.1629259586334229,1.1631964445114136,1.1627906560897827,1.1631964445114136
1789052400000,1.1631964445114136,1.1633317470550537,1.163061261177063,1.1633317470550537
1789053300000,1.1631964445114136,1.1634671688079834,1.1627906560897827,1.1627906560897827
1789054200000,1.1627906560897827,1.1631964445114136,1.1627906560897827,1.1631964445114136
1789055100000,1.163061261177063,1.1633317470550537,1.1629259586334229,1.163061261177063
1789056000000,1.163061261177063,1.163061261177063,1.1627906560897827,1.1629259586334229
1789056900000,1.1627906560897827,1.1631964445114136,1.1627906560897827,1.1629259586334229
1789057800000,1.1629259586334229,1.1629259586334229,1.1623852252960205,1.162520408630371
1789058700000,1.162520408630371,1.162520408630371,1.16225004196167,1.16225004196167
1789059600000,1.16225004196167,1.162520408630371,1.1619800329208374,1.162520408630371
1789060500000,1.1623852252960205,1.1626555919647217,1.1623852252960205,1.162520408630371
1789061400000,1.162520408630371,1.162520408630371,1.16225004196167,1.16225004196167
1789062300000,1.16225004196167,1.162520408630371,1.16225004196167,1.16225004196167
1789063200000,1.16225004196167,1.16225004196167,1.1617100238800049,1.1617100238800049
1789064100000,1.1615750789642334,1.1619800329208374,1.1615750789642334,1.1619800329208374
1789065000000,1.1617100238800049,1.1618449687957764,1.1617100238800049,1.1618449687957764
1789065900000,1.1618449687957764,1.1619800329208374,1.1615750789642334,1.1615750789642334
1789066800000,1.1617100238800049,1.1617100238800049,1.16130530834198,1.16130530834198
1789067700000,1.16130530834198,1.1615750789642334,1.16130530834198,1.1615750789642334
1789068600000,1.1615750789642334,1.1615750789642334,1.161440134048462,1.161440134048462
1789069500000,1.161440134048462,1.1615750789642334,1.16130530834198,1.161440134048462
1789070400000,1.16130530834198,1.16130530834198,1.16130530834198,1.16130530834198
1789071300000,1.16130530834198,1.16130530834198,1.1609008312225342,1.1609008312225342
1789072200000,1.1610356569290161,1.16130530834198,1.1610356569290161,1.1610356569290161
1789073100000,1.161170482635498,1.1615750789642334,1.1610356569290161,1.1615750789642334
1789074000000,1.1615750789642334,1.1618449687957764,1.1610356569290161,1.1615750789642334
1789074900000,1.161440134048462,1.1618449687957764,1.161170482635498,1.161170482635498
1789075800000,1.1609008312225342,1.1619800329208374,1.1607661247253418,1.1609008312225342
1789076700000,1.16130530834198,1.1615750789642334,1.1609008312225342,1.16130530834198
1789077600000,1.1610356569290161,1.161440134048462,1.1610356569290161,1.161170482635498
1789078500000,1.16130530834198,1.16130530834198,1.161170482635498,1.16130530834198
1789079400000,1.161170482635498,1.16130530834198,1.161170482635498,1.16130530834198
1789080300000,1.16130530834198,1.161440134048462,1.16130530834198,1.161440134048462
1789081200000,1.16130530834198,1.161440134048462,1.161170482635498,1.16130530834198
1789082100000,1.16130530834198,1.161440134048462,1.161170482635498,1.161170482635498
1789083000000,1.161170482635498,1.16130530834198,1.161170482635498,1.16130530834198
1789083900000,1.161440134048462,1.161440134048462,1.16130530834198,1.161440134048462
1789084800000,1.161440134048462,1.1617100238800049,1.161440134048462,1.1617100238800049
1789085700000,1.1615750789642334,1.1617100238800049,1.161440134048462,1.1615750789642334
1789086600000,1.1617100238800049,1.1617100238800049,1.1615750789642334,1.1617100238800049
1789087500000,1.1617100238800049,1.1618449687957764,1.1617100238800049,1.1618449687957764
1789088400000,1.1618449687957764,1.1619800329208374,1.1618449687957764,1.1619800329208374
1789089300000,1.1619800329208374,1.1621150970458984,1.1618449687957764,1.1619800329208374
1789090200000,1.1618449687957764,1.1619800329208374,1.1617100238800049,1.1617100238800049
1789091100000,1.1617100238800049,1.1617100238800049,1.161440134048462,1.1615750789642334
1789092000000,1.1615750789642334,1.1615750789642334,1.16130530834198,1.16130530834198
1789092900000,1.16130530834198,1.16130530834198,1.1609008312225342,1.1609008312225342
1789093800000,1.1609008312225342,1.161170482635498,1.1609008312225342,1.1610356569290161
1789094700000,1.1610356569290161,1.161170482635498,1.1610356569290161,1.1610356569290161
1789095600000,1.1610356569290161,1.161170482635498,1.1609008312225342,1.1610356569290161
1789096500000,1.1610356569290161,1.1610356569290161,1.160496711730957,1.160496711730957
1789097400000,1.160496711730957,1.160496711730957,1.1603620052337646,1.160496711730957
1789098300000,1.160496711730957,1.1606314182281494,1.1603620052337646,1.160496711730957
1789099200000,1.160496711730957,1.1610356569290161,1.1603620052337646,1.1609008312225342
1789100100000,1.1610356569290161,1.161170482635498,1.1610356569290161,1.161170482635498
1789101000000,1.161170482635498,1.161170482635498,1.1609008312225342,1.1609008312225342
1789101900000,1.1609008312225342,1.1610356569290161,1.1607661247253418,1.1607661247253418
1789102800000,1.1607661247253418,1.161170482635498,1.1607661247253418,1.161170482635498
1789103700000,1.16130530834198,1.161440134048462,1.161170482635498,1.16130530834198
1789104600000,1.161440134048462,1.1617100238800049,1.161440134048462,1.1615750789642334
1789105500000,1.161440134048462,1.1615750789642334,1.16130530834198,1.16130530834198
1789106400000,1.16130530834198,1.1615750789642334,1.16130530834198,1.1615750789642334
1789107300000,1.1617100238800049,1.1617100238800049,1.161440134048462,1.1615750789642334
1789108200000,1.161440134048462,1.1615750789642334,1.16130530834198,1.161440134048462
1789109100000,1.16130530834198,1.1615750789642334,1.16130530834198,1.16130530834198
1789110000000,1.161440134048462,1.161440134048462,1.1610356569290161,1.161170482635498
1789110900000,1.161170482635498,1.16130530834198,1.1610356569290161,1.1610356569290161
1789111800000,1.1610356569290161,1.161170482635498,1.1607661247253418,1.1607661247253418
1789112700000,1.1606314182281494,1.1609008312225342,1.160496711730957,1.1607661247253418
1789113600000,1.1609008312225342,1.1609008312225342,1.1606314182281494,1.1609008312225342
1789114500000,1.1607661247253418,1.161170482635498,1.1606314182281494,1.1606314182281494
1789115400000,1.1606314182281494,1.1607661247253418,1.1606314182281494,1.1607661247253418
1789116300000,1.1607661247253418,1.1607661247253418,1.1602274179458618,1.1602274179458618
1789117200000,1.1603620052337646,1.160496711730957,1.1599582433700562,1.160092830657959
1789118100000,1.160092830657959,1.160496711730957,1.160092830657959,1.1603620052337646
1789119000000,1.1603620052337646,1.1603620052337646,1.160092830657959,1.1602274179458618
1789119900000,1.160092830657959,1.160092830657959,1.1599582433700562,1.1599582433700562
1789120800000,1.1599582433700562,1.160092830657959,1.1598236560821533,1.1599582433700562
1789121700000,1.1598236560821533,1.1598236560821533,1.1595547199249268,1.1595547199249268
1789122600000,1.1595547199249268,1.15968918800354,1.1594202518463135,1.1594202518463135
1789123500000,1.1594202518463135,1.1595547199249268,1.1594202518463135,1.1595547199249268
1789124400000,1.1595547199249268,1.15968918800354,1.1595547199249268,1.15968918800354
1789125300000,1.15968918800354,1.15968918800354,1.1595547199249268,1.15968918800354
1789126200000,1.15968918800354,1.1598236560821533,1.1594202518463135,1.1595547199249268
1789127100000,1.1598236560821533,1.1598236560821533,1.1594202518463135,1.1594202518463135
1789128000000,1.1595547199249268,1.15968918800354,1.1595547199249268,1.15968918800354
1789128900000,1.1595547199249268,1.1599582433700562,1.1594202518463135,1.1599582433700562
1789129800000,1.1582117080688477,1.15968918800354,1.1574074029922485,1.1595547199249268
1789130700000,1.160092830657959,1.1606314182281494,1.1598236560821533,1.160496711730957
1789131600000,1.1606314182281494,1.161170482635498,1.1603620052337646,1.1607661247253418
1789132500000,1.1606314182281494,1.1610356569290161,1.1603620052337646,1.1610356569290161
1789133400000,1.1609008312225342,1.1609008312225342,1.160496711730957,1.160496711730957
1789134300000,1.1607661247253418,1.1615750789642334,1.1607661247253418,1.1615750789642334
1789135200000,1.16130530834198,1.1618449687957764,1.161170482635498,1.161440134048462
1789136100000,1.161440134048462,1.1615750789642334,1.161170482635498,1.161170482635498
1789137000000,1.161170482635498,1.16130530834198,1.1610356569290161,1.16130530834198
1789137900000,1.16130530834198,1.1618449687957764,1.16130530834198,1.1618449687957764
1789138800000,1.1617100238800049,1.1618449687957764,1.1610356569290161,1.161170482635498
1789139700000,1.1610356569290161,1.161170482635498,1.1607661247253418,1.1607661247253418
1789140600000,1.1607661247253418,1.1609008312225342,1.160496711730957,1.1606314182281494
1789141500000,1.160496711730957,1.1606314182281494,1.1603620052337646,1.1606314182281494
1789142400000,1.1606314182281494,1.1609008312225342,1.1606314182281494,1.1606314182281494
1789143300000,1.1606314182281494,1.1610356569290161,1.1606314182281494,1.1609008312225342
1789144200000,1.1609008312225342,1.1609008312225342,1.1603620052337646,1.1603620052337646
1789145100000,1.1603620052337646,1.1606314182281494,1.1602274179458618,1.1603620052337646
1789146000000,1.1602274179458618,1.1602274179458618,1.1599582433700562,1.1599582433700562
1789146900000,1.160092830657959,1.1603620052337646,1.1599582433700562,1.1602274179458618
1789147800000,1.1602274179458618,1.1603620052337646,1.1602274179458618,1.1603620052337646
1789148700000,1.1602274179458618,1.1603620052337646,1.160092830657959,1.160092830657959
1789149600000,1.160092830657959,1.1602274179458618,1.160092830657959,1.1602274179458618
1789150500000,1.160092830657959,1.1602274179458618,1.1599582433700562,1.1599582433700562
1789151400000,1.1599582433700562,1.1599582433700562,1.1595547199249268,1.15968918800354
1789152300000,1.1595547199249268,1.1599582433700562,1.1595547199249268,1.1599582433700562
1789153200000,1.1598236560821533,1.160092830657959,1.15968918800354,1.160092830657959
1789154100000,1.160092830657959,1.160092830657959,1.1599582433700562,1.1599582433700562
1789155000000,1.1599582433700562,1.1599582433700562,1.1598236560821533,1.1599582433700562
1789155900000,1.1598236560821533,1.1599582433700562,1.1598236560821533,1.1599582433700562
1789156800000,1.1599582433700562,1.1599582433700562,1.15968918800354,1.1598236560821533
1789157700000,1.1598236560821533,1.1598236560821533,1.15968918800354,1.15968918800354
1789158600000,1.15968918800354,1.15968918800354,1.1595547199249268,1.15968918800354
1789159500000,1.1598236560821533,1.160092830657959,1.15968918800354,1.1599582433700562
1789160400000,1.1602274179458618,1.1602274179458618,1.1602274179458618,1.1602274179458618
1789161300000,1.1602274179458618,1.1602274179458618,1.1602274179458618,1.1602274179458618
1789340400000,1.1594202518463135,1.1595547199249268,1.1594202518463135,1.1594202518463135
1789341300000,1.1594202518463135,1.1594202518463135,1.1592857837677002,1.1594202518463135
1789342200000,1.1594202518463135,1.1595547199249268,1.1592857837677002,1.1594202518463135
1789343100000,1.1595547199249268,1.15968918800354,1.1595547199249268,1.15968918800354
1789344000000,1.15968918800354,1.1599582433700562,1.1595547199249268,1.1595547199249268
1789344900000,1.1595547199249268,1.1595547199249268,1.1588828563690186,1.1588828563690186
1789345800000,1.1590172052383423,1.159151554107666,1.1588828563690186,1.1588828563690186
1789346700000,1.1590172052383423,1.159151554107666,1.1588828563690186,1.159151554107666
1789347600000,1.159151554107666,1.159151554107666,1.1587486267089844,1.1587486267089844
1789348500000,1.1587486267089844,1.159151554107666,1.1587486267089844,1.159151554107666
1789349400000,1.1590172052383423,1.1592857837677002,1.1588828563690186,1.1592857837677002
1789350300000,1.159151554107666,1.159151554107666,1.1588828563690186,1.1588828563690186
1789351200000,1.1588828563690186,1.159151554107666,1.1588828563690186,1.159151554107666
1789352100000,1.1590172052383423,1.159151554107666,1.1590172052383423,1.1590172052383423
1789353000000,1.1590172052383423,1.1590172052383423,1.1587486267089844,1.1588828563690186
1789353900000,1.1587486267089844,1.1588828563690186,1.1584800481796265,1.1584800481796265
1789354800000,1.1584800481796265,1.1584800481796265,1.1579434871673584,1.1579434871673584
1789355700000,1.1578094959259033,1.1579434871673584,1.1576753854751587,1.1576753854751587
1789356600000,1.1575413942337036,1.1575413942337036,1.157273530960083,1.1574074029922485
1789357500000,1.157273530960083,1.1574074029922485,1.157273530960083,1.1574074029922485
1789358400000,1.1574074029922485,1.1574074029922485,1.157139539718628,1.157139539718628
1789359300000,1.157139539718628,1.157139539718628,1.1568717956542969,1.1568717956542969
1789360200000,1.1568717956542969,1.1570056676864624,1.1566041707992554,1.1566041707992554
1789361100000,1.1566041707992554,1.1570056676864624,1.1566041707992554,1.1568717956542969
1789362000000,1.1568717956542969,1.1568717956542969,1.156738042831421,1.156738042831421
1789362900000,1.156738042831421,1.157139539718628,1.156738042831421,1.157139539718628
1789363800000,1.157139539718628,1.157273530960083,1.157139539718628,1.157273530960083
1789364700000,1.157273530960083,1.1574074029922485,1.157139539718628,1.157273530960083
1789365600000,1.157273530960083,1.157273530960083,1.156203031539917,1.156336784362793
1789366500000,1.156203031539917,1.156203031539917,1.1555349826812744,1.1559356451034546
1789367400000,1.1558021306991577,1.156336784362793,1.1558021306991577,1.156336784362793
1789368300000,1.156203031539917,1.156203031539917,1.155401587486267,1.1556684970855713
1789369200000,1.1556684970855713,1.1560693979263306,1.1555349826812744,1.1560693979263306
1789370100000,1.1559356451034546,1.1560693979263306,1.1558021306991577,1.1558021306991577
1789371000000,1.1556684970855713,1.1558021306991577,1.1551345586776733,1.1552680730819702
1789371900000,1.1552680730819702,1.1552680730819702,1.1547343730926514,1.1548677682876587
1789372800000,1.1547343730926514,1.1547343730926514,1.154068112373352,1.154068112373352
1789373700000,1.1539349555969238,1.154068112373352,1.1538017988204956,1.1539349555969238
1789374600000,1.1538017988204956,1.154334545135498,1.1538017988204956,1.154068112373352
1789375500000,1.154068112373352,1.1544678211212158,1.154068112373352,1.1542012691497803
1789376400000,1.154334545135498,1.1544678211212158,1.1542012691497803,1.1542012691497803
1789377300000,1.1539349555969238,1.1546010971069336,1.1539349555969238,1.1546010971069336
1789378200000,1.1547343730926514,1.1547343730926514,1.1544678211212158,1.1546010971069336
1789379100000,1.1547343730926514,1.1547343730926514,1.1544678211212158,1.1544678211212158
1789380000000,1.1544678211212158,1.1544678211212158,1.1542012691497803,1.1544678211212158
1789380900000,1.154334545135498,1.1544678211212158,1.154068112373352,1.1544678211212158
1789381800000,1.1544678211212158,1.1544678211212158,1.154334545135498,1.154334545135498
1789382700000,1.1544678211212158,1.1544678211212158,1.1542012691497803,1.154334545135498
1789383600000,1.154334545135498,1.1547343730926514,1.154334545135498,1.1547343730926514
1789384500000,1.1547343730926514,1.1552680730819702,1.1547343730926514,1.1551345586776733
1789385400000,1.1552680730819702,1.1552680730819702,1.1551345586776733,1.1551345586776733
1789386300000,1.155001163482666,1.1551345586776733,1.1547343730926514,1.1551345586776733
1789387200000,1.1551345586776733,1.1555349826812744,1.1551345586776733,1.1552680730819702
1789388100000,1.1551345586776733,1.1552680730819702,1.1544678211212158,1.1544678211212158
1789389000000,1.154334545135498,1.154334545135498,1.15340256690979,1.1538017988204956
1789389900000,1.1539349555969238,1.1539349555969238,1.15340256690979,1.1535356044769287
1789390800000,1.1535356044769287,1.1539349555969238,1.1532695293426514,1.1539349555969238
1789391700000,1.1539349555969238,1.154068112373352,1.1536686420440674,1.1538017988204956
1789392600000,1.1538017988204956,1.154068112373352,1.1536686420440674,1.1538017988204956
1789393500000,1.1536686420440674,1.1536686420440674,1.1527377367019653,1.1528706550598145
1789394400000,1.1528706550598145,1.1539349555969238,1.1527377367019653,1.1538017988204956
1789395300000,1.1538017988204956,1.1539349555969238,1.1531364917755127,1.15340256690979
1789396200000,1.1535356044769287,1.1544678211212158,1.1535356044769287,1.1544678211212158
1789397100000,1.1546010971069336,1.1546010971069336,1.1539349555969238,1.154068112373352
1789398000000,1.154068112373352,1.1548677682876587,1.1539349555969238,1.1544678211212158
1789398900000,1.1544678211212158,1.1546010971069336,1.1542012691497803,1.1544678211212158
1789399800000,1.1546010971069336,1.1552680730819702,1.154334545135498,1.1551345586776733
1789400700000,1.1551345586776733,1.1552680730819702,1.1548677682876587,1.1551345586776733
1789401600000,1.1552680730819702,1.1555349826812744,1.1551345586776733,1.155401587486267
1789402500000,1.1556684970855713,1.1556684970855713,1.155401587486267,1.1555349826812744
1789403400000,1.155401587486267,1.156203031539917,1.155401587486267,1.156203031539917
1789404300000,1.156203031539917,1.156738042831421,1.156203031539917,1.156336784362793
1789405200000,1.1564704179763794,1.1564704179763794,1.156203031539917,1.156203031539917
1789406100000,1.156203031539917,1.156203031539917,1.1560693979263306,1.1560693979263306
1789407000000,1.156203031539917,1.156203031539917,1.1558021306991577,1.1559356451034546
1789407900000,1.1558021306991577,1.1560693979263306,1.1558021306991577,1.1559356451034546
1789408800000,1.1559356451034546,1.1560693979263306,1.1559356451034546,1.1560693979263306
1789409700000,1.1560693979263306,1.1560693979263306,1.1559356451034546,1.1560693979263306
1789410600000,1.1560693979263306,1.156203031539917,1.1560693979263306,1.1560693979263306
1789411500000,1.1560693979263306,1.1560693979263306,1.1559356451034546,1.1559356451034546
1789412400000,1.1560693979263306,1.1560693979263306,1.1559356451034546,1.1559356451034546
1789413300000,1.1560693979263306,1.1560693979263306,1.1556684970855713,1.1556684970855713
1789414200000,1.1556684970855713,1.1556684970855713,1.1555349826812744,1.1555349826812744
1789415100000,1.1555349826812744,1.1555349826812744,1.1551345586776733,1.1551345586776733
1789416000000,1.155001163482666,1.155001163482666,1.1548677682876587,1.155001163482666
1789416900000,1.155001163482666,1.155001163482666,1.155001163482666,1.155001163482666
1789417800000,1.155001163482666,1.1552680730819702,1.155001163482666,1.1551345586776733
1789418700000,1.1552680730819702,1.155401587486267,1.1551345586776733,1.1551345586776733
1789419600000,1.155001163482666,1.1558021306991577,1.1547343730926514,1.155401587486267
1789420500000,1.1556684970855713,1.1556684970855713,1.155001163482666,1.155401587486267
1789421400000,1.155401587486267,1.1555349826812744,1.1551345586776733,1.1552680730819702
1789422300000,1.1552680730819702,1.1558021306991577,1.1551345586776733,1.155401587486267
1789423200000,1.155401587486267,1.155401587486267,1.1552680730819702,1.155401587486267
1789424100000,1.1552680730819702,1.155401587486267,1.1552680730819702,1.1552680730819702
1789425000000,1.1552680730819702,1.1555349826812744,1.1552680730819702,1.155401587486267
1789425900000,1.155401587486267,1.1555349826812744,1.155401587486267,1.1555349826812744
1789426800000,1.1555349826812744,1.1555349826812744,1.1555349826812744,1.1555349826812744
1789427700000,1.1555349826812744,1.1555349826812744,1.1552680730819702,1.155401587486267
1789428600000,1.155401587486267,1.155401587486267,1.1551345586776733,1.1551345586776733
1789429500000,1.1552680730819702,1.1552680730819702,1.155001163482666,1.1551345586776733
1789430400000,1.1551345586776733,1.1551345586776733,1.155001163482666,1.155001163482666
1789431300000,1.155001163482666,1.155001163482666,1.1547343730926514,1.1547343730926514
1789432200000,1.1547343730926514,1.1547343730926514,1.1546010971069336,1.1547343730926514
1789433100000,1.1548677682876587,1.1548677682876587,1.1547343730926514,1.1547343730926514
1789434000000,1.1546010971069336,1.1547343730926514,1.1544678211212158,1.1546010971069336
1789434900000,1.1546010971069336,1.1547343730926514,1.1542012691497803,1.1542012691497803
1789435800000,1.1542012691497803,1.154334545135498,1.154068112373352,1.154068112373352
1789436700000,1.154068112373352,1.154334545135498,1.154068112373352,1.1542012691497803
1789437600000,1.1542012691497803,1.154334545135498,1.154068112373352,1.154068112373352
1789438500000,1.154068112373352,1.154068112373352,1.154068112373352,1.154068112373352
1789439400000,1.1539349555969238,1.154068112373352,1.1539349555969238,1.1539349555969238
1789440300000,1.154068112373352,1.1544678211212158,1.154068112373352,1.154334545135498
1789441200000,1.1544678211212158,1.1544678211212158,1.1542012691497803,1.1542012691497803
1789442100000,1.1542012691497803,1.154334545135498,1.1542012691497803,1.1542012691497803
1789443000000,1.1542012691497803,1.1542012691497803,1.154068112373352,1.154068112373352
1789443900000,1.154068112373352,1.1542012691497803,1.154068112373352,1.154068112373352
1789444800000,1.154068112373352,1.154068112373352,1.1539349555969238,1.154068112373352
1789445700000,1.154068112373352,1.154068112373352,1.1538017988204956,1.1539349555969238
1789446600000,1.1539349555969238,1.1542012691497803,1.1539349555969238,1.154068112373352
1789447500000,1.154068112373352,1.154068112373352,1.1539349555969238,1.154068112373352
1789448400000,1.154068112373352,1.154068112373352,1.1538017988204956,1.154068112373352
1789449300000,1.1539349555969238,1.1539349555969238,1.1538017988204956,1.1539349555969238
1789450200000,1.1539349555969238,1.154068112373352,1.1536686420440674,1.154068112373352
1789451100000,1.154068112373352,1.154068112373352,1.1538017988204956,1.1538017988204956
1789452000000,1.1538017988204956,1.1538017988204956,1.1535356044769287,1.1538017988204956
1789452900000,1.1535356044769287,1.1536686420440674,1.1531364917755127,1.1532695293426514
1789453800000,1.1531364917755127,1.15340256690979,1.1531364917755127,1.1531364917755127
1789454700000,1.1531364917755127,1.1538017988204956,1.1530035734176636,1.1538017988204956
1789455600000,1.1538017988204956,1.154068112373352,1.1536686420440674,1.1539349555969238
1789456500000,1.1539349555969238,1.1542012691497803,1.1539349555969238,1.1542012691497803
1789457400000,1.1542012691497803,1.154334545135498,1.1539349555969238,1.1542012691497803
1789458300000,1.1542012691497803,1.154334545135498,1.154068112373352,1.154334545135498
1789459200000,1.1544678211212158,1.1544678211212158,1.1539349555969238,1.1542012691497803
1789460100000,1.154068112373352,1.1542012691497803,1.154068112373352,1.154068112373352
1789461000000,1.154068112373352,1.154334545135498,1.1538017988204956,1.1538017988204956
1789461900000,1.1538017988204956,1.1538017988204956,1.1536686420440674,1.1536686420440674
1789462800000,1.1538017988204956,1.1539349555969238,1.1538017988204956,1.1539349555969238
1789463700000,1.1539349555969238,1.1539349555969238,1.1535356044769287,1.1539349555969238
1789464600000,1.1539349555969238,1.1539349555969238,1.1536686420440674,1.1538017988204956
1789465500000,1.1538017988204956,1.1542012691497803,1.1538017988204956,1.154068112373352
1789466400000,1.1542012691497803,1.1542012691497803,1.1539349555969238,1.1539349555969238
1789467300000,1.154068112373352,1.154334545135498,1.1539349555969238,1.1542012691497803
1789468200000,1.1542012691497803,1.154334545135498,1.154068112373352,1.154068112373352
1789469100000,1.154068112373352,1.1542012691497803,1.1538017988204956,1.1538017988204956
1789470000000,1.1538017988204956,1.154068112373352,1.1538017988204956,1.154068112373352
1789470900000,1.1542012691497803,1.1544678211212158,1.1542012691497803,1.1544678211212158
1789471800000,1.1544678211212158,1.1546010971069336,1.154334545135498,1.1544678211212158
1789472700000,1.1544678211212158,1.1544678211212158,1.1542012691497803,1.1544678211212158
1789473600000,1.154334545135498,1.1544678211212158,1.1542012691497803,1.1544678211212158
1789474500000,1.154334545135498,1.1544678211212158,1.1542012691497803,1.1544678211212158
1789475400000,1.1544678211212158,1.155001163482666,1.1544678211212158,1.1548677682876587
1789476300000,1.155001163482666,1.1552680730819702,1.1548677682876587,1.155001163482666
1789477200000,1.155001163482666,1.1551345586776733,1.155001163482666,1.1551345586776733
1789478100000,1.155001163482666,1.155001163482666,1.1546010971069336,1.1547343730926514
1789479000000,1.1544678211212158,1.1547343730926514,1.1542012691497803,1.1547343730926514
1789479900000,1.1547343730926514,1.155401587486267,1.1547343730926514,1.1552680730819702
1789480800000,1.1552680730819702,1.1552680730819702,1.155001163482666,1.1551345586776733
1789481700000,1.1552680730819702,1.1552680730819702,1.1548677682876587,1.1551345586776733
1789482600000,1.1552680730819702,1.155401587486267,1.1544678211212158,1.1546010971069336
1789483500000,1.1547343730926514,1.155001163482666,1.1546010971069336,1.1546010971069336
1789484400000,1.1546010971069336,1.1547343730926514,1.154334545135498,1.154334545135498
1789485300000,1.154334545135498,1.1548677682876587,1.154334545135498,1.1548677682876587
1789486200000,1.1547343730926514,1.1547343730926514,1.154334545135498,1.1544678211212158
1789487100000,1.154334545135498,1.1546010971069336,1.1542012691497803,1.1544678211212158
1789488000000,1.1544678211212158,1.1546010971069336,1.154334545135498,1.1544678211212158
1789488900000,1.154334545135498,1.1544678211212158,1.1542012691497803,1.1544678211212158
1789489800000,1.154334545135498,1.1546010971069336,1.154334545135498,1.1544678211212158
1789490700000,1.1544678211212158,1.1546010971069336,1.154334545135498,1.1546010971069336
1789491600000,1.1547343730926514,1.1547343730926514,1.154334545135498,1.154334545135498
1789492500000,1.154334545135498,1.154334545135498,1.154068112373352,1.154068112373352
1789493400000,1.154068112373352,1.154334545135498,1.154068112373352,1.154334545135498
1789494300000,1.154334545135498,1.154334545135498,1.154068112373352,1.154068112373352
1789495200000,1.154068112373352,1.1544678211212158,1.1539349555969238,1.154334545135498
1789496100000,1.154334545135498,1.1547343730926514,1.154334545135498,1.1546010971069336
1789497000000,1.1544678211212158,1.1544678211212158,1.154334545135498,1.1544678211212158
1789497900000,1.1544678211212158,1.1547343730926514,1.1544678211212158,1.1546010971069336
1789498800000,1.1546010971069336,1.1546010971069336,1.1544678211212158,1.1544678211212158
1789499700000,1.1544678211212158,1.1544678211212158,1.154334545135498,1.1544678211212158
1789500600000,1.1544678211212158,1.1546010971069336,1.1544678211212158,1.1544678211212158
1789501500000,1.1544678211212158,1.1546010971069336,1.1544678211212158,1.1544678211212158
1789502400000,1.1544678211212158,1.1544678211212158,1.1542012691497803,1.1542012691497803
1789503300000,1.1542012691497803,1.154334545135498,1.1542012691497803,1.1542012691497803
1789504200000,1.154334545135498,1.154334545135498,1.154334545135498,1.154334545135498
1789505100000,1.154334545135498,1.1546010971069336,1.154334545135498,1.1546010971069336
1789506000000,1.1539349555969238,1.1551345586776733,1.1538017988204956,1.1544678211212158
1789506900000,1.1539349555969238,1.1546010971069336,1.1536686420440674,1.1546010971069336
1789507800000,1.154334545135498,1.154334545135498,1.154068112373352,1.1542012691497803
1789508700000,1.1542012691497803,1.1544678211212158,1.154068112373352,1.154334545135498
1789509600000,1.1546010971069336,1.1548677682876587,1.1544678211212158,1.1546010971069336
1789510500000,1.1546010971069336,1.1546010971069336,1.1544678211212158,1.1546010971069336
1789511400000,1.1544678211212158,1.1546010971069336,1.1544678211212158,1.1544678211212158
1789512300000,1.1544678211212158,1.1544678211212158,1.154334545135498,1.154334545135498
1789513200000,1.1542012691497803,1.1542012691497803,1.154068112373352,1.154068112373352
1789514100000,1.1542012691497803,1.1542012691497803,1.154068112373352,1.154068112373352
1789515000000,1.154068112373352,1.154068112373352,1.1538017988204956,1.1539349555969238
1789515900000,1.1539349555969238,1.1542012691497803,1.1539349555969238,1.1539349555969238
1789516800000,1.154068112373352,1.1542012691497803,1.1539349555969238,1.154068112373352
1789517700000,1.154068112373352,1.1542012691497803,1.154068112373352,1.154068112373352
1789518600000,1.154068112373352,1.154068112373352,1.1538017988204956,1.1538017988204956
1789519500000,1.1538017988204956,1.1539349555969238,1.1536686420440674,1.1539349555969238
1789520400000,1.1539349555969238,1.1539349555969238,1.1536686420440674,1.1538017988204956
1789521300000,1.1538017988204956,1.1538017988204956,1.1536686420440674,1.1536686420440674
1789522200000,1.1536686420440674,1.1538017988204956,1.1535356044769287,1.1538017988204956
1789523100000,1.1538017988204956,1.1538017988204956,1.1536686420440674,1.1536686420440674
1789524000000,1.1535356044769287,1.1539349555969238,1.1535356044769287,1.1539349555969238
1789524900000,1.154068112373352,1.1542012691497803,1.1539349555969238,1.154068112373352
1789525800000,1.154334545135498,1.1546010971069336,1.154334545135498,1.154334545135498
1789526700000,1.154334545135498,1.1546010971069336,1.154334545135498,1.1546010971069336
1789527600000,1.1546010971069336,1.1547343730926514,1.1544678211212158,1.1546010971069336
1789528500000,1.1546010971069336,1.1547343730926514,1.1546010971069336,1.1546010971069336
1789529400000,1.1546010971069336,1.1546010971069336,1.154334545135498,1.1544678211212158
1789530300000,1.154334545135498,1.1544678211212158,1.154334545135498,1.1544678211212158
1789531200000,1.1544678211212158,1.1546010971069336,1.1544678211212158,1.1546010971069336
1789532100000,1.1546010971069336,1.1547343730926514,1.1546010971069336,1.1547343730926514
1789533000000,1.1547343730926514,1.155001163482666,1.1547343730926514,1.1548677682876587
1789533900000,1.1547343730926514,1.1547343730926514,1.1547343730926514,1.1547343730926514
1789534800000,1.1548677682876587,1.1548677682876587,1.1547343730926514,1.1548677682876587
1789535700000,1.1548677682876587,1.1551345586776733,1.1547343730926514,1.155001163482666
1789536600000,1.155001163482666,1.1551345586776733,1.1548677682876587,1.1548677682876587
1789537500000,1.1548677682876587,1.155401587486267,1.1548677682876587,1.1552680730819702
1789538400000,1.1552680730819702,1.155401587486267,1.155001163482666,1.155401587486267
1789539300000,1.1552680730819702,1.155401587486267,1.155001163482666,1.1551345586776733
1789540200000,1.1551345586776733,1.1551345586776733,1.1548677682876587,1.155001163482666
1789541100000,1.1548677682876587,1.1551345586776733,1.1547343730926514,1.1551345586776733
1789542000000,1.1551345586776733,1.155401587486267,1.155001163482666,1.155401587486267
1789542900000,1.1552680730819702,1.155401587486267,1.1551345586776733,1.155401587486267
1789543800000,1.1556684970855713,1.1559356451034546,1.1555349826812744,1.1555349826812744
1789544700000,1.1555349826812744,1.1555349826812744,1.1551345586776733,1.1551345586776733
1789545600000,1.1551345586776733,1.1551345586776733,1.1548677682876587,1.1548677682876587
1789546500000,1.1548677682876587,1.1551345586776733,1.1548677682876587,1.155001163482666
1789547400000,1.1548677682876587,1.155001163482666,1.1547343730926514,1.1547343730926514
1789548300000,1.1546010971069336,1.1546010971069336,1.1542012691497803,1.154334545135498
1789549200000,1.154334545135498,1.1547343730926514,1.1542012691497803,1.1547343730926514
1789550100000,1.1546010971069336,1.1546010971069336,1.1542012691497803,1.1544678211212158
1789551000000,1.1544678211212158,1.1544678211212158,1.154334545135498,1.1544678211212158
1789551900000,1.1544678211212158,1.1544678211212158,1.1542012691497803,1.1542012691497803
1789552800000,1.154334545135498,1.154334545135498,1.1539349555969238,1.154068112373352
1789553700000,1.1542012691497803,1.154334545135498,1.1539349555969238,1.1539349555969238
1789554600000,1.1539349555969238,1.154068112373352,1.1538017988204956,1.154068112373352
1789555500000,1.1539349555969238,1.1539349555969238,1.1538017988204956,1.1539349555969238
1789556400000,1.154068112373352,1.154068112373352,1.1535356044769287,1.1536686420440674
1789557300000,1.1536686420440674,1.154334545135498,1.1536686420440674,1.154334545135498
1789558200000,1.154068112373352,1.154334545135498,1.1539349555969238,1.1542012691497803
1789559100000,1.1542012691497803,1.1542012691497803,1.1538017988204956,1.1538017988204956
1789560000000,1.1539349555969238,1.154068112373352,1.1539349555969238,1.1539349555969238
1789560900000,1.1539349555969238,1.1539349555969238,1.15340256690979,1.15340256690979
1789561800000,1.1538017988204956,1.1539349555969238,1.1536686420440674,1.1539349555969238
1789562700000,1.1539349555969238,1.1542012691497803,1.1538017988204956,1.1538017988204956
1789563600000,1.1539349555969238,1.154068112373352,1.1535356044769287,1.154068112373352
1789564500000,1.1539349555969238,1.154068112373352,1.1536686420440674,1.1539349555969238
1789565400000,1.1538017988204956,1.1542012691497803,1.1538017988204956,1.154068112373352
1789566300000,1.154068112373352,1.154068112373352,1.1535356044769287,1.1535356044769287
1789567200000,1.1536686420440674,1.154068112373352,1.15340256690979,1.154068112373352
1789568100000,1.1539349555969238,1.154068112373352,1.1536686420440674,1.154068112373352
1789569000000,1.154068112373352,1.154334545135498,1.154068112373352,1.154334545135498
1789569900000,1.154334545135498,1.154334545135498,1.1539349555969238,1.1542012691497803
1789570800000,1.154334545135498,1.1546010971069336,1.1542012691497803,1.154334545135498
1789571700000,1.154334545135498,1.154334545135498,1.154068112373352,1.154068112373352
1789572600000,1.1539349555969238,1.154068112373352,1.1538017988204956,1.1539349555969238
1789573500000,1.1539349555969238,1.1542012691497803,1.1539349555969238,1.154068112373352
1789574400000,1.154068112373352,1.154068112373352,1.1538017988204956,1.154068112373352
1789575300000,1.154068112373352,1.1542012691497803,1.1539349555969238,1.1539349555969238
1789576200000,1.1539349555969238,1.154068112373352,1.1539349555969238,1.1539349555969238
1789577100000,1.154068112373352,1.154068112373352,1.1538017988204956,1.1538017988204956
1789578000000,1.1538017988204956,1.1538017988204956,1.15340256690979,1.15340256690979
1789578900000,1.15340256690979,1.1536686420440674,1.15340256690979,1.1535356044769287
1789579800000,1.1536686420440674,1.1538017988204956,1.1535356044769287,1.1538017988204956
1789580700000,1.1538017988204956,1.1542012691497803,1.1535356044769287,1.1542012691497803
1789581600000,1.1532695293426514,1.1532695293426514,1.150483250617981,1.150483250617981
1789582500000,1.15035080909729,1.1506155729293823,1.1500862836837769,1.15035080909729
1789583400000,1.1499539613723755,1.1499539613723755,1.1477103233337402,1.1490291357040405
1789584300000,1.1488970518112183,1.1488970518112183,1.147315263748169,1.147315263748169
1789585200000,1.1479737758636475,1.148369312286377,1.1471836566925049,1.147446870803833
1789586100000,1.147315263748169,1.147315263748169,1.1466574668884277,1.1469204425811768
1789587000000,1.1471836566925049,1.1478420495986938,1.1471836566925049,1.147446870803833
1789587900000,1.1477103233337402,1.1477103233337402,1.147315263748169,1.1475785970687866
1789588800000,1.1475785970687866,1.1475785970687866,1.1470520496368408,1.1470520496368408
1789589700000,1.1469204425811768,1.1470520496368408,1.1465259790420532,1.1466574668884277
1789590600000,1.1466574668884277,1.1470520496368408,1.1466574668884277,1.1467890739440918
1789591500000,1.1467890739440918,1.1470520496368408,1.1466574668884277,1.1466574668884277
1789592400000,1.1469204425811768,1.147315263748169,1.1461317539215088,1.1467890739440918
1789593300000,1.1469204425811768,1.147446870803833,1.1463946104049683,1.147315263748169
1789594200000,1.1471836566925049,1.147315263748169,1.1465259790420532,1.1467890739440918
1789595100000,1.1466574668884277,1.147315263748169,1.1465259790420532,1.1465259790420532
1789596000000,1.1466574668884277,1.1467890739440918,1.1465259790420532,1.1467890739440918
1789596900000,1.1467890739440918,1.1471836566925049,1.1467890739440918,1.1470520496368408
1789597800000,1.1470520496368408,1.1471836566925049,1.1470520496368408,1.1471836566925049
1789598700000,1.1471836566925049,1.1471836566925049,1.1469204425811768,1.1470520496368408
1789599600000,1.1469204425811768,1.1471836566925049,1.1469204425811768,1.1470520496368408
1789600500000,1.1471836566925049,1.1471836566925049,1.1470520496368408,1.1470520496368408
1789601400000,1.1470520496368408,1.147315263748169,1.1470520496368408,1.1471836566925049
1789602300000,1.1471836566925049,1.147315263748169,1.1471836566925049,1.1471836566925049
1789603200000,1.1470520496368408,1.1475785970687866,1.1470520496368408,1.147446870803833
1789604100000,1.147315263748169,1.147315263748169,1.1470520496368408,1.1470520496368408
1789605000000,1.1470520496368408,1.1471836566925049,1.1466574668884277,1.1467890739440918
1789605900000,1.1469204425811768,1.1469204425811768,1.1462632417678833,1.1462632417678833
1789606800000,1.1462632417678833,1.1463946104049683,1.1461317539215088,1.1463946104049683
1789607700000,1.1465259790420532,1.1466574668884277,1.1465259790420532,1.1465259790420532
1789608600000,1.1465259790420532,1.1467890739440918,1.1461317539215088,1.1461317539215088
1789609500000,1.1461317539215088,1.1463946104049683,1.1461317539215088,1.1461317539215088
1789610400000,1.1462632417678833,1.1465259790420532,1.1462632417678833,1.1465259790420532
1789611300000,1.1465259790420532,1.1465259790420532,1.1462632417678833,1.1462632417678833
1789612200000,1.1462632417678833,1.1463946104049683,1.1460003852844238,1.1462632417678833
1789613100000,1.1461317539215088,1.1462632417678833,1.1460003852844238,1.1461317539215088
1789614000000,1.1462632417678833,1.1463946104049683,1.1460003852844238,1.1463946104049683
1789614900000,1.1462632417678833,1.1463946104049683,1.1461317539215088,1.1461317539215088
1789615800000,1.1462632417678833,1.1463946104049683,1.1462632417678833,1.1462632417678833
1789616700000,1.1462632417678833,1.1463946104049683,1.1461317539215088,1.1463946104049683
1789617600000,1.1462632417678833,1.1465259790420532,1.1462632417678833,1.1463946104049683
1789618500000,1.1462632417678833,1.1466574668884277,1.1462632417678833,1.1465259790420532
1789619400000,1.1465259790420532,1.1467890739440918,1.1465259790420532,1.1467890739440918
1789620300000,1.1467890739440918,1.1470520496368408,1.1467890739440918,1.1469204425811768
1789621200000,1.1470520496368408,1.1470520496368408,1.1467890739440918,1.1469204425811768
1789622100000,1.1467890739440918,1.1467890739440918,1.1466574668884277,1.1467890739440918
1789623000000,1.1467890739440918,1.1467890739440918,1.1466574668884277,1.1467890739440918
1789623900000,1.1469204425811768,1.1469204425811768,1.1467890739440918,1.1469204425811768
1789624800000,1.1469204425811768,1.147315263748169,1.1469204425811768,1.147315263748169
1789625700000,1.147315263748169,1.1479737758636475,1.147315263748169,1.1479737758636475
1789626600000,1.1481056213378906,1.1482374668121338,1.1478420495986938,1.1482374668121338
1789627500000,1.1482374668121338,1.1486331224441528,1.1482374668121338,1.148369312286377
1789628400000,1.148369312286377,1.148369312286377,1.1479737758636475,1.1481056213378906
1789629300000,1.1481056213378906,1.148369312286377,1.1481056213378906,1.148369312286377
1789630200000,1.148369312286377,1.148369312286377,1.1479737758636475,1.1481056213378906
1789631100000,1.1482374668121338,1.1482374668121338,1.147315263748169,1.1477103233337402
1789632000000,1.1477103233337402,1.1477103233337402,1.1471836566925049,1.1471836566925049
1789632900000,1.1471836566925049,1.147446870803833,1.1470520496368408,1.147315263748169
1789633800000,1.147446870803833,1.1475785970687866,1.147315263748169,1.147446870803833
1789634700000,1.147446870803833,1.1477103233337402,1.147315263748169,1.1477103233337402
1789635600000,1.1477103233337402,1.1481056213378906,1.1477103233337402,1.1479737758636475
1789636500000,1.1479737758636475,1.1479737758636475,1.1475785970687866,1.1478420495986938
1789637400000,1.1477103233337402,1.1479737758636475,1.1477103233337402,1.1478420495986938
1789638300000,1.1478420495986938,1.1478420495986938,1.1475785970687866,1.1475785970687866
1789639200000,1.1475785970687866,1.1482374668121338,1.1475785970687866,1.1482374668121338
1789640100000,1.1479737758636475,1.148369312286377,1.1479737758636475,1.148369312286377
1789641000000,1.1482374668121338,1.1482374668121338,1.1478420495986938,1.1479737758636475
1789641900000,1.1479737758636475,1.1482374668121338,1.1479737758636475,1.1481056213378906
1789642800000,1.1482374668121338,1.1482374668121338,1.1477103233337402,1.1477103233337402
1789643700000,1.1477103233337402,1.1478420495986938,1.147315263748169,1.147446870803833
1789644600000,1.147446870803833,1.1475785970687866,1.1471836566925049,1.147446870803833
1789645500000,1.147446870803833,1.1477103233337402,1.1471836566925049,1.1477103233337402
1789646400000,1.1475785970687866,1.1487650871276855,1.1475785970687866,1.1487650871276855
1789647300000,1.1486331224441528,1.1499539613723755,1.1486331224441528,1.1499539613723755
1789648200000,1.1496896743774414,1.1496896743774414,1.1487650871276855,1.1487650871276855
1789649100000,1.1488970518112183,1.1494252681732178,1.1487650871276855,1.1494252681732178
1789650000000,1.1495574712753296,1.1495574712753296,1.1488970518112183,1.1490291357040405
1789650900000,1.1491611003875732,1.1492931842803955,1.1491611003875732,1.1491611003875732
1789651800000,1.1492931842803955,1.1494252681732178,1.1490291357040405,1.1491611003875732
1789652700000,1.1488970518112183,1.1494252681732178,1.1488970518112183,1.1492931842803955
1789653600000,1.1491611003875732,1.1500862836837769,1.1491611003875732,1.1498217582702637
1789654500000,1.1499539613723755,1.1499539613723755,1.1494252681732178,1.1494252681732178
1789655400000,1.1495574712753296,1.1496896743774414,1.1491611003875732,1.1494252681732178
1789656300000,1.1496896743774414,1.1496896743774414,1.1488970518112183,1.1488970518112183
1789657200000,1.1488970518112183,1.1490291357040405,1.1485011577606201,1.1486331224441528
1789658100000,1.1486331224441528,1.1487650871276855,1.1482374668121338,1.148369312286377
1789659000000,1.1482374668121338,1.1482374668121338,1.1481056213378906,1.1481056213378906
1789659900000,1.1481056213378906,1.1482374668121338,1.1478420495986938,1.1482374668121338
1789660800000,1.1482374668121338,1.1482374668121338,1.1478420495986938,1.1481056213378906
1789661700000,1.1482374668121338,1.1482374668121338,1.1479737758636475,1.1481056213378906
1789662600000,1.1481056213378906,1.1481056213378906,1.1478420495986938,1.1481056213378906
1789663500000,1.1481056213378906,1.1481056213378906,1.1478420495986938,1.1479737758636475
1789664400000,1.1479737758636475,1.1481056213378906,1.1477103233337402,1.1478420495986938
1789665300000,1.1478420495986938,1.1479737758636475,1.1478420495986938,1.1479737758636475
1789666200000,1.1479737758636475,1.1481056213378906,1.1479737758636475,1.1479737758636475
1789667100000,1.1479737758636475,1.1479737758636475,1.1478420495986938,1.1479737758636475
1789668000000,1.1481056213378906,1.1481056213378906,1.1478420495986938,1.1479737758636475
1789668900000,1.1479737758636475,1.1479737758636475,1.1477103233337402,1.1478420495986938
1789669800000,1.1477103233337402,1.1478420495986938,1.1477103233337402,1.1478420495986938
1789670700000,1.1477103233337402,1.1479737758636475,1.1477103233337402,1.1478420495986938
1789671600000,1.1478420495986938,1.1481056213378906,1.1478420495986938,1.1481056213378906
1789672500000,1.1481056213378906,1.1482374668121338,1.1479737758636475,1.1481056213378906
1789673400000,1.1482374668121338,1.148369312286377,1.1482374668121338,1.1482374668121338
1789674300000,1.1482374668121338,1.148369312286377,1.1482374668121338,1.1482374668121338
1789675200000,1.1482374668121338,1.1482374668121338,1.1477103233337402,1.1478420495986938
1789676100000,1.1478420495986938,1.1479737758636475,1.1478420495986938,1.1479737758636475
1789677000000,1.1481056213378906,1.1481056213378906,1.1479737758636475,1.1481056213378906
1789677900000,1.1479737758636475,1.1481056213378906,1.1478420495986938,1.1479737758636475
1789678800000,1.148369312286377,1.1485011577606201,1.1479737758636475,1.148369312286377
1789679700000,1.1481056213378906,1.148369312286377,1.1478420495986938,1.1478420495986938
1789680600000,1.1481056213378906,1.1482374668121338,1.1478420495986938,1.1481056213378906
1789681500000,1.1481056213378906,1.1481056213378906,1.1478420495986938,1.1481056213378906
1789682400000,1.1481056213378906,1.1481056213378906,1.1478420495986938,1.1479737758636475
1789683300000,1.1479737758636475,1.1481056213378906,1.1479737758636475,1.1479737758636475
1789684200000,1.1479737758636475,1.1481056213378906,1.1479737758636475,1.1481056213378906
1789685100000,1.1481056213378906,1.1481056213378906,1.1481056213378906,1.1481056213378906
1789686000000,1.1481056213378906,1.1482374668121338,1.1481056213378906,1.1482374668121338
1789686900000,1.1481056213378906,1.1481056213378906,1.1479737758636475,1.1479737758636475
1789687800000,1.1479737758636475,1.1479737758636475,1.1479737758636475,1.1479737758636475
1789688700000,1.1479737758636475,1.1481056213378906,1.1478420495986938,1.1478420495986938
1789689600000,1.1478420495986938,1.1482374668121338,1.1478420495986938,1.1482374668121338
1789690500000,1.1482374668121338,1.148369312286377,1.1482374668121338,1.1482374668121338
1789691400000,1.1482374668121338,1.1482374668121338,1.1481056213378906,1.1481056213378906
1789692300000,1.1481056213378906,1.148369312286377,1.1481056213378906,1.148369312286377
1789693200000,1.148369312286377,1.1485011577606201,1.148369312286377,1.148369312286377
1789694100000,1.148369312286377,1.1485011577606201,1.1482374668121338,1.1482374668121338
1789695000000,1.1482374668121338,1.148369312286377,1.1481056213378906,1.1482374668121338
1789695900000,1.148369312286377,1.1486331224441528,1.1482374668121338,1.1486331224441528
1789696800000,1.1485011577606201,1.1485011577606201,1.148369312286377,1.148369312286377
1789697700000,1.148369312286377,1.1485011577606201,1.1482374668121338,1.1485011577606201
1789698600000,1.1485011577606201,1.1485011577606201,1.148369312286377,1.148369312286377
1789699500000,1.1482374668121338,1.148369312286377,1.1481056213378906,1.1481056213378906
1789700400000,1.148369312286377,1.1487650871276855,1.1482374668121338,1.1487650871276855
1789701300000,1.1487650871276855,1.1487650871276855,1.1486331224441528,1.1487650871276855
1789702200000,1.1487650871276855,1.1490291357040405,1.1486331224441528,1.1490291357040405
1789703100000,1.1490291357040405,1.1491611003875732,1.1490291357040405,1.1491611003875732
1789704000000,1.1494252681732178,1.1494252681732178,1.1492931842803955,1.1494252681732178
1789704900000,1.1494252681732178,1.1495574712753296,1.1492931842803955,1.1492931842803955
1789705800000,1.1494252681732178,1.1494252681732178,1.1491611003875732,1.1492931842803955
1789706700000,1.1491611003875732,1.1492931842803955,1.1490291357040405,1.1490291357040405
1789707600000,1.1490291357040405,1.1490291357040405,1.1487650871276855,1.1487650871276855
1789708500000,1.1487650871276855,1.1488970518112183,1.1485011577606201,1.1485011577606201
1789709400000,1.1485011577606201,1.1485011577606201,1.148369312286377,1.1485011577606201
1789710300000,1.148369312286377,1.1485011577606201,1.1482374668121338,1.1482374668121338
1789711200000,1.1482374668121338,1.1485011577606201,1.1482374668121338,1.1485011577606201
1789712100000,1.1482374668121338,1.1486331224441528,1.1482374668121338,1.1486331224441528
1789713000000,1.1486331224441528,1.1486331224441528,1.148369312286377,1.1486331224441528
1789713900000,1.1486331224441528,1.1487650871276855,1.1486331224441528,1.1486331224441528
1789714800000,1.1486331224441528,1.1488970518112183,1.1482374668121338,1.1482374668121338
1789715700000,1.1482374668121338,1.1485011577606201,1.1482374668121338,1.1482374668121338
1789716600000,1.1485011577606201,1.1487650871276855,1.1482374668121338,1.1487650871276855
1789717500000,1.1488970518112183,1.1490291357040405,1.1487650871276855,1.1488970518112183
1789718400000,1.1487650871276855,1.1494252681732178,1.1487650871276855,1.1492931842803955
1789719300000,1.1491611003875732,1.1491611003875732,1.1486331224441528,1.1486331224441528
1789720200000,1.1486331224441528,1.1486331224441528,1.1481056213378906,1.148369312286377
1789721100000,1.1482374668121338,1.1486331224441528,1.1482374668121338,1.1486331224441528
1789722000000,1.1485011577606201,1.1486331224441528,1.1485011577606201,1.1485011577606201
1789722900000,1.1485011577606201,1.1486331224441528,1.1485011577606201,1.1485011577606201
1789723800000,1.1485011577606201,1.1490291357040405,1.1485011577606201,1.1488970518112183
1789724700000,1.1488970518112183,1.1488970518112183,1.1486331224441528,1.1486331224441528
1789725600000,1.1487650871276855,1.1487650871276855,1.1486331224441528,1.1487650871276855
1789726500000,1.1487650871276855,1.1487650871276855,1.1486331224441528,1.1486331224441528
1789727400000,1.1486331224441528,1.1486331224441528,1.1477103233337402,1.1477103233337402
1789728300000,1.1475785970687866,1.1477103233337402,1.147446870803833,1.1475785970687866
1789729200000,1.1477103233337402,1.1479737758636475,1.147446870803833,1.147446870803833
1789730100000,1.147446870803833,1.147446870803833,1.1467890739440918,1.1467890739440918
1789731000000,1.1467890739440918,1.1467890739440918,1.1461317539215088,1.1461317539215088
1789731900000,1.1463946104049683,1.1465259790420532,1.1461317539215088,1.1463946104049683
1789732800000,1.1463946104049683,1.1465259790420532,1.1461317539215088,1.1463946104049683
1789733700000,1.1462632417678833,1.1463946104049683,1.1458691358566284,1.1461317539215088
1789734600000,1.1461317539215088,1.1467890739440918,1.1461317539215088,1.1466574668884277
1789735500000,1.1466574668884277,1.147315263748169,1.1466574668884277,1.1471836566925049
1789736400000,1.1471836566925049,1.1471836566925049,1.1467890739440918,1.1467890739440918
1789737300000,1.1469204425811768,1.1470520496368408,1.1466574668884277,1.1470520496368408
1789738200000,1.1470520496368408,1.1470520496368408,1.1463946104049683,1.1466574668884277
1789739100000,1.1466574668884277,1.1469204425811768,1.1462632417678833,1.1462632417678833
1789740000000,1.1462632417678833,1.1467890739440918,1.1462632417678833,1.1466574668884277
1789740900000,1.1467890739440918,1.1467890739440918,1.1462632417678833,1.1466574668884277
1789741800000,1.1465259790420532,1.1467890739440918,1.1463946104049683,1.1467890739440918
1789742700000,1.1466574668884277,1.1466574668884277,1.1463946104049683,1.1465259790420532
1789743600000,1.1465259790420532,1.1467890739440918,1.1462632417678833,1.1467890739440918
1789744500000,1.1467890739440918,1.1471836566925049,1.1467890739440918,1.1470520496368408
1789745400000,1.1471836566925049,1.1471836566925049,1.1467890739440918,1.1467890739440918
1789746300000,1.1467890739440918,1.1469204425811768,1.1463946104049683,1.1467890739440918
1789747200000,1.1466574668884277,1.147315263748169,1.1466574668884277,1.147315263748169
1789748100000,1.1471836566925049,1.147446870803833,1.1471836566925049,1.147446870803833
1789749000000,1.1475785970687866,1.1478420495986938,1.1475785970687866,1.1477103233337402
1789749900000,1.1477103233337402,1.1478420495986938,1.1477103233337402,1.1477103233337402
1789750800000,1.1477103233337402,1.1486331224441528,1.1477103233337402,1.1486331224441528
1789751700000,1.1486331224441528,1.1488970518112183,1.1485011577606201,1.1487650871276855
1789752600000,1.1486331224441528,1.1487650871276855,1.1485011577606201,1.1485011577606201
1789753500000,1.1485011577606201,1.1486331224441528,1.148369312286377,1.148369312286377
1789754400000,1.148369312286377,1.1486331224441528,1.148369312286377,1.1486331224441528
1789755300000,1.1485011577606201,1.1485011577606201,1.148369312286377,1.1485011577606201
1789756200000,1.1485011577606201,1.1486331224441528,1.148369312286377,1.1485011577606201
1789757100000,1.1485011577606201,1.1486331224441528,1.1485011577606201,1.1486331224441528
1789758000000,1.1487650871276855,1.1488970518112183,1.1486331224441528,1.1488970518112183
1789758900000,1.1488970518112183,1.1492931842803955,1.1488970518112183,1.1491611003875732
1789759800000,1.1491611003875732,1.1491611003875732,1.1490291357040405,1.1490291357040405
1789760700000,1.1490291357040405,1.1490291357040405,1.1488970518112183,1.1488970518112183
1789761600000,1.1490291357040405,1.1491611003875732,1.1490291357040405,1.1490291357040405
1789762500000,1.1491611003875732,1.1491611003875732,1.1490291357040405,1.1491611003875732
1789763400000,1.1491611003875732,1.1491611003875732,1.1488970518112183,1.1488970518112183
1789764300000,1.1488970518112183,1.1490291357040405,1.1488970518112183,1.1490291357040405
1789765200000,1.1488970518112183,1.1488970518112183,1.1488970518112183,1.1488970518112183
1789766100000,1.1488970518112183,1.1488970518112183,1.1488970518112183,1.1488970518112183
1789945200000,1.148369312286377,1.148369312286377,1.1482374668121338,1.148369312286377
1789946100000,1.148369312286377,1.148369312286377,1.1482374668121338,1.148369312286377
1789947000000,1.148369312286377,1.148369312286377,1.1482374668121338,1.1482374668121338
1789947900000,1.1482374668121338,1.1482374668121338,1.1481056213378906,1.1481056213378906
1789948800000,1.1482374668121338,1.1482374668121338,1.1481056213378906,1.1482374668121338
1789949700000,1.148369312286377,1.1485011577606201,1.1482374668121338,1.1485011577606201
1789950600000,1.1485011577606201,1.1487650871276855,1.1485011577606201,1.1487650871276855
1789951500000,1.1487650871276855,1.1487650871276855,1.1485011577606201,1.1485011577606201
1789952400000,1.1485011577606201,1.1486331224441528,1.148369312286377,1.1486331224441528
1789953300000,1.1486331224441528,1.1488970518112183,1.1486331224441528,1.1487650871276855
1789954200000,1.1487650871276855,1.1488970518112183,1.1486331224441528,1.1487650871276855
1789955100000,1.1487650871276855,1.1488970518112183,1.1486331224441528,1.1486331224441528
1789956000000,1.1486331224441528,1.1486331224441528,1.148369312286377,1.1485011577606201
1789956900000,1.1485011577606201,1.1485011577606201,1.1485011577606201,1.1485011577606201
1789957800000,1.1485011577606201,1.1485011577606201,1.148369312286377,1.1485011577606201
1789958700000,1.1485011577606201,1.1485011577606201,1.1482374668121338,1.1482374668121338
